stimulus_id,base_id,source_id,source_sha256,source_license,combination_id,compact_id,content,outline,shading,material,polarity,design_tag,is_conflict,face_cues,vase_cues,figure_region,figure_color,background_color,third_color,shade_color,content_face_accent_side,shadow_dx,shadow_dy,shadow_pair_mirrored,shadow_seed,seed,config_version,png_path,svg_path,file_sha256,svg_sha256,mean_luminance,rms_contrast,edge_energy,center_area_ratio,path_length,convexity_proxy,params_json
wm-cc0-classic__cf-oa-sn-ma-pbg,wm-cc0-classic,wm-cc0-classic,596EEB6B073D2C83ECB93EDF53BF7EB1B7ADF8A7511997D49E7535B276479706,CC0-1.0,content-face__outline-ambiguous__shading-none__material-ambiguous__polarity-outer-black_center-gray,cf-oa-sn-ma-pbg,face,ambiguous,none,ambiguous,outer-black_center-gray,face,False,content,,vase,gray,black,white,,right,0.0,0.0,False,6537755661355882126,78108,v1,png/wm-cc0-classic__cf-oa-sn-ma-pbg.png,svg/wm-cc0-classic__cf-oa-sn-ma-pbg.svg,25ec0f536e30ef0a35b724eeec4c6b61c55e917701163dcd40ebde7898ec9f4d,3a19e2d094a39c0378f81706d2a114fb5853ae0a487e7482bdfac9f0540d3d7a,0.4495244493671493,0.7800386208380077,0.0009118364323979836,0.24389069829301963,2.059891247081372,0.4555898515692527,"{""fixation_baked_in"":false,""palette_values"":{""black"":24,""gray"":133,""white"":232},""render"":{""background_color"":""black"",""content_face_accent_side"":""right"",""figure_color"":""gray"",""figure_region"":""vase"",""fixation_baked_in"":false,""shade_color"":"""",""shadow_dx"":0.0,""shadow_dy"":0.0,""shadow_max_radius"":0.065,""shadow_min_abs_component"":0.02,""shadow_pair_mirrored"":false,""shadow_seed"":6537755661355882126,""third_color"":""white""}}"
wm-cc0-classic__cf-oa-sn-ma-pbw,wm-cc0-classic,wm-cc0-classic,596EEB6B073D2C83ECB93EDF53BF7EB1B7ADF8A7511997D49E7535B276479706,CC0-1.0,content-face__outline-ambiguous__shading-none__material-ambiguous__polarity-outer-black_center-white,cf-oa-sn-ma-pbw,face,ambiguous,none,ambiguous,outer-black_center-white,face,False,content,,vase,white,black,gray,,right,0.0,0.0,False,16672781121864907757,78108,v1,png/wm-cc0-classic__cf-oa-sn-ma-pbw.png,svg/wm-cc0-classic__cf-oa-sn-ma-pbw.svg,f5944e894f183f4645917834cf66d24997d5e2f37b58d596872d6dd158536ffb,2b95d067d8a04b3c7ba36fb0e464de096358f781f40f199ddeaac9c9fc33c9e0,0.4245326958450617,0.7774084676656892,0.0012662930748423514,0.24389069829301963,2.059891247081372,0.4555898515692527,"{""fixation_baked_in"":false,""palette_values"":{""black"":24,""gray"":133,""white"":232},""render"":{""background_color"":""black"",""content_face_accent_side"":""right"",""figure_color"":""white"",""figure_region"":""vase"",""fixation_baked_in"":false,""shade_color"":"""",""shadow_dx"":0.0,""shadow_dy"":0.0,""shadow_max_radius"":0.065,""shadow_min_abs_component"":0.02,""shadow_pair_mirrored"":false,""shadow_seed"":16672781121864907757,""third_color"":""gray""}}"
wm-cc0-classic__cf-oa-sn-ma-pgb,wm-cc0-classic,wm-cc0-classic,596EEB6B073D2C83ECB93EDF53BF7EB1B7ADF8A7511997D49E7535B276479706,CC0-1.0,content-face__outline-ambiguous__shading-none__material-ambiguous__polarity-outer-gray_center-black,cf-oa-sn-ma-pgb,face,ambiguous,none,ambiguous,outer-gray_center-black,face,False,content,,vase,black,gray,white,,right,0.0,0.0,False,11053449214504062205,78108,v1,png/wm-cc0-classic__cf-oa-sn-ma-pgb.png,svg/wm-cc0-classic__cf-oa-sn-ma-pgb.svg,486f1cd896b982dc6213cf7088f447dc1543964a67ac95e3ed0ec63742e7b6e0,3d748692cfe5fc50345d8ee64702306d96c008b3d3f797d72c028ec428f3d5aa,0.5370034161735984,0.5603862356409728,0.001067360557064957,0.24389069829301963,2.059891247081372,0.4555898515692527,"{""fixation_baked_in"":false,""palette_values"":{""black"":24,""gray"":133,""white"":232},""render"":{""background_color"":""gray"",""content_face_accent_side"":""right"",""figure_color"":""black"",""figure_region"":""vase"",""fixation_baked_in"":false,""shade_color"":"""",""shadow_dx"":0.0,""shadow_dy"":0.0,""shadow_max_radius"":0.065,""shadow_min_abs_component"":0.02,""shadow_pair_mirrored"":false,""shadow_seed"":11053449214504062205,""third_color"":""white""}}"
wm-cc0-classic__cf-oa-sn-ma-pgw,wm-cc0-classic,wm-cc0-classic,596EEB6B073D2C83ECB93EDF53BF7EB1B7ADF8A7511997D49E7535B276479706,CC0-1.0,content-face__outline-ambiguous__shading-none__material-ambiguous__polarity-outer-gray_center-white,cf-oa-sn-ma-pgw,face,ambiguous,none,ambiguous,outer-gray_center-white,face,False,content,,vase,white,gray,black,,right,0.0,0.0,False,18398718787172018233,78108,v1,png/wm-cc0-classic__cf-oa-sn-ma-pgw.png,svg/wm-cc0-classic__cf-oa-sn-ma-pgw.svg,c8c23ea8f332f75c9c2d1fd4a60cdbd58ea2af57a7d0ee6b098a04b6698ad726,67e3162988e82c3be6d23346143d82a0773a1e315d13df36cb2a458cebeef0b3,0.4844984877343272,0.624294266998834,0.001034613808866655,0.24389069829301963,2.059891247081372,0.4555898515692527,"{""fixation_baked_in"":false,""palette_values"":{""black"":24,""gray"":133,""white"":232},""render"":{""background_color"":""gray"",""content_face_accent_side"":""right"",""figure_color"":""white"",""figure_region"":""vase"",""fixation_baked_in"":false,""shade_color"":"""",""shadow_dx"":0.0,""shadow_dy"":0.0,""shadow_max_radius"":0.065,""shadow_min_abs_component"":0.02,""shadow_pair_mirrored"":false,""shadow_seed"":18398718787172018233,""third_color"":""black""}}"
wm-cc0-classic__cf-oa-sn-ma-pwb,wm-cc0-classic,wm-cc0-classic,596EEB6B073D2C83ECB93EDF53BF7EB1B7ADF8A7511997D49E7535B276479706,CC0-1.0,content-face__outline-ambiguous__shading-none__material-ambiguous__polarity-outer-white_center-black,cf-oa-sn-ma-pwb,face,ambiguous,none,ambiguous,outer-white_center-black,face,False,content,,vase,black,white,gray,,right,0.0,0.0,False,925776035248934195,78108,v1,png/wm-cc0-classic__cf-oa-sn-ma-pwb.png,svg/wm-cc0-classic__cf-oa-sn-ma-pwb.svg,b2c07750667c995beb4a0a6317b82b6f5c600dbf677e7b80bf1de0d43b95527d,981749eec89399c1eb483f30e59ec811c7d9dd2ffcc122caa1b3dfc20fa2a506,0.5914675993077896,0.552813609557939,0.0012730932426734134,0.24389069829301963,2.059891247081372,0.4555898515692527,"{""fixation_baked_in"":false,""palette_values"":{""black"":24,""gray"":133,""white"":232},""render"":{""background_color"":""white"",""content_face_accent_side"":""right"",""figure_color"":""black"",""figure_region"":""vase"",""fixation_baked_in"":false,""shade_color"":"""",""shadow_dx"":0.0,""shadow_dy"":0.0,""shadow_max_radius"":0.065,""shadow_min_abs_component"":0.02,""shadow_pair_mirrored"":false,""shadow_seed"":925776035248934195,""third_color"":""gray""}}"
wm-cc0-classic__cf-oa-sn-ma-pwg,wm-cc0-classic,wm-cc0-classic,596EEB6B073D2C83ECB93EDF53BF7EB1B7ADF8A7511997D49E7535B276479706,CC0-1.0,content-face__outline-ambiguous__shading-none__material-ambiguous__polarity-outer-white_center-gray,cf-oa-sn-ma-pwg,face,ambiguous,none,ambiguous,outer-white_center-gray,face,False,content,,vase,gray,white,black,,right,0.0,0.0,False,4229972818563491727,78108,v1,png/wm-cc0-classic__cf-oa-sn-ma-pwg.png,svg/wm-cc0-classic__cf-oa-sn-ma-pwg.svg,d666eec1d31db231e8f3698d304871e5b43c43ca5ff67e394b40a2a0ab551585,15cd62af0188fb2a9731e27f4ce885cfa8f3ac7d9973c0e94a0e9fe6cc64685f,0.5639521393121458,0.6190190215274148,0.0008933545008912655,0.24389069829301963,2.059891247081372,0.4555898515692527,"{""fixation_baked_in"":false,""palette_values"":{""black"":24,""gray"":133,""white"":232},""render"":{""background_color"":""white"",""content_face_accent_side"":""right"",""figure_color"":""gray"",""figure_region"":""vase"",""fixation_baked_in"":false,""shade_color"":"""",""shadow_dx"":0.0,""shadow_dy"":0.0,""shadow_max_radius"":0.065,""shadow_min_abs_component"":0.02,""shadow_pair_mirrored"":false,""shadow_seed"":4229972818563491727,""third_color"":""black""}}"
wm-cc0-classic__cf-oa-sn-mv-pbg,wm-cc0-classic,wm-cc0-classic,596EEB6B073D2C83ECB93EDF53BF7EB1B7ADF8A7511997D49E7535B276479706,CC0-1.0,content-face__outline-ambiguous__shading-none__material-vase__polarity-outer-black_center-gray,cf-oa-sn-mv-pbg,face,ambiguous,none,vase,outer-black_center-gray,conflict,True,content,material,vase,gray,black,white,,right,0.0,0.0,False,11399679738863120094,78108,v1,png/wm-cc0-classic__cf-oa-sn-mv-pbg.png,svg/wm-cc0-classic__cf-oa-sn-mv-pbg.svg,93fefb762bf9e66a7abf6ae16a49f84f459c17b9d5987b9061242ecb0b5180b8,4344420b53ccdf2b42e27f2200589f52112878a2774194533e6caaf25e15c3fe,0.47213969511144316,0.7768741417303244,0.0026361141658520692,0.24389069829301963,2.059891247081372,0.4555898515692527,"{""fixation_baked_in"":false,""palette_values"":{""black"":24,""gray"":133,""white"":232},""render"":{""background_color"":""black"",""content_face_accent_side"":""right"",""figure_color"":""gray"",""figure_region"":""vase"",""fixation_baked_in"":false,""shade_color"":"""",""shadow_dx"":0.0,""shadow_dy"":0.0,""shadow_max_radius"":0.065,""shadow_min_abs_component"":0.02,""shadow_pair_mirrored"":false,""shadow_seed"":11399679738863120094,""third_color"":""white""}}"
wm-cc0-classic__cf-oa-sn-mv-pbw,wm-cc0-classic,wm-cc0-classic,596EEB6B073D2C83ECB93EDF53BF7EB1B7ADF8A7511997D49E7535B276479706,CC0-1.0,content-face__outline-ambiguous__shading-none__material-vase__polarity-outer-black_center-white,cf-oa-sn-mv-pbw,face,ambiguous,none,vase,outer-black_center-white,conflict,True,content,material,vase,white,black,gray,,right,0.0,0.0,False,18316512921193512292,78108,v1,png/wm-cc0-classic__cf-oa-sn-mv-pbw.png,svg/wm-cc0-classic__cf-oa-sn-mv-pbw.svg,11a2d267b25c17814936bae8e997bb323a31fb2042ddcab726e768c80b4f01d9,fb62e6fc3e1c5557e3b0622b5bbaa21f93e8e15f83c46f3d31fc374378b8d515,0.3972393783868528,0.7451206190789537,0.0019785456108763148,0.24389069829301963,2.059891247081372,0.4555898515692527,"{""fixation_baked_in"":false,""palette_values"":{""black"":24,""gray"":133,""white"":232},""render"":{""background_color"":""black"",""content_face_accent_side"":""right"",""figure_color"":""white"",""figure_region"":""vase"",""fixation_baked_in"":false,""shade_color"":"""",""shadow_dx"":0.0,""shadow_dy"":0.0,""shadow_max_radius"":0.065,""shadow_min_abs_component"":0.02,""shadow_pair_mirrored"":false,""shadow_seed"":18316512921193512292,""third_color"":""gray""}}"
wm-cc0-classic__cf-oa-sn-mv-pgb,wm-cc0-classic,wm-cc0-classic,596EEB6B073D2C83ECB93EDF53BF7EB1B7ADF8A7511997D49E7535B276479706,CC0-1.0,content-face__outline-ambiguous__shading-none__material-vase__polarity-outer-gray_center-black,cf-oa-sn-mv-pgb,face,ambiguous,none,vase,outer-gray_center-black,conflict,True,content,material,vase,black,gray,white,,right,0.0,0.0,False,13931403291596237075,78108,v1,png/wm-cc0-classic__cf-oa-sn-mv-pgb.png,svg/wm-cc0-classic__cf-oa-sn-mv-pgb.svg,4dedca3b336b36b0eba85d500a6a10fc894f03ed615cddeff721914fd1e10138,d701b5039165543312452f50eca11b62dfe5c3c4a11f5601d3573ced42e2b207,0.5741563983992035,0.4377379059912082,0.0021065452467032755,0.24389069829301963,2.059891247081372,0.4555898515692527,"{""fixation_baked_in"":false,""palette_values"":{""black"":24,""gray"":133,""white"":232},""render"":{""background_color"":""gray"",""content_face_accent_side"":""right"",""figure_color"":""black"",""figure_region"":""vase"",""fixation_baked_in"":false,""shade_color"":"""",""shadow_dx"":0.0,""shadow_dy"":0.0,""shadow_max_radius"":0.065,""shadow_min_abs_component"":0.02,""shadow_pair_mirrored"":false,""shadow_seed"":13931403291596237075,""third_color"":""white""}}"
wm-cc0-classic__cf-oa-sn-mv-pgw,wm-cc0-classic,wm-cc0-classic,596EEB6B073D2C83ECB93EDF53BF7EB1B7ADF8A7511997D49E7535B276479706,CC0-1.0,content-face__outline-ambiguous__shading-none__material-vase__polarity-outer-gray_center-white,cf-oa-sn-mv-pgw,face,ambiguous,none,vase,outer-gray_center-white,conflict,True,content,material,vase,white,gray,black,,right,0.0,0.0,False,5917138190231548300,78108,v1,png/wm-cc0-classic__cf-oa-sn-mv-pgw.png,svg/wm-cc0-classic__cf-oa-sn-mv-pgw.svg,26f22a913153ee02af5959abdf6f5a82ec728abff64db85bca8b3969599f2d46,c1935c1325395e51f77aaab1f65443a7c94a2645a7d0a8cae345852e88def09f,0.45709606993432145,0.5929965774319262,0.001763918238360838,0.24389069829301963,2.059891247081372,0.4555898515692527,"{""fixation_baked_in"":false,""palette_values"":{""black"":24,""gray"":133,""white"":232},""render"":{""background_color"":""gray"",""content_face_accent_side"":""right"",""figure_color"":""white"",""figure_region"":""vase"",""fixation_baked_in"":false,""shade_color"":"""",""shadow_dx"":0.0,""shadow_dy"":0.0,""shadow_max_radius"":0.065,""shadow_min_abs_component"":0.02,""shadow_pair_mirrored"":false,""shadow_seed"":5917138190231548300,""third_color"":""black""}}"
wm-cc0-classic__cf-oa-sn-mv-pwb,wm-cc0-classic,wm-cc0-classic,596EEB6B073D2C83ECB93EDF53BF7EB1B7ADF8A7511997D49E7535B276479706,CC0-1.0,content-face__outline-ambiguous__shading-none__material-vase__polarity-outer-white_center-black,cf-oa-sn-mv-pwb,face,ambiguous,none,vase,outer-white_center-black,conflict,True,content,material,vase,black,white,gray,,right,0.0,0.0,False,16653520174798261133,78108,v1,png/wm-cc0-classic__cf-oa-sn-mv-pwb.png,svg/wm-cc0-classic__cf-oa-sn-mv-pwb.svg,1f7d2a0aeca466a50cfdfac80f8a064567b89857d0570d28ad86693a382ee274,46f8335aa5336e496f2ae41024b6b46d4fe663ca87f2d5a2c58b08c9e353d3f2,0.6285215602201575,0.4371123184902408,0.0022903182381212505,0.24389069829301963,2.059891247081372,0.4555898515692527,"{""fixation_baked_in"":false,""palette_values"":{""black"":24,""gray"":133,""white"":232},""render"":{""background_color"":""white"",""content_face_accent_side"":""right"",""figure_color"":""black"",""figure_region"":""vase"",""fixation_baked_in"":false,""shade_color"":"""",""shadow_dx"":0.0,""shadow_dy"":0.0,""shadow_max_radius"":0.065,""shadow_min_abs_component"":0.02,""shadow_pair_mirrored"":false,""shadow_seed"":16653520174798261133,""third_color"":""gray""}}"
wm-cc0-classic__cf-oa-sn-mv-pwg,wm-cc0-classic,wm-cc0-classic,596EEB6B073D2C83ECB93EDF53BF7EB1B7ADF8A7511997D49E7535B276479706,CC0-1.0,content-face__outline-ambiguous__shading-none__material-vase__polarity-outer-white_center-gray,cf-oa-sn-mv-pwg,face,ambiguous,none,vase,outer-white_center-gray,conflict,True,content,material,vase,gray,white,black,,right,0.0,0.0,False,13799636130137117068,78108,v1,png/wm-cc0-classic__cf-oa-sn-mv-pwg.png,svg/wm-cc0-classic__cf-oa-sn-mv-pwg.svg,eec4a875f90eae87c69998e06aa3c37a11e69a3395e40d33daf0b0dd93d6d65c,57927115f3c47e0677efb20de307dda6e506d41f1d21102726fd2e2ef80ca0c4,0.5863607780606139,0.611004395256229,0.002242629089759071,0.24389069829301963,2.059891247081372,0.4555898515692527,"{""fixation_baked_in"":false,""palette_values"":{""black"":24,""gray"":133,""white"":232},""render"":{""background_color"":""white"",""content_face_accent_side"":""right"",""figure_color"":""gray"",""figure_region"":""vase"",""fixation_baked_in"":false,""shade_color"":"""",""shadow_dx"":0.0,""shadow_dy"":0.0,""shadow_max_radius"":0.065,""shadow_min_abs_component"":0.02,""shadow_pair_mirrored"":false,""shadow_seed"":13799636130137117068,""third_color"":""black""}}"
wm-cc0-classic__cf-of-sn-ma-pbg,wm-cc0-classic,wm-cc0-classic,596EEB6B073D2C83ECB93EDF53BF7EB1B7ADF8A7511997D49E7535B276479706,CC0-1.0,content-face__outline-face__shading-none__material-ambiguous__polarity-outer-black_center-gray,cf-of-sn-ma-pbg,face,face,none,ambiguous,outer-black_center-gray,face,False,content|outline,,face,black,gray,white,,right,0.0,0.0,False,2963094739186314911,78108,v1,png/wm-cc0-classic__cf-of-sn-ma-pbg.png,svg/wm-cc0-classic__cf-of-sn-ma-pbg.svg,3f48800285c5decf04e35d22a4c29aceab29b5dc8d5f09901fc6391cfba447ed,6f54281f3b30ed136f0242ef78d4b9e98b8a4987b13bfd7b8cd323598340918f,0.5093841253542433,0.6283616581556806,0.000710423809369789,0.24389069829301963,2.059891247081372,0.4555898515692527,"{""fixation_baked_in"":false,""palette_values"":{""black"":24,""gray"":133,""white"":232},""render"":{""background_color"":""gray"",""content_face_accent_side"":""right"",""figure_color"":""black"",""figure_region"":""face"",""fixation_baked_in"":false,""shade_color"":"""",""shadow_dx"":0.0,""shadow_dy"":0.0,""shadow_max_radius"":0.065,""shadow_min_abs_component"":0.02,""shadow_pair_mirrored"":false,""shadow_seed"":2963094739186314911,""third_color"":""white""}}"
wm-cc0-classic__cf-of-sn-ma-pbw,wm-cc0-classic,wm-cc0-classic,596EEB6B073D2C83ECB93EDF53BF7EB1B7ADF8A7511997D49E7535B276479706,CC0-1.0,content-face__outline-face__shading-none__material-ambiguous__polarity-outer-black_center-white,cf-of-sn-ma-pbw,face,face,none,ambiguous,outer-black_center-white,face,False,content|outline,,face,black,white,gray,,right,0.0,0.0,False,16143954776005932702,78108,v1,png/wm-cc0-classic__cf-of-sn-ma-pbw.png,svg/wm-cc0-classic__cf-of-sn-ma-pbw.svg,072f0595a9515d662998cba3296f6f9dde4b92173c668fea04447ab9c85350eb,8d4ae2efd96dde803f0e2453f2cd8e399fbb88323b600cc79087a6d0f92c396e,0.5387618046180875,0.6255547777937321,0.0010794091891399766,0.24389069829301963,2.059891247081372,0.4555898515692527,"{""fixation_baked_in"":false,""palette_values"":{""black"":24,""gray"":133,""white"":232},""render"":{""background_color"":""white"",""content_face_accent_side"":""right"",""figure_color"":""black"",""figure_region"":""face"",""fixation_baked_in"":false,""shade_color"":"""",""shadow_dx"":0.0,""shadow_dy"":0.0,""shadow_max_radius"":0.065,""shadow_min_abs_component"":0.02,""shadow_pair_mirrored"":false,""shadow_seed"":16143954776005932702,""third_color"":""gray""}}"
wm-cc0-classic__cf-of-sn-ma-pgb,wm-cc0-classic,wm-cc0-classic,596EEB6B073D2C83ECB93EDF53BF7EB1B7ADF8A7511997D49E7535B276479706,CC0-1.0,content-face__outline-face__shading-none__material-ambiguous__polarity-outer-gray_center-black,cf-of-sn-ma-pgb,face,face,none,ambiguous,outer-gray_center-black,face,False,content|outline,,face,gray,black,white,,right,0.0,0.0,False,11722273143468128800,78108,v1,png/wm-cc0-classic__cf-of-sn-ma-pgb.png,svg/wm-cc0-classic__cf-of-sn-ma-pgb.svg,20821c71cee1fdeff93ff670fdbdfc079707fc19a55349c456b9fa94c25a28fa,d669589e69afaa4b6fc752a765e65c0142fef773da431948db43ebeaec5252f0,0.4771444058885762,0.7087982343642776,0.0010829767971460335,0.24389069829301963,2.059891247081372,0.4555898515692527,"{""fixation_baked_in"":false,""palette_values"":{""black"":24,""gray"":133,""white"":232},""render"":{""background_color"":""black"",""content_face_accent_side"":""right"",""figure_color"":""gray"",""figure_region"":""face"",""fixation_baked_in"":false,""shade_color"":"""",""shadow_dx"":0.0,""shadow_dy"":0.0,""shadow_max_radius"":0.065,""shadow_min_abs_component"":0.02,""shadow_pair_mirrored"":false,""shadow_seed"":11722273143468128800,""third_color"":""white""}}"
wm-cc0-classic__cf-of-sn-ma-pgw,wm-cc0-classic,wm-cc0-classic,596EEB6B073D2C83ECB93EDF53BF7EB1B7ADF8A7511997D49E7535B276479706,CC0-1.0,content-face__outline-face__shading-none__material-ambiguous__polarity-outer-gray_center-white,cf-of-sn-ma-pgw,face,face,none,ambiguous,outer-gray_center-white,face,False,content|outline,,face,gray,white,black,,right,0.0,0.0,False,15584871923554792639,78108,v1,png/wm-cc0-classic__cf-of-sn-ma-pgw.png,svg/wm-cc0-classic__cf-of-sn-ma-pgw.svg,d07d40ba51fa2e225677a29fe78ef3bb19eba1c7abaecbc2d9cd2554371d442f,a458bcee0f85d282ba6f5ceb8effcd72bf8e99a12423a916fc9641a10c1e1d3f,0.5388664395201441,0.6255833985963032,0.0010488000109012323,0.24389069829301963,2.059891247081372,0.4555898515692527,"{""fixation_baked_in"":false,""palette_values"":{""black"":24,""gray"":133,""white"":232},""render"":{""background_color"":""white"",""content_face_accent_side"":""right"",""figure_color"":""gray"",""figure_region"":""face"",""fixation_baked_in"":false,""shade_color"":"""",""shadow_dx"":0.0,""shadow_dy"":0.0,""shadow_max_radius"":0.065,""shadow_min_abs_component"":0.02,""shadow_pair_mirrored"":false,""shadow_seed"":15584871923554792639,""third_color"":""black""}}"
wm-cc0-classic__cf-of-sn-ma-pwb,wm-cc0-classic,wm-cc0-classic,596EEB6B073D2C83ECB93EDF53BF7EB1B7ADF8A7511997D49E7535B276479706,CC0-1.0,content-face__outline-face__shading-none__material-ambiguous__polarity-outer-white_center-black,cf-of-sn-ma-pwb,face,face,none,ambiguous,outer-white_center-black,face,False,content|outline,,face,white,black,gray,,right,0.0,0.0,False,15766307612708827029,78108,v1,png/wm-cc0-classic__cf-of-sn-ma-pwb.png,svg/wm-cc0-classic__cf-of-sn-ma-pwb.svg,63ab2c083c1031d266aaa89326d23cd40e64ba1ee0a199bb51c4b88813f6156c,77a91a3128e7e8e7fed8c71b4357401cd8e55473a4df396d2dca8cd74c434bab,0.47723723018870645,0.708503006844035,0.001106078275640657,0.24389069829301963,2.059891247081372,0.4555898515692527,"{""fixation_baked_in"":false,""palette_values"":{""black"":24,""gray"":133,""white"":232},""render"":{""background_color"":""black"",""content_face_accent_side"":""right"",""figure_color"":""white"",""figure_region"":""face"",""fixation_baked_in"":false,""shade_color"":"""",""shadow_dx"":0.0,""shadow_dy"":0.0,""shadow_max_radius"":0.065,""shadow_min_abs_component"":0.02,""shadow_pair_mirrored"":false,""shadow_seed"":15766307612708827029,""third_color"":""gray""}}"
wm-cc0-classic__cf-of-sn-ma-pwg,wm-cc0-classic,wm-cc0-classic,596EEB6B073D2C83ECB93EDF53BF7EB1B7ADF8A7511997D49E7535B276479706,CC0-1.0,content-face__outline-face__shading-none__material-ambiguous__polarity-outer-white_center-gray,cf-of-sn-ma-pwg,face,face,none,ambiguous,outer-white_center-gray,face,False,content|outline,,face,white,gray,black,,right,0.0,0.0,False,12871934160480679476,78108,v1,png/wm-cc0-classic__cf-of-sn-ma-pwg.png,svg/wm-cc0-classic__cf-of-sn-ma-pwg.svg,4756fd65a0b831d97d5b5acdda685e530f7fb25cd2b606b6001790b389c8e5a3,9a168a63352a9d1bd8d01019d4ef7121202f92cc0ad13dc1e92d1a38be087fe6,0.5095841837864297,0.6281250810498967,0.00071043129647998,0.24389069829301963,2.059891247081372,0.4555898515692527,"{""fixation_baked_in"":false,""palette_values"":{""black"":24,""gray"":133,""white"":232},""render"":{""background_color"":""gray"",""content_face_accent_side"":""right"",""figure_color"":""white"",""figure_region"":""face"",""fixation_baked_in"":false,""shade_color"":"""",""shadow_dx"":0.0,""shadow_dy"":0.0,""shadow_max_radius"":0.065,""shadow_min_abs_component"":0.02,""shadow_pair_mirrored"":false,""shadow_seed"":12871934160480679476,""third_color"":""black""}}"
wm-cc0-classic__cf-of-sn-mv-pbg,wm-cc0-classic,wm-cc0-classic,596EEB6B073D2C83ECB93EDF53BF7EB1B7ADF8A7511997D49E7535B276479706,CC0-1.0,content-face__outline-face__shading-none__material-vase__polarity-outer-black_center-gray,cf-of-sn-mv-pbg,face,face,none,vase,outer-black_center-gray,conflict,True,content|outline,material,face,black,gray,white,,right,0.0,0.0,False,1354547438272504219,78108,v1,png/wm-cc0-classic__cf-of-sn-mv-pbg.png,svg/wm-cc0-classic__cf-of-sn-mv-pbg.svg,fefac25f2125760f55d75c8eb3b1ce7d1e278c8c2ee0331029f53dd43c04809f,6102b7add814aaa65b73bb094a55d9f812b7101cdd28574e2cd16aa5ac6b8840,0.5319247788073971,0.627395921822262,0.0024817580303749067,0.24389069829301963,2.059891247081372,0.4555898515692527,"{""fixation_baked_in"":false,""palette_values"":{""black"":24,""gray"":133,""white"":232},""render"":{""background_color"":""gray"",""content_face_accent_side"":""right"",""figure_color"":""black"",""figure_region"":""face"",""fixation_baked_in"":false,""shade_color"":"""",""shadow_dx"":0.0,""shadow_dy"":0.0,""shadow_max_radius"":0.065,""shadow_min_abs_component"":0.02,""shadow_pair_mirrored"":false,""shadow_seed"":1354547438272504219,""third_color"":""white""}}"
wm-cc0-classic__cf-of-sn-mv-pbw,wm-cc0-classic,wm-cc0-classic,596EEB6B073D2C83ECB93EDF53BF7EB1B7ADF8A7511997D49E7535B276479706,CC0-1.0,content-face__outline-face__shading-none__material-vase__polarity-outer-black_center-white,cf-of-sn-mv-pbw,face,face,none,vase,outer-black_center-white,conflict,True,content|outline,material,face,black,white,gray,,right,0.0,0.0,False,10893975042932598168,78108,v1,png/wm-cc0-classic__cf-of-sn-mv-pbw.png,svg/wm-cc0-classic__cf-of-sn-mv-pbw.svg,e7d65777f89491e3e9349cfbf951d5a9e7f7abc4e91f8e1f40e6e9e7cb1bceee,e41d3192a251e1906655435bfdd4aa218762e2ac32797f4ace3b30eb7f9ca1a1,0.5113236558203604,0.6138355574803523,0.0019400150700553925,0.24389069829301963,2.059891247081372,0.4555898515692527,"{""fixation_baked_in"":false,""palette_values"":{""black"":24,""gray"":133,""white"":232},""render"":{""background_color"":""white"",""content_face_accent_side"":""right"",""figure_color"":""black"",""figure_region"":""face"",""fixation_baked_in"":false,""shade_color"":"""",""shadow_dx"":0.0,""shadow_dy"":0.0,""shadow_max_radius"":0.065,""shadow_min_abs_component"":0.02,""shadow_pair_mirrored"":false,""shadow_seed"":10893975042932598168,""third_color"":""gray""}}"
wm-cc0-classic__cf-of-sn-mv-pgb,wm-cc0-classic,wm-cc0-classic,596EEB6B073D2C83ECB93EDF53BF7EB1B7ADF8A7511997D49E7535B276479706,CC0-1.0,content-face__outline-face__shading-none__material-vase__polarity-outer-gray_center-black,cf-of-sn-mv-pgb,face,face,none,vase,outer-gray_center-black,conflict,True,content|outline,material,face,gray,black,white,,right,0.0,0.0,False,17787271672015568040,78108,v1,png/wm-cc0-classic__cf-of-sn-mv-pgb.png,svg/wm-cc0-classic__cf-of-sn-mv-pgb.svg,57e9ba95e29ae4e84dc28adf70d199031f9d19b46fcf1d157836c37909e62d1b,fbd458f770fac37384a6be2baea0d8c5fe4844bad38994c8a63a1841a1a587f3,0.5143728256225586,0.5877479717927012,0.002244523328637418,0.24389069829301963,2.059891247081372,0.4555898515692527,"{""fixation_baked_in"":false,""palette_values"":{""black"":24,""gray"":133,""white"":232},""render"":{""background_color"":""black"",""content_face_accent_side"":""right"",""figure_color"":""gray"",""figure_region"":""face"",""fixation_baked_in"":false,""shade_color"":"""",""shadow_dx"":0.0,""shadow_dy"":0.0,""shadow_max_radius"":0.065,""shadow_min_abs_component"":0.02,""shadow_pair_mirrored"":false,""shadow_seed"":17787271672015568040,""third_color"":""white""}}"
wm-cc0-classic__cf-of-sn-mv-pgw,wm-cc0-classic,wm-cc0-classic,596EEB6B073D2C83ECB93EDF53BF7EB1B7ADF8A7511997D49E7535B276479706,CC0-1.0,content-face__outline-face__shading-none__material-vase__polarity-outer-gray_center-white,cf-of-sn-mv-pgw,face,face,none,vase,outer-gray_center-white,conflict,True,content|outline,material,face,gray,white,black,,right,0.0,0.0,False,8950406769879907185,78108,v1,png/wm-cc0-classic__cf-of-sn-mv-pgw.png,svg/wm-cc0-classic__cf-of-sn-mv-pgw.svg,b2b19640105a0efca36b548a8a29c9b6f4f3d37a18152eed32a57f23af42e803,46cc0ec2f085970762e12b6465aff9e985d31735ac788cceba5233d8f4f88f82,0.5113956488815008,0.6139180317028788,0.001924365137978456,0.24389069829301963,2.059891247081372,0.4555898515692527,"{""fixation_baked_in"":false,""palette_values"":{""black"":24,""gray"":133,""white"":232},""render"":{""background_color"":""white"",""content_face_accent_side"":""right"",""figure_color"":""gray"",""figure_region"":""face"",""fixation_baked_in"":false,""shade_color"":"""",""shadow_dx"":0.0,""shadow_dy"":0.0,""shadow_max_radius"":0.065,""shadow_min_abs_component"":0.02,""shadow_pair_mirrored"":false,""shadow_seed"":8950406769879907185,""third_color"":""black""}}"
wm-cc0-classic__cf-of-sn-mv-pwb,wm-cc0-classic,wm-cc0-classic,596EEB6B073D2C83ECB93EDF53BF7EB1B7ADF8A7511997D49E7535B276479706,CC0-1.0,content-face__outline-face__shading-none__material-vase__polarity-outer-white_center-black,cf-of-sn-mv-pwb,face,face,none,vase,outer-white_center-black,conflict,True,content|outline,material,face,white,black,gray,,right,0.0,0.0,False,544040889204136529,78108,v1,png/wm-cc0-classic__cf-of-sn-mv-pwb.png,svg/wm-cc0-classic__cf-of-sn-mv-pwb.svg,c5863a18eb8598350425fc83e1e526c07d3e2e6f5e5372f5e8dcdc34c3f68b1a,69807809ff413d20316ee6538432820694173a35c0f210d99b3ff4a51b655fcc,0.5144361869961609,0.5875706456319193,0.002245620190280413,0.24389069829301963,2.059891247081372,0.4555898515692527,"{""fixation_baked_in"":false,""palette_values"":{""black"":24,""gray"":133,""white"":232},""render"":{""background_color"":""black"",""content_face_accent_side"":""right"",""figure_color"":""white"",""figure_region"":""face"",""fixation_baked_in"":false,""shade_color"":"""",""shadow_dx"":0.0,""shadow_dy"":0.0,""shadow_max_radius"":0.065,""shadow_min_abs_component"":0.02,""shadow_pair_mirrored"":false,""shadow_seed"":544040889204136529,""third_color"":""gray""}}"
wm-cc0-classic__cf-of-sn-mv-pwg,wm-cc0-classic,wm-cc0-classic,596EEB6B073D2C83ECB93EDF53BF7EB1B7ADF8A7511997D49E7535B276479706,CC0-1.0,content-face__outline-face__shading-none__material-vase__polarity-outer-white_center-gray,cf-of-sn-mv-pwg,face,face,none,vase,outer-white_center-gray,conflict,True,content|outline,material,face,white,gray,black,,right,0.0,0.0,False,8718693924048494582,78108,v1,png/wm-cc0-classic__cf-of-sn-mv-pwg.png,svg/wm-cc0-classic__cf-of-sn-mv-pwg.svg,2a952e157516109ec81a7f0c0857e4a6076fcb78dc4995a2303a4567bc5e6366,aee662323f5d43aadcd3ea06f25f12de2894d096895d81071bfa162e655bbd89,0.5320609859391756,0.6273288811871586,0.002138118390379123,0.24389069829301963,2.059891247081372,0.4555898515692527,"{""fixation_baked_in"":false,""palette_values"":{""black"":24,""gray"":133,""white"":232},""render"":{""background_color"":""gray"",""content_face_accent_side"":""right"",""figure_color"":""white"",""figure_region"":""face"",""fixation_baked_in"":false,""shade_color"":"""",""shadow_dx"":0.0,""shadow_dy"":0.0,""shadow_max_radius"":0.065,""shadow_min_abs_component"":0.02,""shadow_pair_mirrored"":false,""shadow_seed"":8718693924048494582,""third_color"":""black""}}"
wm-cc0-classic__ca-oa-sn-ma-pbg,wm-cc0-classic,wm-cc0-classic,596EEB6B073D2C83ECB93EDF53BF7EB1B7ADF8A7511997D49E7535B276479706,CC0-1.0,content-ambiguous__outline-ambiguous__shading-none__material-ambiguous__polarity-outer-black_center-gray,ca-oa-sn-ma-pbg,ambiguous,ambiguous,none,ambiguous,outer-black_center-gray,ambiguous,False,,,vase,gray,black,white,,,0.0,0.0,False,4971496657452939885,78108,v1,png/wm-cc0-classic__ca-oa-sn-ma-pbg.png,svg/wm-cc0-classic__ca-oa-sn-ma-pbg.svg,60fb004fe9e5a56e6aa7f4b318591cfa43b230401f65489d04c53db2bc284da7,634574ef91f14b3c1db36ec7cc2c314843bef4bf707009d93cbd5f92d4361179,0.1983412536920286,0.9241474157068487,0.0007294841201387692,0.24389069829301963,2.059891247081372,0.4555898515692527,"{""fixation_baked_in"":false,""palette_values"":{""black"":24,""gray"":133,""white"":232},""render"":{""background_color"":""black"",""content_face_accent_side"":"""",""figure_color"":""gray"",""figure_region"":""vase"",""fixation_baked_in"":false,""shade_color"":"""",""shadow_dx"":0.0,""shadow_dy"":0.0,""shadow_max_radius"":0.065,""shadow_min_abs_component"":0.02,""shadow_pair_mirrored"":false,""shadow_seed"":4971496657452939885,""third_color"":""white""}}"
wm-cc0-classic__ca-oa-sn-ma-pbw,wm-cc0-classic,wm-cc0-classic,596EEB6B073D2C83ECB93EDF53BF7EB1B7ADF8A7511997D49E7535B276479706,CC0-1.0,content-ambiguous__outline-ambiguous__shading-none__material-ambiguous__polarity-outer-black_center-white,ca-oa-sn-ma-pbw,ambiguous,ambiguous,none,ambiguous,outer-black_center-white,ambiguous,False,,,vase,white,black,gray,,,0.0,0.0,False,10259016587273189972,78108,v1,png/wm-cc0-classic__ca-oa-sn-ma-pbw.png,svg/wm-cc0-classic__ca-oa-sn-ma-pbw.svg,bbe856b82a9bef1c073253740cd337d21a5e67078befe0722332bdec187392c4,0acc3c956423bb87f8e47afab8ad0805dbd06aafe39cbaf9dc3c55bc99eb1f31,0.29299677680520453,1.193779119995319,0.001391999783173289,0.24389069829301963,2.059891247081372,0.4555898515692527,"{""fixation_baked_in"":false,""palette_values"":{""black"":24,""gray"":133,""white"":232},""render"":{""background_color"":""black"",""content_face_accent_side"":"""",""figure_color"":""white"",""figure_region"":""vase"",""fixation_baked_in"":false,""shade_color"":"""",""shadow_dx"":0.0,""shadow_dy"":0.0,""shadow_max_radius"":0.065,""shadow_min_abs_component"":0.02,""shadow_pair_mirrored"":false,""shadow_seed"":10259016587273189972,""third_color"":""gray""}}"
wm-cc0-classic__ca-oa-sn-ma-pgb,wm-cc0-classic,wm-cc0-classic,596EEB6B073D2C83ECB93EDF53BF7EB1B7ADF8A7511997D49E7535B276479706,CC0-1.0,content-ambiguous__outline-ambiguous__shading-none__material-ambiguous__polarity-outer-gray_center-black,ca-oa-sn-ma-pgb,ambiguous,ambiguous,none,ambiguous,outer-gray_center-black,ambiguous,False,,,vase,black,gray,white,,,0.0,0.0,False,13787402984811603196,78108,v1,png/wm-cc0-classic__ca-oa-sn-ma-pgb.png,svg/wm-cc0-classic__ca-oa-sn-ma-pgb.svg,f186a32a5a696884bc0678a2569ab17be35d2bacb513d040ac29bca1952f0c62,c03a4dc41ae3429fc591c8ce4a15d05ff4df7830ecbbe566109ebe800c0d6110,0.4173490786084942,0.4391881373717121,0.0007294504281429092,0.24389069829301963,2.059891247081372,0.4555898515692527,"{""fixation_baked_in"":false,""palette_values"":{""black"":24,""gray"":133,""white"":232},""render"":{""background_color"":""gray"",""content_face_accent_side"":"""",""figure_color"":""black"",""figure_region"":""vase"",""fixation_baked_in"":false,""shade_color"":"""",""shadow_dx"":0.0,""shadow_dy"":0.0,""shadow_max_radius"":0.065,""shadow_min_abs_component"":0.02,""shadow_pair_mirrored"":false,""shadow_seed"":13787402984811603196,""third_color"":""white""}}"
wm-cc0-classic__ca-oa-sn-ma-pgw,wm-cc0-classic,wm-cc0-classic,596EEB6B073D2C83ECB93EDF53BF7EB1B7ADF8A7511997D49E7535B276479706,CC0-1.0,content-ambiguous__outline-ambiguous__shading-none__material-ambiguous__polarity-outer-gray_center-white,ca-oa-sn-ma-pgw,ambiguous,ambiguous,none,ambiguous,outer-gray_center-white,ambiguous,False,,,vase,white,gray,black,,,0.0,0.0,False,11353301300149211688,78108,v1,png/wm-cc0-classic__ca-oa-sn-ma-pgw.png,svg/wm-cc0-classic__ca-oa-sn-ma-pgw.svg,5af8f17baff84be4c1dca3aecb4abe24ef90eb326acd706c7180077450f6d3ff,9925174589b2cd6a6026d45aacd89585eb0e9ffcc1503e4bca1dc1144f5ee500,0.6162250705793793,0.27015746272777535,0.0006625456114752841,0.24389069829301963,2.059891247081372,0.4555898515692527,"{""fixation_baked_in"":false,""palette_values"":{""black"":24,""gray"":133,""white"":232},""render"":{""background_color"":""gray"",""content_face_accent_side"":"""",""figure_color"":""white"",""figure_region"":""vase"",""fixation_baked_in"":false,""shade_color"":"""",""shadow_dx"":0.0,""shadow_dy"":0.0,""shadow_max_radius"":0.065,""shadow_min_abs_component"":0.02,""shadow_pair_mirrored"":false,""shadow_seed"":11353301300149211688,""third_color"":""black""}}"
wm-cc0-classic__ca-oa-sn-ma-pwb,wm-cc0-classic,wm-cc0-classic,596EEB6B073D2C83ECB93EDF53BF7EB1B7ADF8A7511997D49E7535B276479706,CC0-1.0,content-ambiguous__outline-ambiguous__shading-none__material-ambiguous__polarity-outer-white_center-black,ca-oa-sn-ma-pwb,ambiguous,ambiguous,none,ambiguous,outer-white_center-black,ambiguous,False,,,vase,black,white,gray,,,0.0,0.0,False,8422759857269738412,78108,v1,png/wm-cc0-classic__ca-oa-sn-ma-pwb.png,svg/wm-cc0-classic__ca-oa-sn-ma-pwb.svg,06b7987cc6d9a181097bf5092004dde58bfe9c32d7e258689d297c7f3bf32c78,e35badebcb6ac9c2104a9f4e8f1b97fdf81cef23d6852208a8acaae8efe7dce5,0.7109247918222465,0.4919978011730898,0.001391999783173289,0.24389069829301963,2.059891247081372,0.4555898515692527,"{""fixation_baked_in"":false,""palette_values"":{""black"":24,""gray"":133,""white"":232},""render"":{""background_color"":""white"",""content_face_accent_side"":"""",""figure_color"":""black"",""figure_region"":""vase"",""fixation_baked_in"":false,""shade_color"":"""",""shadow_dx"":0.0,""shadow_dy"":0.0,""shadow_max_radius"":0.065,""shadow_min_abs_component"":0.02,""shadow_pair_mirrored"":false,""shadow_seed"":8422759857269738412,""third_color"":""gray""}}"
wm-cc0-classic__ca-oa-sn-ma-pwg,wm-cc0-classic,wm-cc0-classic,596EEB6B073D2C83ECB93EDF53BF7EB1B7ADF8A7511997D49E7535B276479706,CC0-1.0,content-ambiguous__outline-ambiguous__shading-none__material-ambiguous__polarity-outer-white_center-gray,ca-oa-sn-ma-pwg,ambiguous,ambiguous,none,ambiguous,outer-white_center-gray,ambiguous,False,,,vase,gray,white,black,,,0.0,0.0,False,10610517502242241728,78108,v1,png/wm-cc0-classic__ca-oa-sn-ma-pwg.png,svg/wm-cc0-classic__ca-oa-sn-ma-pwg.svg,befc4644ee9e3ea8ef160b7250f074ccf204d8d46221417fc6ba1267146ada1c,c27c0bbfeccf1ba86b497948640348a31aaff9a4a0ada80f545dd0b625153a6e,0.8151409261366902,0.20423515318227528,0.0006625493550303796,0.24389069829301963,2.059891247081372,0.4555898515692527,"{""fixation_baked_in"":false,""palette_values"":{""black"":24,""gray"":133,""white"":232},""render"":{""background_color"":""white"",""content_face_accent_side"":"""",""figure_color"":""gray"",""figure_region"":""vase"",""fixation_baked_in"":false,""shade_color"":"""",""shadow_dx"":0.0,""shadow_dy"":0.0,""shadow_max_radius"":0.065,""shadow_min_abs_component"":0.02,""shadow_pair_mirrored"":false,""shadow_seed"":10610517502242241728,""third_color"":""black""}}"
wm-cc0-classic__ca-oa-sn-mv-pbg,wm-cc0-classic,wm-cc0-classic,596EEB6B073D2C83ECB93EDF53BF7EB1B7ADF8A7511997D49E7535B276479706,CC0-1.0,content-ambiguous__outline-ambiguous__shading-none__material-vase__polarity-outer-black_center-gray,ca-oa-sn-mv-pbg,ambiguous,ambiguous,none,vase,outer-black_center-gray,vase,False,,material,vase,gray,black,white,,,0.0,0.0,False,1663785233769117432,78108,v1,png/wm-cc0-classic__ca-oa-sn-mv-pbg.png,svg/wm-cc0-classic__ca-oa-sn-mv-pbg.svg,0a5c7bd02494d8def904d2945a6b095fe14271acc5a2e0ac47899b9554552fd1,8cbbeac37c4196cd0547ea72dfa26af23cac34556407834dd5500fd1c9590f4d,0.2211352105234184,1.076379724874017,0.0022324541070093723,0.24389069829301963,2.059891247081372,0.4555898515692527,"{""fixation_baked_in"":false,""palette_values"":{""black"":24,""gray"":133,""white"":232},""render"":{""background_color"":""black"",""content_face_accent_side"":"""",""figure_color"":""gray"",""figure_region"":""vase"",""fixation_baked_in"":false,""shade_color"":"""",""shadow_dx"":0.0,""shadow_dy"":0.0,""shadow_max_radius"":0.065,""shadow_min_abs_component"":0.02,""shadow_pair_mirrored"":false,""shadow_seed"":1663785233769117432,""third_color"":""white""}}"
wm-cc0-classic__ca-oa-sn-mv-pbw,wm-cc0-classic,wm-cc0-classic,596EEB6B073D2C83ECB93EDF53BF7EB1B7ADF8A7511997D49E7535B276479706,CC0-1.0,content-ambiguous__outline-ambiguous__shading-none__material-vase__polarity-outer-black_center-white,ca-oa-sn-mv-pbw,ambiguous,ambiguous,none,vase,outer-black_center-white,vase,False,,material,vase,white,black,gray,,,0.0,0.0,False,3160440741164335626,78108,v1,png/wm-cc0-classic__ca-oa-sn-mv-pbw.png,svg/wm-cc0-classic__ca-oa-sn-mv-pbw.svg,f7734c3c4efe5144b4e7d40ee8ab2f8bb3e72171c17a9513c28f60df5119ffc9,d9db5266247ec4fffb6235e5f7b596ccda77523a68cfabf3785de57bf1358f3e,0.2657501744289024,1.152686039534382,0.0021255419170356313,0.24389069829301963,2.059891247081372,0.4555898515692527,"{""fixation_baked_in"":false,""palette_values"":{""black"":24,""gray"":133,""white"":232},""render"":{""background_color"":""black"",""content_face_accent_side"":"""",""figure_color"":""white"",""figure_region"":""vase"",""fixation_baked_in"":false,""shade_color"":"""",""shadow_dx"":0.0,""shadow_dy"":0.0,""shadow_max_radius"":0.065,""shadow_min_abs_component"":0.02,""shadow_pair_mirrored"":false,""shadow_seed"":3160440741164335626,""third_color"":""gray""}}"
wm-cc0-classic__ca-oa-sn-mv-pgb,wm-cc0-classic,wm-cc0-classic,596EEB6B073D2C83ECB93EDF53BF7EB1B7ADF8A7511997D49E7535B276479706,CC0-1.0,content-ambiguous__outline-ambiguous__shading-none__material-vase__polarity-outer-gray_center-black,ca-oa-sn-mv-pgb,ambiguous,ambiguous,none,vase,outer-gray_center-black,vase,False,,material,vase,black,gray,white,,,0.0,0.0,False,16048520774292317131,78108,v1,png/wm-cc0-classic__ca-oa-sn-mv-pgb.png,svg/wm-cc0-classic__ca-oa-sn-mv-pgb.svg,64356cd18d438af08d377e238bf7405d1d35cf60c767be4f36df951b27edb42b,1ad2d2ef32a6df10942499ce76f8b178a321c9040d369f31a0bc2b3e7303e34e,0.4546371459960938,0.2706909713738169,0.0017686276306710367,0.24389069829301963,2.059891247081372,0.4555898515692527,"{""fixation_baked_in"":false,""palette_values"":{""black"":24,""gray"":133,""white"":232},""render"":{""background_color"":""gray"",""content_face_accent_side"":"""",""figure_color"":""black"",""figure_region"":""vase"",""fixation_baked_in"":false,""shade_color"":"""",""shadow_dx"":0.0,""shadow_dy"":0.0,""shadow_max_radius"":0.065,""shadow_min_abs_component"":0.02,""shadow_pair_mirrored"":false,""shadow_seed"":16048520774292317131,""third_color"":""white""}}"
wm-cc0-classic__ca-oa-sn-mv-pgw,wm-cc0-classic,wm-cc0-classic,596EEB6B073D2C83ECB93EDF53BF7EB1B7ADF8A7511997D49E7535B276479706,CC0-1.0,content-ambiguous__outline-ambiguous__shading-none__material-vase__polarity-outer-gray_center-white,ca-oa-sn-mv-pgw,ambiguous,ambiguous,none,vase,outer-gray_center-white,vase,False,,material,vase,white,gray,black,,,0.0,0.0,False,10857257862816213935,78108,v1,png/wm-cc0-classic__ca-oa-sn-mv-pgw.png,svg/wm-cc0-classic__ca-oa-sn-mv-pgw.svg,d61195d7b483d3c9fe2b6d3c7fa15a8f644ac64366641cd44395b8781e630456,847336563c5c255f421138205e693ac3c2100bf4e5767d2a7b8da1a26a2fd964,0.5886808021395815,0.2211819561034998,0.0014313370601173017,0.24389069829301963,2.059891247081372,0.4555898515692527,"{""fixation_baked_in"":false,""palette_values"":{""black"":24,""gray"":133,""white"":232},""render"":{""background_color"":""gray"",""content_face_accent_side"":"""",""figure_color"":""white"",""figure_region"":""vase"",""fixation_baked_in"":false,""shade_color"":"""",""shadow_dx"":0.0,""shadow_dy"":0.0,""shadow_max_radius"":0.065,""shadow_min_abs_component"":0.02,""shadow_pair_mirrored"":false,""shadow_seed"":10857257862816213935,""third_color"":""black""}}"
wm-cc0-classic__ca-oa-sn-mv-pwb,wm-cc0-classic,wm-cc0-classic,596EEB6B073D2C83ECB93EDF53BF7EB1B7ADF8A7511997D49E7535B276479706,CC0-1.0,content-ambiguous__outline-ambiguous__shading-none__material-vase__polarity-outer-white_center-black,ca-oa-sn-mv-pwb,ambiguous,ambiguous,none,vase,outer-white_center-black,vase,False,,material,vase,black,white,gray,,,0.0,0.0,False,9019724470919822196,78108,v1,png/wm-cc0-classic__ca-oa-sn-mv-pwb.png,svg/wm-cc0-classic__ca-oa-sn-mv-pwb.svg,ec89fc5e6c9ff0cf62ef964bc1f274c089cdb64cbb48df8798dfb0c00256dc5d,38294e57716bd44157af9ba5805412a1214d01d566196f8f687801f7396a7f41,0.7479416529337567,0.38293450937288637,0.002424438586529431,0.24389069829301963,2.059891247081372,0.4555898515692527,"{""fixation_baked_in"":false,""palette_values"":{""black"":24,""gray"":133,""white"":232},""render"":{""background_color"":""white"",""content_face_accent_side"":"""",""figure_color"":""black"",""figure_region"":""vase"",""fixation_baked_in"":false,""shade_color"":"""",""shadow_dx"":0.0,""shadow_dy"":0.0,""shadow_max_radius"":0.065,""shadow_min_abs_component"":0.02,""shadow_pair_mirrored"":false,""shadow_seed"":9019724470919822196,""third_color"":""gray""}}"
wm-cc0-classic__ca-oa-sn-mv-pwg,wm-cc0-classic,wm-cc0-classic,596EEB6B073D2C83ECB93EDF53BF7EB1B7ADF8A7511997D49E7535B276479706,CC0-1.0,content-ambiguous__outline-ambiguous__shading-none__material-vase__polarity-outer-white_center-gray,ca-oa-sn-mv-pwg,ambiguous,ambiguous,none,vase,outer-white_center-gray,vase,False,,material,vase,gray,white,black,,,0.0,0.0,False,3958595441993108210,78108,v1,png/wm-cc0-classic__ca-oa-sn-mv-pwg.png,svg/wm-cc0-classic__ca-oa-sn-mv-pwg.svg,93e8250117c6fd0051ef0cb55c60348a23d9445e179760c9ce8f5669531c4862,bbdbb91273e68fb378e3db540e3b6b080774a7820d83f6b33d3d95af6aa8f63b,0.83736821716907,0.18124825510888715,0.0022134331035688955,0.24389069829301963,2.059891247081372,0.4555898515692527,"{""fixation_baked_in"":false,""palette_values"":{""black"":24,""gray"":133,""white"":232},""render"":{""background_color"":""white"",""content_face_accent_side"":"""",""figure_color"":""gray"",""figure_region"":""vase"",""fixation_baked_in"":false,""shade_color"":"""",""shadow_dx"":0.0,""shadow_dy"":0.0,""shadow_max_radius"":0.065,""shadow_min_abs_component"":0.02,""shadow_pair_mirrored"":false,""shadow_seed"":3958595441993108210,""third_color"":""black""}}"
wm-cc0-classic__ca-oa-sf-ma-pbg,wm-cc0-classic,wm-cc0-classic,596EEB6B073D2C83ECB93EDF53BF7EB1B7ADF8A7511997D49E7535B276479706,CC0-1.0,content-ambiguous__outline-ambiguous__shading-figure__material-ambiguous__polarity-outer-black_center-gray,ca-oa-sf-ma-pbg,ambiguous,ambiguous,figure,ambiguous,outer-black_center-gray,vase,False,,shading,vase,gray,black,white,white,,0.033335220340671975,-0.02215630079229541,False,8344547112996676955,78108,v1,png/wm-cc0-classic__ca-oa-sf-ma-pbg.png,svg/wm-cc0-classic__ca-oa-sf-ma-pbg.svg,75d24428758e6f9f76cb45d4f539e62883541d97b35e10ef6ba028cc36d8e9d3,0837a7fb5f65781fb659e7ba2a10c7da2c8602f9c349071d983f79b01c1d2481,0.22973915922875499,0.9884914241850437,0.0014589008562858182,0.24389069829301963,2.059891247081372,0.4555898515692527,"{""fixation_baked_in"":false,""palette_values"":{""black"":24,""gray"":133,""white"":232},""render"":{""background_color"":""black"",""content_face_accent_side"":"""",""figure_color"":""gray"",""figure_region"":""vase"",""fixation_baked_in"":false,""shade_color"":""white"",""shadow_dx"":0.033335220340671975,""shadow_dy"":-0.02215630079229541,""shadow_max_radius"":0.065,""shadow_min_abs_component"":0.02,""shadow_pair_mirrored"":false,""shadow_seed"":8344547112996676955,""third_color"":""white""}}"
wm-cc0-classic__ca-oa-sf-ma-pbw,wm-cc0-classic,wm-cc0-classic,596EEB6B073D2C83ECB93EDF53BF7EB1B7ADF8A7511997D49E7535B276479706,CC0-1.0,content-ambiguous__outline-ambiguous__shading-figure__material-ambiguous__polarity-outer-black_center-white,ca-oa-sf-ma-pbw,ambiguous,ambiguous,figure,ambiguous,outer-black_center-white,vase,False,,shading,vase,white,black,gray,gray,,0.04702700667152893,0.03487371963962336,False,5021283479419606679,78108,v1,png/wm-cc0-classic__ca-oa-sf-ma-pbw.png,svg/wm-cc0-classic__ca-oa-sf-ma-pbw.svg,f750a7d503b5ec41072980b2221bf48b677ccdf59de36e2194eef6be1495e544,84c1192ee34e60ed6c839e361e45c4eb466740457957e6cfd9f3e8624987fbc0,0.3165624057545382,1.1058781725224827,0.0014539967991106513,0.24389069829301963,2.059891247081372,0.4555898515692527,"{""fixation_baked_in"":false,""palette_values"":{""black"":24,""gray"":133,""white"":232},""render"":{""background_color"":""black"",""content_face_accent_side"":"""",""figure_color"":""white"",""figure_region"":""vase"",""fixation_baked_in"":false,""shade_color"":""gray"",""shadow_dx"":0.04702700667152893,""shadow_dy"":0.03487371963962336,""shadow_max_radius"":0.065,""shadow_min_abs_component"":0.02,""shadow_pair_mirrored"":false,""shadow_seed"":5021283479419606679,""third_color"":""gray""}}"
wm-cc0-classic__ca-oa-sf-ma-pgb,wm-cc0-classic,wm-cc0-classic,596EEB6B073D2C83ECB93EDF53BF7EB1B7ADF8A7511997D49E7535B276479706,CC0-1.0,content-ambiguous__outline-ambiguous__shading-figure__material-ambiguous__polarity-outer-gray_center-black,ca-oa-sf-ma-pgb,ambiguous,ambiguous,figure,ambiguous,outer-gray_center-black,vase,False,,shading,vase,black,gray,white,white,,0.02541550358396901,-0.04638395494197512,False,10965828500899352142,78108,v1,png/wm-cc0-classic__ca-oa-sf-ma-pgb.png,svg/wm-cc0-classic__ca-oa-sf-ma-pgb.svg,d63b12d3e4d561786e4666af3c506fa69e3237efa64f84712304cf6550cdd878,543617e9bb984e8a4dea344ebfd655b29718218ecd30cbf3169cbc8e89c3b409,0.4349459816427792,0.4803109748173473,0.001347133275353152,0.24389069829301963,2.059891247081372,0.4555898515692527,"{""fixation_baked_in"":false,""palette_values"":{""black"":24,""gray"":133,""white"":232},""render"":{""background_color"":""gray"",""content_face_accent_side"":"""",""figure_color"":""black"",""figure_region"":""vase"",""fixation_baked_in"":false,""shade_color"":""white"",""shadow_dx"":0.02541550358396901,""shadow_dy"":-0.04638395494197512,""shadow_max_radius"":0.065,""shadow_min_abs_component"":0.02,""shadow_pair_mirrored"":false,""shadow_seed"":10965828500899352142,""third_color"":""white""}}"
wm-cc0-classic__ca-oa-sf-ma-pgw,wm-cc0-classic,wm-cc0-classic,596EEB6B073D2C83ECB93EDF53BF7EB1B7ADF8A7511997D49E7535B276479706,CC0-1.0,content-ambiguous__outline-ambiguous__shading-figure__material-ambiguous__polarity-outer-gray_center-white,ca-oa-sf-ma-pgw,ambiguous,ambiguous,figure,ambiguous,outer-gray_center-white,vase,False,,shading,vase,white,gray,black,black,,-0.026044927817451387,0.029591229110301025,False,13644391270535961360,78108,v1,png/wm-cc0-classic__ca-oa-sf-ma-pgw.png,svg/wm-cc0-classic__ca-oa-sf-ma-pgw.svg,e728d7c1d03a96e4a24cd198e17deaa57961f5db7ff702842d9ab3f6f6473f27,89a906a67e050b949321696436970d7407d5163318d5603809093968f33ed502,0.600455052244897,0.3205089861765028,0.0013571397981235504,0.24389069829301963,2.059891247081372,0.4555898515692527,"{""fixation_baked_in"":false,""palette_values"":{""black"":24,""gray"":133,""white"":232},""render"":{""background_color"":""gray"",""content_face_accent_side"":"""",""figure_color"":""white"",""figure_region"":""vase"",""fixation_baked_in"":false,""shade_color"":""black"",""shadow_dx"":-0.026044927817451387,""shadow_dy"":0.029591229110301025,""shadow_max_radius"":0.065,""shadow_min_abs_component"":0.02,""shadow_pair_mirrored"":false,""shadow_seed"":13644391270535961360,""third_color"":""black""}}"
wm-cc0-classic__ca-oa-sf-ma-pwb,wm-cc0-classic,wm-cc0-classic,596EEB6B073D2C83ECB93EDF53BF7EB1B7ADF8A7511997D49E7535B276479706,CC0-1.0,content-ambiguous__outline-ambiguous__shading-figure__material-ambiguous__polarity-outer-white_center-black,ca-oa-sf-ma-pwb,ambiguous,ambiguous,figure,ambiguous,outer-white_center-black,vase,False,,shading,vase,black,white,gray,gray,,0.024363836930212955,0.030368223440212633,False,5113711564461136453,78108,v1,png/wm-cc0-classic__ca-oa-sf-ma-pwb.png,svg/wm-cc0-classic__ca-oa-sf-ma-pwb.svg,2c205d46b1f31a05577768f2b94349cf93f2c047124db3f18e0089d7153530a9,77e9fc6e335729a4c21c3798e1d44786d22f6c9f508db181c074be94efb84201,0.6968806696873087,0.5013587773946339,0.00144099917581891,0.24389069829301963,2.059891247081372,0.4555898515692527,"{""fixation_baked_in"":false,""palette_values"":{""black"":24,""gray"":133,""white"":232},""render"":{""background_color"":""white"",""content_face_accent_side"":"""",""figure_color"":""black"",""figure_region"":""vase"",""fixation_baked_in"":false,""shade_color"":""gray"",""shadow_dx"":0.024363836930212955,""shadow_dy"":0.030368223440212633,""shadow_max_radius"":0.065,""shadow_min_abs_component"":0.02,""shadow_pair_mirrored"":false,""shadow_seed"":5113711564461136453,""third_color"":""gray""}}"
wm-cc0-classic__ca-oa-sf-ma-pwg,wm-cc0-classic,wm-cc0-classic,596EEB6B073D2C83ECB93EDF53BF7EB1B7ADF8A7511997D49E7535B276479706,CC0-1.0,content-ambiguous__outline-ambiguous__shading-figure__material-ambiguous__polarity-outer-white_center-gray,ca-oa-sf-ma-pwg,ambiguous,ambiguous,figure,ambiguous,outer-white_center-gray,vase,False,,shading,vase,gray,white,black,black,,-0.036971103839348145,-0.020331598099093268,False,5222595858884729908,78108,v1,png/wm-cc0-classic__ca-oa-sf-ma-pwg.png,svg/wm-cc0-classic__ca-oa-sf-ma-pwg.svg,3495f5d6d0d04b9400510370f9089a84195315621e955def23e935dd7254c8d8,679ad4877288f8f71e24df2d817f99453d0f4d49f31911b94830847963cf8fd5,0.7819860869762945,0.2777767104936864,0.0014950972905046671,0.24389069829301963,2.059891247081372,0.4555898515692527,"{""fixation_baked_in"":false,""palette_values"":{""black"":24,""gray"":133,""white"":232},""render"":{""background_color"":""white"",""content_face_accent_side"":"""",""figure_color"":""gray"",""figure_region"":""vase"",""fixation_baked_in"":false,""shade_color"":""black"",""shadow_dx"":-0.036971103839348145,""shadow_dy"":-0.020331598099093268,""shadow_max_radius"":0.065,""shadow_min_abs_component"":0.02,""shadow_pair_mirrored"":false,""shadow_seed"":5222595858884729908,""third_color"":""black""}}"
wm-cc0-classic__ca-of-sn-ma-pbg,wm-cc0-classic,wm-cc0-classic,596EEB6B073D2C83ECB93EDF53BF7EB1B7ADF8A7511997D49E7535B276479706,CC0-1.0,content-ambiguous__outline-face__shading-none__material-ambiguous__polarity-outer-black_center-gray,ca-of-sn-ma-pbg,ambiguous,face,none,ambiguous,outer-black_center-gray,face,False,outline,,face,black,gray,white,,,0.0,0.0,False,7134765340235217419,78108,v1,png/wm-cc0-classic__ca-of-sn-ma-pbg.png,svg/wm-cc0-classic__ca-of-sn-ma-pbg.svg,55459eeca46dd80588c91bc40dd5af2a23d8554ccd29ba2d8ab96a6883ef3a27,b5af3e87397600c166a00646a3f0472300d72b43dc3d289f6f58dff5b0303742,0.25824069228826785,0.8041624136169665,0.000744682953826692,0.24389069829301963,2.059891247081372,0.4555898515692527,"{""fixation_baked_in"":false,""palette_values"":{""black"":24,""gray"":133,""white"":232},""render"":{""background_color"":""gray"",""content_face_accent_side"":"""",""figure_color"":""black"",""figure_region"":""face"",""fixation_baked_in"":false,""shade_color"":"""",""shadow_dx"":0.0,""shadow_dy"":0.0,""shadow_max_radius"":0.065,""shadow_min_abs_component"":0.02,""shadow_pair_mirrored"":false,""shadow_seed"":7134765340235217419,""third_color"":""white""}}"
wm-cc0-classic__ca-of-sn-ma-pbw,wm-cc0-classic,wm-cc0-classic,596EEB6B073D2C83ECB93EDF53BF7EB1B7ADF8A7511997D49E7535B276479706,CC0-1.0,content-ambiguous__outline-face__shading-none__material-ambiguous__polarity-outer-black_center-white,ca-of-sn-ma-pbw,ambiguous,face,none,ambiguous,outer-black_center-white,face,False,outline,,face,black,white,gray,,,0.0,0.0,False,16792214446656145816,78108,v1,png/wm-cc0-classic__ca-of-sn-ma-pbw.png,svg/wm-cc0-classic__ca-of-sn-ma-pbw.svg,3c1b44c1cf7aa4b2823c67db437eb3ed2154f947ded280675b135c8fdd3c051a,03c84faf8cf900461d9ce98ad33396a40aba00de8d4724255536210fecc4a968,0.4073043748444203,0.9729376919563271,0.0014210535142698331,0.24389069829301963,2.059891247081372,0.4555898515692527,"{""fixation_baked_in"":false,""palette_values"":{""black"":24,""gray"":133,""white"":232},""render"":{""background_color"":""white"",""content_face_accent_side"":"""",""figure_color"":""black"",""figure_region"":""face"",""fixation_baked_in"":false,""shade_color"":"""",""shadow_dx"":0.0,""shadow_dy"":0.0,""shadow_max_radius"":0.065,""shadow_min_abs_component"":0.02,""shadow_pair_mirrored"":false,""shadow_seed"":16792214446656145816,""third_color"":""gray""}}"
wm-cc0-classic__ca-of-sn-ma-pgb,wm-cc0-classic,wm-cc0-classic,596EEB6B073D2C83ECB93EDF53BF7EB1B7ADF8A7511997D49E7535B276479706,CC0-1.0,content-ambiguous__outline-face__shading-none__material-ambiguous__polarity-outer-gray_center-black,ca-of-sn-ma-pgb,ambiguous,face,none,ambiguous,outer-gray_center-black,face,False,outline,,face,gray,black,white,,,0.0,0.0,False,10085956379514817952,78108,v1,png/wm-cc0-classic__ca-of-sn-ma-pgb.png,svg/wm-cc0-classic__ca-of-sn-ma-pgb.svg,759859e58f865ada3d920257571cbfd996148d6dac81efcfee9ac4b509bdc375,9a1cf0434b4339aba5d9a0fa77199f04cb9cf95786f68373e330b478d95839b9,0.3574507133633483,0.5809604053963316,0.0007446941844919787,0.24389069829301963,2.059891247081372,0.4555898515692527,"{""fixation_baked_in"":false,""palette_values"":{""black"":24,""gray"":133,""white"":232},""render"":{""background_color"":""black"",""content_face_accent_side"":"""",""figure_color"":""gray"",""figure_region"":""face"",""fixation_baked_in"":false,""shade_color"":"""",""shadow_dx"":0.0,""shadow_dy"":0.0,""shadow_max_radius"":0.065,""shadow_min_abs_component"":0.02,""shadow_pair_mirrored"":false,""shadow_seed"":10085956379514817952,""third_color"":""white""}}"
wm-cc0-classic__ca-of-sn-ma-pgw,wm-cc0-classic,wm-cc0-classic,596EEB6B073D2C83ECB93EDF53BF7EB1B7ADF8A7511997D49E7535B276479706,CC0-1.0,content-ambiguous__outline-face__shading-none__material-ambiguous__polarity-outer-gray_center-white,ca-of-sn-ma-pgw,ambiguous,face,none,ambiguous,outer-gray_center-white,face,False,outline,,face,gray,white,black,,,0.0,0.0,False,6131814129300710150,78108,v1,png/wm-cc0-classic__ca-of-sn-ma-pgw.png,svg/wm-cc0-classic__ca-of-sn-ma-pgw.svg,e4ab0fedb9a1bc8acdaea19c025afd0bd2577a92ccfc61071a06ae7a5790f0f1,7edd0678c7a32f63e75abeb1cb4c6127f7c5964460b2580665cb070d53d5967c,0.6706294751634786,0.2812474638288981,0.0006763630733329499,0.24389069829301963,2.059891247081372,0.4555898515692527,"{""fixation_baked_in"":false,""palette_values"":{""black"":24,""gray"":133,""white"":232},""render"":{""background_color"":""white"",""content_face_accent_side"":"""",""figure_color"":""gray"",""figure_region"":""face"",""fixation_baked_in"":false,""shade_color"":"""",""shadow_dx"":0.0,""shadow_dy"":0.0,""shadow_max_radius"":0.065,""shadow_min_abs_component"":0.02,""shadow_pair_mirrored"":false,""shadow_seed"":6131814129300710150,""third_color"":""black""}}"
wm-cc0-classic__ca-of-sn-ma-pwb,wm-cc0-classic,wm-cc0-classic,596EEB6B073D2C83ECB93EDF53BF7EB1B7ADF8A7511997D49E7535B276479706,CC0-1.0,content-ambiguous__outline-face__shading-none__material-ambiguous__polarity-outer-white_center-black,ca-of-sn-ma-pwb,ambiguous,face,none,ambiguous,outer-white_center-black,face,False,outline,,face,white,black,gray,,,0.0,0.0,False,3658709877783130841,78108,v1,png/wm-cc0-classic__ca-of-sn-ma-pwb.png,svg/wm-cc0-classic__ca-of-sn-ma-pwb.svg,6bb62a2471fe1ac5c00b969cfb5bf00bbfb5fc027c4b56135352e2090e4db69c,3d3ce430edaf19edc53449d7bc6221e99a25e65c89cdeea135b22819d145216d,0.5966171937830309,0.6642144787549634,0.0014210535142698331,0.24389069829301963,2.059891247081372,0.4555898515692527,"{""fixation_baked_in"":false,""palette_values"":{""black"":24,""gray"":133,""white"":232},""render"":{""background_color"":""black"",""content_face_accent_side"":"""",""figure_color"":""white"",""figure_region"":""face"",""fixation_baked_in"":false,""shade_color"":"""",""shadow_dx"":0.0,""shadow_dy"":0.0,""shadow_max_radius"":0.065,""shadow_min_abs_component"":0.02,""shadow_pair_mirrored"":false,""shadow_seed"":3658709877783130841,""third_color"":""gray""}}"
wm-cc0-classic__ca-of-sn-ma-pwg,wm-cc0-classic,wm-cc0-classic,596EEB6B073D2C83ECB93EDF53BF7EB1B7ADF8A7511997D49E7535B276479706,CC0-1.0,content-ambiguous__outline-face__shading-none__material-ambiguous__polarity-outer-white_center-gray,ca-of-sn-ma-pwg,ambiguous,face,none,ambiguous,outer-white_center-gray,face,False,outline,,face,white,gray,black,,,0.0,0.0,False,8199143743338715566,78108,v1,png/wm-cc0-classic__ca-of-sn-ma-pwg.png,svg/wm-cc0-classic__ca-of-sn-ma-pwg.svg,cfee563f733721e1c0ff4d8d1655d5c9392263e1b44ac43ebc8dc66abf606910,874dd2bd17d67c6c01df8c963bad4403f5db2d63619175f10245610e445e665c,0.7607373405905333,0.2479369746844953,0.0006763668168880453,0.24389069829301963,2.059891247081372,0.4555898515692527,"{""fixation_baked_in"":false,""palette_values"":{""black"":24,""gray"":133,""white"":232},""render"":{""background_color"":""gray"",""content_face_accent_side"":"""",""figure_color"":""white"",""figure_region"":""face"",""fixation_baked_in"":false,""shade_color"":"""",""shadow_dx"":0.0,""shadow_dy"":0.0,""shadow_max_radius"":0.065,""shadow_min_abs_component"":0.02,""shadow_pair_mirrored"":false,""shadow_seed"":8199143743338715566,""third_color"":""black""}}"
wm-cc0-classic__ca-of-sn-mv-pbg,wm-cc0-classic,wm-cc0-classic,596EEB6B073D2C83ECB93EDF53BF7EB1B7ADF8A7511997D49E7535B276479706,CC0-1.0,content-ambiguous__outline-face__shading-none__material-vase__polarity-outer-black_center-gray,ca-of-sn-mv-pbg,ambiguous,face,none,vase,outer-black_center-gray,conflict,True,outline,material,face,black,gray,white,,,0.0,0.0,False,2711048567557896336,78108,v1,png/wm-cc0-classic__ca-of-sn-mv-pbg.png,svg/wm-cc0-classic__ca-of-sn-mv-pbg.svg,63e5c462c97d25048c1a074183ca695bff3b870b2e4345d5867a321865b460a2,588680fe527a7fe233310ace4b5b6a0eaad27d83f7fdee768b85d08839cfc852,0.2809602475633809,0.8966385073196593,0.002294117946543231,0.24389069829301963,2.059891247081372,0.4555898515692527,"{""fixation_baked_in"":false,""palette_values"":{""black"":24,""gray"":133,""white"":232},""render"":{""background_color"":""gray"",""content_face_accent_side"":"""",""figure_color"":""black"",""figure_region"":""face"",""fixation_baked_in"":false,""shade_color"":"""",""shadow_dx"":0.0,""shadow_dy"":0.0,""shadow_max_radius"":0.065,""shadow_min_abs_component"":0.02,""shadow_pair_mirrored"":false,""shadow_seed"":2711048567557896336,""third_color"":""white""}}"
wm-cc0-classic__ca-of-sn-mv-pbw,wm-cc0-classic,wm-cc0-classic,596EEB6B073D2C83ECB93EDF53BF7EB1B7ADF8A7511997D49E7535B276479706,CC0-1.0,content-ambiguous__outline-face__shading-none__material-vase__polarity-outer-black_center-white,ca-of-sn-mv-pbw,ambiguous,face,none,vase,outer-black_center-white,conflict,True,outline,material,face,black,white,gray,,,0.0,0.0,False,17255582226304230703,78108,v1,png/wm-cc0-classic__ca-of-sn-mv-pbw.png,svg/wm-cc0-classic__ca-of-sn-mv-pbw.svg,323f9ccedc089e73db3a070517a0378768710a51fc263a95138ef6584a566592,f810a58f948fcf18b612eb1e6e6b3d5b3f99796e2ad9ee2b1002819cb0247dcb,0.3799129261690028,0.9661557473656678,0.002302877865466812,0.24389069829301963,2.059891247081372,0.4555898515692527,"{""fixation_baked_in"":false,""palette_values"":{""black"":24,""gray"":133,""white"":232},""render"":{""background_color"":""white"",""content_face_accent_side"":"""",""figure_color"":""black"",""figure_region"":""face"",""fixation_baked_in"":false,""shade_color"":"""",""shadow_dx"":0.0,""shadow_dy"":0.0,""shadow_max_radius"":0.065,""shadow_min_abs_component"":0.02,""shadow_pair_mirrored"":false,""shadow_seed"":17255582226304230703,""third_color"":""gray""}}"
wm-cc0-classic__ca-of-sn-mv-pgb,wm-cc0-classic,wm-cc0-classic,596EEB6B073D2C83ECB93EDF53BF7EB1B7ADF8A7511997D49E7535B276479706,CC0-1.0,content-ambiguous__outline-face__shading-none__material-vase__polarity-outer-gray_center-black,ca-of-sn-mv-pgb,ambiguous,face,none,vase,outer-gray_center-black,conflict,True,outline,material,face,gray,black,white,,,0.0,0.0,False,12148413338770481560,78108,v1,png/wm-cc0-classic__ca-of-sn-mv-pgb.png,svg/wm-cc0-classic__ca-of-sn-mv-pgb.svg,9666cb25d3f68e60e2ba0c4499332469b356e811348d247a4a0a746709e1a12e,4ba1d8a144362b86a58d0c4f4294424cc9c5626e04751ca0763404e5a85044ac,0.3948136871936274,0.4322315377436643,0.0019063268177505607,0.24389069829301963,2.059891247081372,0.4555898515692527,"{""fixation_baked_in"":false,""palette_values"":{""black"":24,""gray"":133,""white"":232},""render"":{""background_color"":""black"",""content_face_accent_side"":"""",""figure_color"":""gray"",""figure_region"":""face"",""fixation_baked_in"":false,""shade_color"":"""",""shadow_dx"":0.0,""shadow_dy"":0.0,""shadow_max_radius"":0.065,""shadow_min_abs_component"":0.02,""shadow_pair_mirrored"":false,""shadow_seed"":12148413338770481560,""third_color"":""white""}}"
wm-cc0-classic__ca-of-sn-mv-pgw,wm-cc0-classic,wm-cc0-classic,596EEB6B073D2C83ECB93EDF53BF7EB1B7ADF8A7511997D49E7535B276479706,CC0-1.0,content-ambiguous__outline-face__shading-none__material-vase__polarity-outer-gray_center-white,ca-of-sn-mv-pgw,ambiguous,face,none,vase,outer-gray_center-white,conflict,True,outline,material,face,gray,white,black,,,0.0,0.0,False,9455983816980239856,78108,v1,png/wm-cc0-classic__ca-of-sn-mv-pgw.png,svg/wm-cc0-classic__ca-of-sn-mv-pgw.svg,f6eaa612538639007db8505765af15bac6b6dfb2169c71b766d7c30105057859,ada5993fce4b9d9be37c8991fc7b7044a5639e04f0ce7d0129018aad8294bc39,0.6430169535618203,0.25926407191212386,0.0015912654773541871,0.24389069829301963,2.059891247081372,0.4555898515692527,"{""fixation_baked_in"":false,""palette_values"":{""black"":24,""gray"":133,""white"":232},""render"":{""background_color"":""white"",""content_face_accent_side"":"""",""figure_color"":""gray"",""figure_region"":""face"",""fixation_baked_in"":false,""shade_color"":"""",""shadow_dx"":0.0,""shadow_dy"":0.0,""shadow_max_radius"":0.065,""shadow_min_abs_component"":0.02,""shadow_pair_mirrored"":false,""shadow_seed"":9455983816980239856,""third_color"":""black""}}"
wm-cc0-classic__ca-of-sn-mv-pwb,wm-cc0-classic,wm-cc0-classic,596EEB6B073D2C83ECB93EDF53BF7EB1B7ADF8A7511997D49E7535B276479706,CC0-1.0,content-ambiguous__outline-face__shading-none__material-vase__polarity-outer-white_center-black,ca-of-sn-mv-pwb,ambiguous,face,none,vase,outer-white_center-black,conflict,True,outline,material,face,white,black,gray,,,0.0,0.0,False,11600642534266830750,78108,v1,png/wm-cc0-classic__ca-of-sn-mv-pwb.png,svg/wm-cc0-classic__ca-of-sn-mv-pwb.svg,47222273d9ea30ea1f74701e728522a617c9ff0ea29fe9e6e14f6897ecf5bd41,cda593bd5d73b942f1849c68d8cafe6f02dbc04ac28b235fc14f7a5f235e86b7,0.6337790657492246,0.5582103086744827,0.0025757193914956013,0.24389069829301963,2.059891247081372,0.4555898515692527,"{""fixation_baked_in"":false,""palette_values"":{""black"":24,""gray"":133,""white"":232},""render"":{""background_color"":""black"",""content_face_accent_side"":"""",""figure_color"":""white"",""figure_region"":""face"",""fixation_baked_in"":false,""shade_color"":"""",""shadow_dx"":0.0,""shadow_dy"":0.0,""shadow_max_radius"":0.065,""shadow_min_abs_component"":0.02,""shadow_pair_mirrored"":false,""shadow_seed"":11600642534266830750,""third_color"":""gray""}}"
wm-cc0-classic__ca-of-sn-mv-pwg,wm-cc0-classic,wm-cc0-classic,596EEB6B073D2C83ECB93EDF53BF7EB1B7ADF8A7511997D49E7535B276479706,CC0-1.0,content-ambiguous__outline-face__shading-none__material-vase__polarity-outer-white_center-gray,ca-of-sn-mv-pwg,ambiguous,face,none,vase,outer-white_center-gray,conflict,True,outline,material,face,white,gray,black,,,0.0,0.0,False,3712720398547556292,78108,v1,png/wm-cc0-classic__ca-of-sn-mv-pwg.png,svg/wm-cc0-classic__ca-of-sn-mv-pwg.svg,50cee6857723534abd530d394ff80efb8f760f272a48079cb4abc9778c7b4554,c8ef05dc403d5d9738bca11cb348f508941703e15d11e398e0e730792253a88c,0.7830324397367591,0.2330760848198074,0.0023050977936384717,0.24389069829301963,2.059891247081372,0.4555898515692527,"{""fixation_baked_in"":false,""palette_values"":{""black"":24,""gray"":133,""white"":232},""render"":{""background_color"":""gray"",""content_face_accent_side"":"""",""figure_color"":""white"",""figure_region"":""face"",""fixation_baked_in"":false,""shade_color"":"""",""shadow_dx"":0.0,""shadow_dy"":0.0,""shadow_max_radius"":0.065,""shadow_min_abs_component"":0.02,""shadow_pair_mirrored"":false,""shadow_seed"":3712720398547556292,""third_color"":""black""}}"
wm-cc0-classic__ca-of-sf-ma-pbg,wm-cc0-classic,wm-cc0-classic,596EEB6B073D2C83ECB93EDF53BF7EB1B7ADF8A7511997D49E7535B276479706,CC0-1.0,content-ambiguous__outline-face__shading-figure__material-ambiguous__polarity-outer-black_center-gray,ca-of-sf-ma-pbg,ambiguous,face,figure,ambiguous,outer-black_center-gray,face,False,outline|shading,,face,black,gray,white,white,,-0.0217413730291668,0.022894057030172065,True,11619894829368409558,78108,v1,png/wm-cc0-classic__ca-of-sf-ma-pbg.png,svg/wm-cc0-classic__ca-of-sf-ma-pbg.svg,b3d437a7015b771d029a350e76e29478d0dba691ce71950b87c38083aacde3ca,46f6f336d9f41aace8dadf5471bbed244ec7a1c713c430ae5201442d574ea6e9,0.2641386892281327,0.8328977269054582,0.0010601074190673336,0.24389069829301963,2.059891247081372,0.4555898515692527,"{""fixation_baked_in"":false,""palette_values"":{""black"":24,""gray"":133,""white"":232},""render"":{""background_color"":""gray"",""content_face_accent_side"":"""",""figure_color"":""black"",""figure_region"":""face"",""fixation_baked_in"":false,""shade_color"":""white"",""shadow_dx"":-0.0217413730291668,""shadow_dy"":0.022894057030172065,""shadow_max_radius"":0.065,""shadow_min_abs_component"":0.02,""shadow_pair_mirrored"":true,""shadow_seed"":11619894829368409558,""third_color"":""white""}}"
wm-cc0-classic__ca-of-sf-ma-pbw,wm-cc0-classic,wm-cc0-classic,596EEB6B073D2C83ECB93EDF53BF7EB1B7ADF8A7511997D49E7535B276479706,CC0-1.0,content-ambiguous__outline-face__shading-figure__material-ambiguous__polarity-outer-black_center-white,ca-of-sf-ma-pbw,ambiguous,face,figure,ambiguous,outer-black_center-white,face,False,outline|shading,,face,black,white,gray,gray,,-0.02496715405245072,0.02150502604332994,True,12583441696516465500,78108,v1,png/wm-cc0-classic__ca-of-sf-ma-pbw.png,svg/wm-cc0-classic__ca-of-sf-ma-pbw.svg,e999a5d7ff3ccd5e1456a30d15ce357310cb29b9a2a169f61dc47f3a72a5ca06,9abdf1dd0016d66b0acf15d60a0c3fbcc81cda1b67e4e3fbb4bf4ae241fe95d5,0.40196380615234384,0.9755130561496104,0.0014292069772679356,0.24389069829301963,2.059891247081372,0.4555898515692527,"{""fixation_baked_in"":false,""palette_values"":{""black"":24,""gray"":133,""white"":232},""render"":{""background_color"":""white"",""content_face_accent_side"":"""",""figure_color"":""black"",""figure_region"":""face"",""fixation_baked_in"":false,""shade_color"":""gray"",""shadow_dx"":-0.02496715405245072,""shadow_dy"":0.02150502604332994,""shadow_max_radius"":0.065,""shadow_min_abs_component"":0.02,""shadow_pair_mirrored"":true,""shadow_seed"":12583441696516465500,""third_color"":""gray""}}"
wm-cc0-classic__ca-of-sf-ma-pgb,wm-cc0-classic,wm-cc0-classic,596EEB6B073D2C83ECB93EDF53BF7EB1B7ADF8A7511997D49E7535B276479706,CC0-1.0,content-ambiguous__outline-face__shading-figure__material-ambiguous__polarity-outer-gray_center-black,ca-of-sf-ma-pgb,ambiguous,face,figure,ambiguous,outer-gray_center-black,face,False,outline|shading,,face,gray,black,white,white,,-0.02858072459871776,0.051740473385570696,True,14301410853594687907,78108,v1,png/wm-cc0-classic__ca-of-sf-ma-pgb.png,svg/wm-cc0-classic__ca-of-sf-ma-pgb.svg,b0f9e9600ea529525067432b06626ef829d461ab03920f1d019df3b5b20b958a,07379b0f0b831657407010d527d3071ce1f9d2c3d328724c85d7b52c6d96ed2d,0.38587448643703093,0.5820181314052509,0.001108826045080789,0.24389069829301963,2.059891247081372,0.4555898515692527,"{""fixation_baked_in"":false,""palette_values"":{""black"":24,""gray"":133,""white"":232},""render"":{""background_color"":""black"",""content_face_accent_side"":"""",""figure_color"":""gray"",""figure_region"":""face"",""fixation_baked_in"":false,""shade_color"":""white"",""shadow_dx"":-0.02858072459871776,""shadow_dy"":0.051740473385570696,""shadow_max_radius"":0.065,""shadow_min_abs_component"":0.02,""shadow_pair_mirrored"":true,""shadow_seed"":14301410853594687907,""third_color"":""white""}}"
wm-cc0-classic__ca-of-sf-ma-pgw,wm-cc0-classic,wm-cc0-classic,596EEB6B073D2C83ECB93EDF53BF7EB1B7ADF8A7511997D49E7535B276479706,CC0-1.0,content-ambiguous__outline-face__shading-figure__material-ambiguous__polarity-outer-gray_center-white,ca-of-sf-ma-pgw,ambiguous,face,figure,ambiguous,outer-gray_center-white,face,False,outline|shading,,face,gray,white,black,black,,-0.027700816016785132,-0.0220431351068509,True,17342801349227395585,78108,v1,png/wm-cc0-classic__ca-of-sf-ma-pgw.png,svg/wm-cc0-classic__ca-of-sf-ma-pgw.svg,c8a73a42a3b689d5e155bc0728efc5b7bfe9c1e3f403e2a0e5e804b549e8220b,18d427c4e22761a902f7f3ac3e198405222c857bbe68333f6e69f834682cab75,0.6635266771503525,0.29336223786514504,0.0009614946907404213,0.24389069829301963,2.059891247081372,0.4555898515692527,"{""fixation_baked_in"":false,""palette_values"":{""black"":24,""gray"":133,""white"":232},""render"":{""background_color"":""white"",""content_face_accent_side"":"""",""figure_color"":""gray"",""figure_region"":""face"",""fixation_baked_in"":false,""shade_color"":""black"",""shadow_dx"":-0.027700816016785132,""shadow_dy"":-0.0220431351068509,""shadow_max_radius"":0.065,""shadow_min_abs_component"":0.02,""shadow_pair_mirrored"":true,""shadow_seed"":17342801349227395585,""third_color"":""black""}}"
wm-cc0-classic__ca-of-sf-ma-pwb,wm-cc0-classic,wm-cc0-classic,596EEB6B073D2C83ECB93EDF53BF7EB1B7ADF8A7511997D49E7535B276479706,CC0-1.0,content-ambiguous__outline-face__shading-figure__material-ambiguous__polarity-outer-white_center-black,ca-of-sf-ma-pwb,ambiguous,face,figure,ambiguous,outer-white_center-black,face,False,outline|shading,,face,white,black,gray,gray,,0.04755070723202711,0.024447147649161307,True,13292380215971300759,78108,v1,png/wm-cc0-classic__ca-of-sf-ma-pwb.png,svg/wm-cc0-classic__ca-of-sf-ma-pwb.svg,6bca13f3512a673a88fdd173e33fe7c1bade9666525be709601d464fe4d35291,020357bc70269a701771ff3d8962e6c773b77b936678b1bb7dd6aa15b935fed1,0.63494416031183,0.5755795693567315,0.0014808380891457268,0.24389069829301963,2.059891247081372,0.4555898515692527,"{""fixation_baked_in"":false,""palette_values"":{""black"":24,""gray"":133,""white"":232},""render"":{""background_color"":""black"",""content_face_accent_side"":"""",""figure_color"":""white"",""figure_region"":""face"",""fixation_baked_in"":false,""shade_color"":""gray"",""shadow_dx"":0.04755070723202711,""shadow_dy"":0.024447147649161307,""shadow_max_radius"":0.065,""shadow_min_abs_component"":0.02,""shadow_pair_mirrored"":true,""shadow_seed"":13292380215971300759,""third_color"":""gray""}}"
wm-cc0-classic__ca-of-sf-ma-pwg,wm-cc0-classic,wm-cc0-classic,596EEB6B073D2C83ECB93EDF53BF7EB1B7ADF8A7511997D49E7535B276479706,CC0-1.0,content-ambiguous__outline-face__shading-figure__material-ambiguous__polarity-outer-white_center-gray,ca-of-sf-ma-pwg,ambiguous,face,figure,ambiguous,outer-white_center-gray,face,False,outline|shading,,face,white,gray,black,black,,0.020117787779057237,0.029676565602205038,True,14692745872119323279,78108,v1,png/wm-cc0-classic__ca-of-sf-ma-pwg.png,svg/wm-cc0-classic__ca-of-sf-ma-pwg.svg,2e5801647a6c601c22baaa3761725f115d10ce5ebaa13ca4b4df265dc969366c,060250d8d69edd064fcd3206b26c0e918d79166ce2233ee3d22427fb0c6afbe4,0.7398014330396467,0.31363921751054696,0.0017999349819351005,0.24389069829301963,2.059891247081372,0.4555898515692527,"{""fixation_baked_in"":false,""palette_values"":{""black"":24,""gray"":133,""white"":232},""render"":{""background_color"":""gray"",""content_face_accent_side"":"""",""figure_color"":""white"",""figure_region"":""face"",""fixation_baked_in"":false,""shade_color"":""black"",""shadow_dx"":0.020117787779057237,""shadow_dy"":0.029676565602205038,""shadow_max_radius"":0.065,""shadow_min_abs_component"":0.02,""shadow_pair_mirrored"":true,""shadow_seed"":14692745872119323279,""third_color"":""black""}}"
wm-cc0-classic__cv-oa-sn-ma-pbg,wm-cc0-classic,wm-cc0-classic,596EEB6B073D2C83ECB93EDF53BF7EB1B7ADF8A7511997D49E7535B276479706,CC0-1.0,content-vase__outline-ambiguous__shading-none__material-ambiguous__polarity-outer-black_center-gray,cv-oa-sn-ma-pbg,vase,ambiguous,none,ambiguous,outer-black_center-gray,vase,False,,content,vase,gray,black,white,,,0.0,0.0,False,11879258569284043755,78108,v1,png/wm-cc0-classic__cv-oa-sn-ma-pbg.png,svg/wm-cc0-classic__cv-oa-sn-ma-pbg.svg,94ca9a4a05a560bb99e3ca4b9890cdac7c2acbfe4b090e34b0f728b038c43743,fcbabe1b5095143063b4e6ecb582da607bc88a1aebc7f90bc30d1589efac1640,0.37898556204403155,0.8699158496170365,0.010480157361087154,0.24389069829301963,2.059891247081372,0.4555898515692527,"{""fixation_baked_in"":false,""palette_values"":{""black"":24,""gray"":133,""white"":232},""render"":{""background_color"":""black"",""content_face_accent_side"":"""",""figure_color"":""gray"",""figure_region"":""vase"",""fixation_baked_in"":false,""shade_color"":"""",""shadow_dx"":0.0,""shadow_dy"":0.0,""shadow_max_radius"":0.065,""shadow_min_abs_component"":0.02,""shadow_pair_mirrored"":false,""shadow_seed"":11879258569284043755,""third_color"":""white""}}"
wm-cc0-classic__cv-oa-sn-ma-pbw,wm-cc0-classic,wm-cc0-classic,596EEB6B073D2C83ECB93EDF53BF7EB1B7ADF8A7511997D49E7535B276479706,CC0-1.0,content-vase__outline-ambiguous__shading-none__material-ambiguous__polarity-outer-black_center-white,cv-oa-sn-ma-pbw,vase,ambiguous,none,ambiguous,outer-black_center-white,vase,False,,content,vase,white,black,gray,,,0.0,0.0,False,5781347512421391913,78108,v1,png/wm-cc0-classic__cv-oa-sn-ma-pbw.png,svg/wm-cc0-classic__cv-oa-sn-ma-pbw.svg,48872423d3007a7bf1aee6c2ea714e51fee96e09eea2dc8d1545c1bb7ea3b2d2,aa164db8612b013e9596a77967acdbcb65dd246463084f55b981dc72a9770319,0.3874979168761011,0.8775169025704693,0.006345610397140286,0.24389069829301963,2.059891247081372,0.4555898515692527,"{""fixation_baked_in"":false,""palette_values"":{""black"":24,""gray"":133,""white"":232},""render"":{""background_color"":""black"",""content_face_accent_side"":"""",""figure_color"":""white"",""figure_region"":""vase"",""fixation_baked_in"":false,""shade_color"":"""",""shadow_dx"":0.0,""shadow_dy"":0.0,""shadow_max_radius"":0.065,""shadow_min_abs_component"":0.02,""shadow_pair_mirrored"":false,""shadow_seed"":5781347512421391913,""third_color"":""gray""}}"
wm-cc0-classic__cv-oa-sn-ma-pgb,wm-cc0-classic,wm-cc0-classic,596EEB6B073D2C83ECB93EDF53BF7EB1B7ADF8A7511997D49E7535B276479706,CC0-1.0,content-vase__outline-ambiguous__shading-none__material-ambiguous__polarity-outer-gray_center-black,cv-oa-sn-ma-pgb,vase,ambiguous,none,ambiguous,outer-gray_center-black,vase,False,,content,vase,black,gray,white,,,0.0,0.0,False,999229570489246263,78108,v1,png/wm-cc0-classic__cv-oa-sn-ma-pgb.png,svg/wm-cc0-classic__cv-oa-sn-ma-pgb.svg,c9d558c6acacdc55b67190828c702d414574bc2a851f512e169f431f2b1a9c31,06a3549957466d54f2b75b3b9225952ddc788012ec8a0dd45768f3567149cfcd,0.5035070307114545,0.5510881662345752,0.0055492663829950365,0.24389069829301963,2.059891247081372,0.4555898515692527,"{""fixation_baked_in"":false,""palette_values"":{""black"":24,""gray"":133,""white"":232},""render"":{""background_color"":""gray"",""content_face_accent_side"":"""",""figure_color"":""black"",""figure_region"":""vase"",""fixation_baked_in"":false,""shade_color"":"""",""shadow_dx"":0.0,""shadow_dy"":0.0,""shadow_max_radius"":0.065,""shadow_min_abs_component"":0.02,""shadow_pair_mirrored"":false,""shadow_seed"":999229570489246263,""third_color"":""white""}}"
wm-cc0-classic__cv-oa-sn-ma-pgw,wm-cc0-classic,wm-cc0-classic,596EEB6B073D2C83ECB93EDF53BF7EB1B7ADF8A7511997D49E7535B276479706,CC0-1.0,content-vase__outline-ambiguous__shading-none__material-ambiguous__polarity-outer-gray_center-white,cv-oa-sn-ma-pgw,vase,ambiguous,none,ambiguous,outer-gray_center-white,vase,False,,content,vase,white,gray,black,,,0.0,0.0,False,14960727962475727324,78108,v1,png/wm-cc0-classic__cv-oa-sn-ma-pgw.png,svg/wm-cc0-classic__cv-oa-sn-ma-pgw.svg,db7f6801dd0fda4f12e8ec2bd48be86afa71a352393eb8221f121438603545b4,80366cfd1bdb5f35489a15719255f465a4f02ea7a5aaab0d1530d8dbc8208dc1,0.5213410470999924,0.5307133333919596,0.005969435519809099,0.24389069829301963,2.059891247081372,0.4555898515692527,"{""fixation_baked_in"":false,""palette_values"":{""black"":24,""gray"":133,""white"":232},""render"":{""background_color"":""gray"",""content_face_accent_side"":"""",""figure_color"":""white"",""figure_region"":""vase"",""fixation_baked_in"":false,""shade_color"":"""",""shadow_dx"":0.0,""shadow_dy"":0.0,""shadow_max_radius"":0.065,""shadow_min_abs_component"":0.02,""shadow_pair_mirrored"":false,""shadow_seed"":14960727962475727324,""third_color"":""black""}}"
wm-cc0-classic__cv-oa-sn-ma-pwb,wm-cc0-classic,wm-cc0-classic,596EEB6B073D2C83ECB93EDF53BF7EB1B7ADF8A7511997D49E7535B276479706,CC0-1.0,content-vase__outline-ambiguous__shading-none__material-ambiguous__polarity-outer-white_center-black,cv-oa-sn-ma-pwb,vase,ambiguous,none,ambiguous,outer-white_center-black,vase,False,,content,vase,black,white,gray,,,0.0,0.0,False,10823055371432502798,78108,v1,png/wm-cc0-classic__cv-oa-sn-ma-pwb.png,svg/wm-cc0-classic__cv-oa-sn-ma-pwb.svg,f4fc30a93e1978097632fa46a6c1d139525aee7d7c2fc03cb556f7c24cc07876,890d8988a55c4cb2a0a9ed6ea6517ba4dcd419d4306c8fe867aa0f0234580648,0.6251152711756089,0.5393028157256003,0.005888151708019474,0.24389069829301963,2.059891247081372,0.4555898515692527,"{""fixation_baked_in"":false,""palette_values"":{""black"":24,""gray"":133,""white"":232},""render"":{""background_color"":""white"",""content_face_accent_side"":"""",""figure_color"":""black"",""figure_region"":""vase"",""fixation_baked_in"":false,""shade_color"":"""",""shadow_dx"":0.0,""shadow_dy"":0.0,""shadow_max_radius"":0.065,""shadow_min_abs_component"":0.02,""shadow_pair_mirrored"":false,""shadow_seed"":10823055371432502798,""third_color"":""gray""}}"
wm-cc0-classic__cv-oa-sn-ma-pwg,wm-cc0-classic,wm-cc0-classic,596EEB6B073D2C83ECB93EDF53BF7EB1B7ADF8A7511997D49E7535B276479706,CC0-1.0,content-vase__outline-ambiguous__shading-none__material-ambiguous__polarity-outer-white_center-gray,cv-oa-sn-ma-pwg,vase,ambiguous,none,ambiguous,outer-white_center-gray,vase,False,,content,vase,gray,white,black,,,0.0,0.0,False,6649638353065608322,78108,v1,png/wm-cc0-classic__cv-oa-sn-ma-pwg.png,svg/wm-cc0-classic__cv-oa-sn-ma-pwg.svg,987fa8872de9ea0f6dd808b36db19ad7802891aa4d5f925c87c728a5c6e2631c,3889e39a1b7b11dc61b5357743bfbbfdab9d2a4e8ec0ad9abd1119de4b0cccc2,0.6344846501069912,0.5137701936885728,0.010447049359822132,0.24389069829301963,2.059891247081372,0.4555898515692527,"{""fixation_baked_in"":false,""palette_values"":{""black"":24,""gray"":133,""white"":232},""render"":{""background_color"":""white"",""content_face_accent_side"":"""",""figure_color"":""gray"",""figure_region"":""vase"",""fixation_baked_in"":false,""shade_color"":"""",""shadow_dx"":0.0,""shadow_dy"":0.0,""shadow_max_radius"":0.065,""shadow_min_abs_component"":0.02,""shadow_pair_mirrored"":false,""shadow_seed"":6649638353065608322,""third_color"":""black""}}"
wm-cc0-classic__cv-oa-sn-mv-pbg,wm-cc0-classic,wm-cc0-classic,596EEB6B073D2C83ECB93EDF53BF7EB1B7ADF8A7511997D49E7535B276479706,CC0-1.0,content-vase__outline-ambiguous__shading-none__material-vase__polarity-outer-black_center-gray,cv-oa-sn-mv-pbg,vase,ambiguous,none,vase,outer-black_center-gray,vase,False,,content|material,vase,gray,black,white,,,0.0,0.0,False,12838121541142185889,78108,v1,png/wm-cc0-classic__cv-oa-sn-mv-pbg.png,svg/wm-cc0-classic__cv-oa-sn-mv-pbg.svg,d395ab8bfbd82d113cfe6f2d334009334f555d182e5a65ddc46d8abe9b5ac807,c8f37cb1ac5bb59f4310ac062b2ef6879ec1a640c15b0c677deaedbdd855d04d,0.40167444640514904,0.8748315751869526,0.012000729544017024,0.24389069829301963,2.059891247081372,0.4555898515692527,"{""fixation_baked_in"":false,""palette_values"":{""black"":24,""gray"":133,""white"":232},""render"":{""background_color"":""black"",""content_face_accent_side"":"""",""figure_color"":""gray"",""figure_region"":""vase"",""fixation_baked_in"":false,""shade_color"":"""",""shadow_dx"":0.0,""shadow_dy"":0.0,""shadow_max_radius"":0.065,""shadow_min_abs_component"":0.02,""shadow_pair_mirrored"":false,""shadow_seed"":12838121541142185889,""third_color"":""white""}}"
wm-cc0-classic__cv-oa-sn-mv-pbw,wm-cc0-classic,wm-cc0-classic,596EEB6B073D2C83ECB93EDF53BF7EB1B7ADF8A7511997D49E7535B276479706,CC0-1.0,content-vase__outline-ambiguous__shading-none__material-vase__polarity-outer-black_center-white,cv-oa-sn-mv-pbw,vase,ambiguous,none,vase,outer-black_center-white,vase,False,,content|material,vase,white,black,gray,,,0.0,0.0,False,11262083891122051646,78108,v1,png/wm-cc0-classic__cv-oa-sn-mv-pbw.png,svg/wm-cc0-classic__cv-oa-sn-mv-pbw.svg,9f66051929c0a4e9dd590f9e3a8ae10b335f2767e17184e9f978cad3a50ee7cd,26103aa6406c4beb0e08676fab0380ca90d6f44906ca5b4f13ceaa2b60f4cf14,0.3602888967476639,0.8432503964479733,0.007050708999386658,0.24389069829301963,2.059891247081372,0.4555898515692527,"{""fixation_baked_in"":false,""palette_values"":{""black"":24,""gray"":133,""white"":232},""render"":{""background_color"":""black"",""content_face_accent_side"":"""",""figure_color"":""white"",""figure_region"":""vase"",""fixation_baked_in"":false,""shade_color"":"""",""shadow_dx"":0.0,""shadow_dy"":0.0,""shadow_max_radius"":0.065,""shadow_min_abs_component"":0.02,""shadow_pair_mirrored"":false,""shadow_seed"":11262083891122051646,""third_color"":""gray""}}"
wm-cc0-classic__cv-oa-sn-mv-pgb,wm-cc0-classic,wm-cc0-classic,596EEB6B073D2C83ECB93EDF53BF7EB1B7ADF8A7511997D49E7535B276479706,CC0-1.0,content-vase__outline-ambiguous__shading-none__material-vase__polarity-outer-gray_center-black,cv-oa-sn-mv-pgb,vase,ambiguous,none,vase,outer-gray_center-black,vase,False,,content|material,vase,black,gray,white,,,0.0,0.0,False,4908654319689281208,78108,v1,png/wm-cc0-classic__cv-oa-sn-mv-pgb.png,svg/wm-cc0-classic__cv-oa-sn-mv-pgb.svg,5a5b159d6fb9304a8dfe9fd1dc37af3bec3a7a10d00c27861ce20181fd17cbaf,6d00e2013ebb0a464671328d9be391a5f33ddf71230863a4ed9f5720a748814e,0.5406454273298675,0.4222412124503969,0.0065757903693002134,0.24389069829301963,2.059891247081372,0.4555898515692527,"{""fixation_baked_in"":false,""palette_values"":{""black"":24,""gray"":133,""white"":232},""render"":{""background_color"":""gray"",""content_face_accent_side"":"""",""figure_color"":""black"",""figure_region"":""vase"",""fixation_baked_in"":false,""shade_color"":"""",""shadow_dx"":0.0,""shadow_dy"":0.0,""shadow_max_radius"":0.065,""shadow_min_abs_component"":0.02,""shadow_pair_mirrored"":false,""shadow_seed"":4908654319689281208,""third_color"":""white""}}"
wm-cc0-classic__cv-oa-sn-mv-pgw,wm-cc0-classic,wm-cc0-classic,596EEB6B073D2C83ECB93EDF53BF7EB1B7ADF8A7511997D49E7535B276479706,CC0-1.0,content-vase__outline-ambiguous__shading-none__material-vase__polarity-outer-gray_center-white,cv-oa-sn-mv-pgw,vase,ambiguous,none,vase,outer-gray_center-white,vase,False,,content|material,vase,white,gray,black,,,0.0,0.0,False,3601687101755536875,78108,v1,png/wm-cc0-classic__cv-oa-sn-mv-pgw.png,svg/wm-cc0-classic__cv-oa-sn-mv-pgw.svg,2134047485260ea8956ae7264cac916afe68585591be517b6c36fee33ddacbb2,21a6c190233e4e8487147e8d6f0acab0fba7348db7363906cfa0b44c4291d02f,0.49394879060633046,0.49822106407346833,0.0067017160756042415,0.24389069829301963,2.059891247081372,0.4555898515692527,"{""fixation_baked_in"":false,""palette_values"":{""black"":24,""gray"":133,""white"":232},""render"":{""background_color"":""gray"",""content_face_accent_side"":"""",""figure_color"":""white"",""figure_region"":""vase"",""fixation_baked_in"":false,""shade_color"":"""",""shadow_dx"":0.0,""shadow_dy"":0.0,""shadow_max_radius"":0.065,""shadow_min_abs_component"":0.02,""shadow_pair_mirrored"":false,""shadow_seed"":3601687101755536875,""third_color"":""black""}}"
wm-cc0-classic__cv-oa-sn-mv-pwb,wm-cc0-classic,wm-cc0-classic,596EEB6B073D2C83ECB93EDF53BF7EB1B7ADF8A7511997D49E7535B276479706,CC0-1.0,content-vase__outline-ambiguous__shading-none__material-vase__polarity-outer-white_center-black,cv-oa-sn-mv-pwb,vase,ambiguous,none,vase,outer-white_center-black,vase,False,,content|material,vase,black,white,gray,,,0.0,0.0,False,11198295313157137563,78108,v1,png/wm-cc0-classic__cv-oa-sn-mv-pwb.png,svg/wm-cc0-classic__cv-oa-sn-mv-pwb.svg,b75c28477db89820ba3f2a2db2181fe0d825c22efe5c1ed40712baec692a6fa3,467183143dd985cedbcdaaaaeba78fb9e82a397181f2905d377c34f217353c8b,0.6620862100638596,0.42648762278662344,0.0069022021687462866,0.24389069829301963,2.059891247081372,0.4555898515692527,"{""fixation_baked_in"":false,""palette_values"":{""black"":24,""gray"":133,""white"":232},""render"":{""background_color"":""white"",""content_face_accent_side"":"""",""figure_color"":""black"",""figure_region"":""vase"",""fixation_baked_in"":false,""shade_color"":"""",""shadow_dx"":0.0,""shadow_dy"":0.0,""shadow_max_radius"":0.065,""shadow_min_abs_component"":0.02,""shadow_pair_mirrored"":false,""shadow_seed"":11198295313157137563,""third_color"":""gray""}}"
wm-cc0-classic__cv-oa-sn-mv-pwg,wm-cc0-classic,wm-cc0-classic,596EEB6B073D2C83ECB93EDF53BF7EB1B7ADF8A7511997D49E7535B276479706,CC0-1.0,content-vase__outline-ambiguous__shading-none__material-vase__polarity-outer-white_center-gray,cv-oa-sn-mv-pwg,vase,ambiguous,none,vase,outer-white_center-gray,vase,False,,content|material,vase,gray,white,black,,,0.0,0.0,False,17721537556105024879,78108,v1,png/wm-cc0-classic__cv-oa-sn-mv-pwg.png,svg/wm-cc0-classic__cv-oa-sn-mv-pwg.svg,b977b0955736e196b19f353f0e8fff800448148d35c2fc602945524728e004d8,da26da1127d8283254995bea5cd2e1acfe35e0d06ea407279b767496a1642730,0.6568229301303041,0.5039580587174832,0.01196438336759435,0.24389069829301963,2.059891247081372,0.4555898515692527,"{""fixation_baked_in"":false,""palette_values"":{""black"":24,""gray"":133,""white"":232},""render"":{""background_color"":""white"",""content_face_accent_side"":"""",""figure_color"":""gray"",""figure_region"":""vase"",""fixation_baked_in"":false,""shade_color"":"""",""shadow_dx"":0.0,""shadow_dy"":0.0,""shadow_max_radius"":0.065,""shadow_min_abs_component"":0.02,""shadow_pair_mirrored"":false,""shadow_seed"":17721537556105024879,""third_color"":""black""}}"
wm-cc0-classic__cv-oa-sf-ma-pbg,wm-cc0-classic,wm-cc0-classic,596EEB6B073D2C83ECB93EDF53BF7EB1B7ADF8A7511997D49E7535B276479706,CC0-1.0,content-vase__outline-ambiguous__shading-figure__material-ambiguous__polarity-outer-black_center-gray,cv-oa-sf-ma-pbg,vase,ambiguous,figure,ambiguous,outer-black_center-gray,vase,False,,content|shading,vase,gray,black,white,white,,0.02914497416115704,-0.02233767737477091,False,15401773011403900992,78108,v1,png/wm-cc0-classic__cv-oa-sf-ma-pbg.png,svg/wm-cc0-classic__cv-oa-sf-ma-pbg.svg,2e2e09d6d930b1db6010cf2a21dcf483b3ebd0c92f5eb31fb8a7a6d4cfd950ca,2fd626f8be15f810130d137fed3c1b8dab380bb657b55a6c169432c4e13f29aa,0.38982117970784513,0.8552319376532381,0.010761680191382517,0.24389069829301963,2.059891247081372,0.4555898515692527,"{""fixation_baked_in"":false,""palette_values"":{""black"":24,""gray"":133,""white"":232},""render"":{""background_color"":""black"",""content_face_accent_side"":"""",""figure_color"":""gray"",""figure_region"":""vase"",""fixation_baked_in"":false,""shade_color"":""white"",""shadow_dx"":0.02914497416115704,""shadow_dy"":-0.02233767737477091,""shadow_max_radius"":0.065,""shadow_min_abs_component"":0.02,""shadow_pair_mirrored"":false,""shadow_seed"":15401773011403900992,""third_color"":""white""}}"
wm-cc0-classic__cv-oa-sf-ma-pbw,wm-cc0-classic,wm-cc0-classic,596EEB6B073D2C83ECB93EDF53BF7EB1B7ADF8A7511997D49E7535B276479706,CC0-1.0,content-vase__outline-ambiguous__shading-figure__material-ambiguous__polarity-outer-black_center-white,cv-oa-sf-ma-pbw,vase,ambiguous,figure,ambiguous,outer-black_center-white,vase,False,,content|shading,vase,white,black,gray,gray,,-0.038369680664290244,-0.027712938447343145,False,2974622472747149126,78108,v1,png/wm-cc0-classic__cv-oa-sf-ma-pbw.png,svg/wm-cc0-classic__cv-oa-sf-ma-pbw.svg,538be308f9f383b00874aca92148c97724e44068b7882998bcab293b4c29cfca,a31e67a29f1c7cb80e7d0026b222ad809fe934cd6b1928eeae32d8d627fbdb36,0.39441409391515403,0.8580056735919585,0.006383278048511684,0.24389069829301963,2.059891247081372,0.4555898515692527,"{""fixation_baked_in"":false,""palette_values"":{""black"":24,""gray"":133,""white"":232},""render"":{""background_color"":""black"",""content_face_accent_side"":"""",""figure_color"":""white"",""figure_region"":""vase"",""fixation_baked_in"":false,""shade_color"":""gray"",""shadow_dx"":-0.038369680664290244,""shadow_dy"":-0.027712938447343145,""shadow_max_radius"":0.065,""shadow_min_abs_component"":0.02,""shadow_pair_mirrored"":false,""shadow_seed"":2974622472747149126,""third_color"":""gray""}}"
wm-cc0-classic__cv-oa-sf-ma-pgb,wm-cc0-classic,wm-cc0-classic,596EEB6B073D2C83ECB93EDF53BF7EB1B7ADF8A7511997D49E7535B276479706,CC0-1.0,content-vase__outline-ambiguous__shading-figure__material-ambiguous__polarity-outer-gray_center-black,cv-oa-sf-ma-pgb,vase,ambiguous,figure,ambiguous,outer-gray_center-black,vase,False,,content|shading,vase,black,gray,white,white,,0.035813689860762304,-0.025222592707261335,False,7359925159441051045,78108,v1,png/wm-cc0-classic__cv-oa-sf-ma-pgb.png,svg/wm-cc0-classic__cv-oa-sf-ma-pgb.svg,58ea69880148264d4c723566f964158ef0064a455b026905a4a84e452524aaea,28d37d72370b8545413a5a6c2ca239a7b21b52e392ebed542b74df19766e47c5,0.5092821943993663,0.5530061842907925,0.005808080808080807,0.24389069829301963,2.059891247081372,0.4555898515692527,"{""fixation_baked_in"":false,""palette_values"":{""black"":24,""gray"":133,""white"":232},""render"":{""background_color"":""gray"",""content_face_accent_side"":"""",""figure_color"":""black"",""figure_region"":""vase"",""fixation_baked_in"":false,""shade_color"":""white"",""shadow_dx"":0.035813689860762304,""shadow_dy"":-0.025222592707261335,""shadow_max_radius"":0.065,""shadow_min_abs_component"":0.02,""shadow_pair_mirrored"":false,""shadow_seed"":7359925159441051045,""third_color"":""white""}}"
wm-cc0-classic__cv-oa-sf-ma-pgw,wm-cc0-classic,wm-cc0-classic,596EEB6B073D2C83ECB93EDF53BF7EB1B7ADF8A7511997D49E7535B276479706,CC0-1.0,content-vase__outline-ambiguous__shading-figure__material-ambiguous__polarity-outer-gray_center-white,cv-oa-sf-ma-pgw,vase,ambiguous,figure,ambiguous,outer-gray_center-white,vase,False,,content|shading,vase,white,gray,black,black,,0.025487786751562085,-0.033277413337162776,False,1889542462396442994,78108,v1,png/wm-cc0-classic__cv-oa-sf-ma-pgw.png,svg/wm-cc0-classic__cv-oa-sf-ma-pgw.svg,7c29ead8cfa69d752f8da9c4f9ca0d448eff920af0c3812e9785907e6513f944,b33f92104718351abeb4e749bb52edf54f0ff81c532e861afbec452e0a3693ef,0.513172908857757,0.5507104535543256,0.006259684577032185,0.24389069829301963,2.059891247081372,0.4555898515692527,"{""fixation_baked_in"":false,""palette_values"":{""black"":24,""gray"":133,""white"":232},""render"":{""background_color"":""gray"",""content_face_accent_side"":"""",""figure_color"":""white"",""figure_region"":""vase"",""fixation_baked_in"":false,""shade_color"":""black"",""shadow_dx"":0.025487786751562085,""shadow_dy"":-0.033277413337162776,""shadow_max_radius"":0.065,""shadow_min_abs_component"":0.02,""shadow_pair_mirrored"":false,""shadow_seed"":1889542462396442994,""third_color"":""black""}}"
wm-cc0-classic__cv-oa-sf-ma-pwb,wm-cc0-classic,wm-cc0-classic,596EEB6B073D2C83ECB93EDF53BF7EB1B7ADF8A7511997D49E7535B276479706,CC0-1.0,content-vase__outline-ambiguous__shading-figure__material-ambiguous__polarity-outer-white_center-black,cv-oa-sf-ma-pwb,vase,ambiguous,figure,ambiguous,outer-white_center-black,vase,False,,content|shading,vase,black,white,gray,gray,,0.03172540021426467,0.027796790952898512,False,8421522945984990659,78108,v1,png/wm-cc0-classic__cv-oa-sf-ma-pwb.png,svg/wm-cc0-classic__cv-oa-sf-ma-pwb.svg,a724e8c9a0eecec53a6dfd6d72cda1c64b919c0f8d5b354dc95f110653ea9435,4b6d5023a056e1d1e965451e1e074bf1dc04268454f41c9da1a57840bde9e825,0.621361796061198,0.5409867042248697,0.005902818956883828,0.24389069829301963,2.059891247081372,0.4555898515692527,"{""fixation_baked_in"":false,""palette_values"":{""black"":24,""gray"":133,""white"":232},""render"":{""background_color"":""white"",""content_face_accent_side"":"""",""figure_color"":""black"",""figure_region"":""vase"",""fixation_baked_in"":false,""shade_color"":""gray"",""shadow_dx"":0.03172540021426467,""shadow_dy"":0.027796790952898512,""shadow_max_radius"":0.065,""shadow_min_abs_component"":0.02,""shadow_pair_mirrored"":false,""shadow_seed"":8421522945984990659,""third_color"":""gray""}}"
wm-cc0-classic__cv-oa-sf-ma-pwg,wm-cc0-classic,wm-cc0-classic,596EEB6B073D2C83ECB93EDF53BF7EB1B7ADF8A7511997D49E7535B276479706,CC0-1.0,content-vase__outline-ambiguous__shading-figure__material-ambiguous__polarity-outer-white_center-gray,cv-oa-sf-ma-pwg,vase,ambiguous,figure,ambiguous,outer-white_center-gray,vase,False,,content|shading,vase,gray,white,black,black,,-0.021533661020299816,0.023468314123167973,False,6799433767857640202,78108,v1,png/wm-cc0-classic__cv-oa-sf-ma-pwg.png,svg/wm-cc0-classic__cv-oa-sf-ma-pwg.svg,ad1bed7fa3de0098475b09903c59a56167f7d4dd3b707fd9a494f461b77f03b2,4aaef35abe6546da0ba35caaac12d976723b77ce3e747ddaff5872ac920dc617,0.6278193492515416,0.5232610402103754,0.01061899833247082,0.24389069829301963,2.059891247081372,0.4555898515692527,"{""fixation_baked_in"":false,""palette_values"":{""black"":24,""gray"":133,""white"":232},""render"":{""background_color"":""white"",""content_face_accent_side"":"""",""figure_color"":""gray"",""figure_region"":""vase"",""fixation_baked_in"":false,""shade_color"":""black"",""shadow_dx"":-0.021533661020299816,""shadow_dy"":0.023468314123167973,""shadow_max_radius"":0.065,""shadow_min_abs_component"":0.02,""shadow_pair_mirrored"":false,""shadow_seed"":6799433767857640202,""third_color"":""black""}}"
wm-cc0-classic__cv-of-sn-ma-pbg,wm-cc0-classic,wm-cc0-classic,596EEB6B073D2C83ECB93EDF53BF7EB1B7ADF8A7511997D49E7535B276479706,CC0-1.0,content-vase__outline-face__shading-none__material-ambiguous__polarity-outer-black_center-gray,cv-of-sn-ma-pbg,vase,face,none,ambiguous,outer-black_center-gray,conflict,True,outline,content,face,black,gray,white,,,0.0,0.0,False,3368040924835834790,78108,v1,png/wm-cc0-classic__cv-of-sn-ma-pbg.png,svg/wm-cc0-classic__cv-of-sn-ma-pbg.svg,4aa3a0658efa0668804e24957383f8fa47fdf4d9c08f098f8658e94190823fb2,ad6e3b1b15ea3119d8fa1c8f927b69fd6cbf36bfb11e21240664f24b5784c523,0.4388045142678654,0.7082610151513461,0.01049583162627221,0.24389069829301963,2.059891247081372,0.4555898515692527,"{""fixation_baked_in"":false,""palette_values"":{""black"":24,""gray"":133,""white"":232},""render"":{""background_color"":""gray"",""content_face_accent_side"":"""",""figure_color"":""black"",""figure_region"":""face"",""fixation_baked_in"":false,""shade_color"":"""",""shadow_dx"":0.0,""shadow_dy"":0.0,""shadow_max_radius"":0.065,""shadow_min_abs_component"":0.02,""shadow_pair_mirrored"":false,""shadow_seed"":3368040924835834790,""third_color"":""white""}}"
wm-cc0-classic__cv-of-sn-ma-pbw,wm-cc0-classic,wm-cc0-classic,596EEB6B073D2C83ECB93EDF53BF7EB1B7ADF8A7511997D49E7535B276479706,CC0-1.0,content-vase__outline-face__shading-none__material-ambiguous__polarity-outer-black_center-white,cv-of-sn-ma-pbw,vase,face,none,ambiguous,outer-black_center-white,conflict,True,outline,content,face,black,white,gray,,,0.0,0.0,False,6993710833678537761,78108,v1,png/wm-cc0-classic__cv-of-sn-ma-pbw.png,svg/wm-cc0-classic__cv-of-sn-ma-pbw.svg,8ef0ee2d6d81578cc50deeb94add99703a861b4d8a3f74074b9c3056143cb5f7,dec9c0681473914cfec9e9b24f42cc7bfc721fadae29bea7140093eceae2f67b,0.5016510421154547,0.7150739737270784,0.006375528889463901,0.24389069829301963,2.059891247081372,0.4555898515692527,"{""fixation_baked_in"":false,""palette_values"":{""black"":24,""gray"":133,""white"":232},""render"":{""background_color"":""white"",""content_face_accent_side"":"""",""figure_color"":""black"",""figure_region"":""face"",""fixation_baked_in"":false,""shade_color"":"""",""shadow_dx"":0.0,""shadow_dy"":0.0,""shadow_max_radius"":0.065,""shadow_min_abs_component"":0.02,""shadow_pair_mirrored"":false,""shadow_seed"":6993710833678537761,""third_color"":""gray""}}"
wm-cc0-classic__cv-of-sn-ma-pgb,wm-cc0-classic,wm-cc0-classic,596EEB6B073D2C83ECB93EDF53BF7EB1B7ADF8A7511997D49E7535B276479706,CC0-1.0,content-vase__outline-face__shading-none__material-ambiguous__polarity-outer-gray_center-black,cv-of-sn-ma-pgb,vase,face,none,ambiguous,outer-gray_center-black,conflict,True,outline,content,face,gray,black,white,,,0.0,0.0,False,16836135693924468563,78108,v1,png/wm-cc0-classic__cv-of-sn-ma-pgb.png,svg/wm-cc0-classic__cv-of-sn-ma-pgb.svg,40346e3cc031faf4cf92a59328491435fef262269793111beb1890aa3dd7160e,d58c901575bbfca4099148498ad9e1b3e1017fedc38b93de6685cb58dd862751,0.4436861561793908,0.7012729149625226,0.005564966853065763,0.24389069829301963,2.059891247081372,0.4555898515692527,"{""fixation_baked_in"":false,""palette_values"":{""black"":24,""gray"":133,""white"":232},""render"":{""background_color"":""black"",""content_face_accent_side"":"""",""figure_color"":""gray"",""figure_region"":""face"",""fixation_baked_in"":false,""shade_color"":"""",""shadow_dx"":0.0,""shadow_dy"":0.0,""shadow_max_radius"":0.065,""shadow_min_abs_component"":0.02,""shadow_pair_mirrored"":false,""shadow_seed"":16836135693924468563,""third_color"":""white""}}"
wm-cc0-classic__cv-of-sn-ma-pgw,wm-cc0-classic,wm-cc0-classic,596EEB6B073D2C83ECB93EDF53BF7EB1B7ADF8A7511997D49E7535B276479706,CC0-1.0,content-vase__outline-face__shading-none__material-ambiguous__polarity-outer-gray_center-white,cv-of-sn-ma-pgw,vase,face,none,ambiguous,outer-gray_center-white,conflict,True,outline,content,face,gray,white,black,,,0.0,0.0,False,12539446000317959700,78108,v1,png/wm-cc0-classic__cv-of-sn-ma-pgw.png,svg/wm-cc0-classic__cv-of-sn-ma-pgw.svg,e02754baded22bfb21e95e47e81900fbb87436a0cfb2c489138d8addcd5372a4,8ab029ad85f8de6ae90ded7d8cbdf3362fb9dc5dad044a66cde0007909d9ed15,0.5756726657643039,0.5345870998411062,0.005983698464723135,0.24389069829301963,2.059891247081372,0.4555898515692527,"{""fixation_baked_in"":false,""palette_values"":{""black"":24,""gray"":133,""white"":232},""render"":{""background_color"":""white"",""content_face_accent_side"":"""",""figure_color"":""gray"",""figure_region"":""face"",""fixation_baked_in"":false,""shade_color"":"""",""shadow_dx"":0.0,""shadow_dy"":0.0,""shadow_max_radius"":0.065,""shadow_min_abs_component"":0.02,""shadow_pair_mirrored"":false,""shadow_seed"":12539446000317959700,""third_color"":""black""}}"
wm-cc0-classic__cv-of-sn-ma-pwb,wm-cc0-classic,wm-cc0-classic,596EEB6B073D2C83ECB93EDF53BF7EB1B7ADF8A7511997D49E7535B276479706,CC0-1.0,content-vase__outline-face__shading-none__material-ambiguous__polarity-outer-white_center-black,cv-of-sn-ma-pwb,vase,face,none,ambiguous,outer-white_center-black,conflict,True,outline,content,face,white,black,gray,,,0.0,0.0,False,11290914686275079756,78108,v1,png/wm-cc0-classic__cv-of-sn-ma-pwb.png,svg/wm-cc0-classic__cv-of-sn-ma-pwb.svg,5801b65978a0b624b8b7aafeff0ffcab530a4449bed55eb346672acd1a7826a5,90785b451f32ae45f7ea0d34be8b7d1a2019a61858d54c4d96028ef70dac9293,0.5109621459362554,0.702081909675238,0.0059180702003430894,0.24389069829301963,2.059891247081372,0.4555898515692527,"{""fixation_baked_in"":false,""palette_values"":{""black"":24,""gray"":133,""white"":232},""render"":{""background_color"":""black"",""content_face_accent_side"":"""",""figure_color"":""white"",""figure_region"":""face"",""fixation_baked_in"":false,""shade_color"":"""",""shadow_dx"":0.0,""shadow_dy"":0.0,""shadow_max_radius"":0.065,""shadow_min_abs_component"":0.02,""shadow_pair_mirrored"":false,""shadow_seed"":11290914686275079756,""third_color"":""gray""}}"
wm-cc0-classic__cv-of-sn-ma-pwg,wm-cc0-classic,wm-cc0-classic,596EEB6B073D2C83ECB93EDF53BF7EB1B7ADF8A7511997D49E7535B276479706,CC0-1.0,content-vase__outline-face__shading-none__material-ambiguous__polarity-outer-white_center-gray,cv-of-sn-ma-pwg,vase,face,none,ambiguous,outer-white_center-gray,conflict,True,outline,content,face,white,gray,black,,,0.0,0.0,False,14914432272990771403,78108,v1,png/wm-cc0-classic__cv-of-sn-ma-pwg.png,svg/wm-cc0-classic__cv-of-sn-ma-pwg.svg,a77f9593f6fef328bc433db823e4f285d65012ad476cad7879d56fc50aed0e21,b10357b20896e3da81576919f5d8cae9638ec5e4af6151561296e3102e88f610,0.5801555035161038,0.5298074120099515,0.010461286099850498,0.24389069829301963,2.059891247081372,0.4555898515692527,"{""fixation_baked_in"":false,""palette_values"":{""black"":24,""gray"":133,""white"":232},""render"":{""background_color"":""gray"",""content_face_accent_side"":"""",""figure_color"":""white"",""figure_region"":""face"",""fixation_baked_in"":false,""shade_color"":"""",""shadow_dx"":0.0,""shadow_dy"":0.0,""shadow_max_radius"":0.065,""shadow_min_abs_component"":0.02,""shadow_pair_mirrored"":false,""shadow_seed"":14914432272990771403,""third_color"":""black""}}"
wm-cc0-classic__cv-of-sn-mv-pbg,wm-cc0-classic,wm-cc0-classic,596EEB6B073D2C83ECB93EDF53BF7EB1B7ADF8A7511997D49E7535B276479706,CC0-1.0,content-vase__outline-face__shading-none__material-vase__polarity-outer-black_center-gray,cv-of-sn-mv-pbg,vase,face,none,vase,outer-black_center-gray,conflict,True,outline,content|material,face,black,gray,white,,,0.0,0.0,False,16447992069264418651,78108,v1,png/wm-cc0-classic__cv-of-sn-mv-pbg.png,svg/wm-cc0-classic__cv-of-sn-mv-pbg.svg,e9cd125a2c43bf4c0047a3f581d0cca88e60f7ef5a88514e69bbf9671a690c73,2efbfd301375963934845233d3daede5fefa9e8d8e60b350155461c2f25a938f,0.4614184510474112,0.71452801127736,0.012062992352366167,0.24389069829301963,2.059891247081372,0.4555898515692527,"{""fixation_baked_in"":false,""palette_values"":{""black"":24,""gray"":133,""white"":232},""render"":{""background_color"":""gray"",""content_face_accent_side"":"""",""figure_color"":""black"",""figure_region"":""face"",""fixation_baked_in"":false,""shade_color"":"""",""shadow_dx"":0.0,""shadow_dy"":0.0,""shadow_max_radius"":0.065,""shadow_min_abs_component"":0.02,""shadow_pair_mirrored"":false,""shadow_seed"":16447992069264418651,""third_color"":""white""}}"
wm-cc0-classic__cv-of-sn-mv-pbw,wm-cc0-classic,wm-cc0-classic,596EEB6B073D2C83ECB93EDF53BF7EB1B7ADF8A7511997D49E7535B276479706,CC0-1.0,content-vase__outline-face__shading-none__material-vase__polarity-outer-black_center-white,cv-of-sn-mv-pbw,vase,face,none,vase,outer-black_center-white,conflict,True,outline,content|material,face,black,white,gray,,,0.0,0.0,False,881690330198624832,78108,v1,png/wm-cc0-classic__cv-of-sn-mv-pbw.png,svg/wm-cc0-classic__cv-of-sn-mv-pbw.svg,0b35e4a38e614d918fa275b6b1894863cdf43472ac25c08210a371a114bf8f71,30c587b1961a40416ef05c939e4d591ff9a057d9a5088ca38ac1ac7cf1b6f616,0.47429720186719715,0.7042209758894205,0.00722877494106147,0.24389069829301963,2.059891247081372,0.4555898515692527,"{""fixation_baked_in"":false,""palette_values"":{""black"":24,""gray"":133,""white"":232},""render"":{""background_color"":""white"",""content_face_accent_side"":"""",""figure_color"":""black"",""figure_region"":""face"",""fixation_baked_in"":false,""shade_color"":"""",""shadow_dx"":0.0,""shadow_dy"":0.0,""shadow_max_radius"":0.065,""shadow_min_abs_component"":0.02,""shadow_pair_mirrored"":false,""shadow_seed"":881690330198624832,""third_color"":""gray""}}"
wm-cc0-classic__cv-of-sn-mv-pgb,wm-cc0-classic,wm-cc0-classic,596EEB6B073D2C83ECB93EDF53BF7EB1B7ADF8A7511997D49E7535B276479706,CC0-1.0,content-vase__outline-face__shading-none__material-vase__polarity-outer-gray_center-black,cv-of-sn-mv-pgb,vase,face,none,vase,outer-gray_center-black,conflict,True,outline,content|material,face,gray,black,white,,,0.0,0.0,False,11236097955133517132,78108,v1,png/wm-cc0-classic__cv-of-sn-mv-pgb.png,svg/wm-cc0-classic__cv-of-sn-mv-pgb.svg,301b1463be287b2cbc78318ec7e149c7db216f6117184b6fc56f5d32f8714611,c79e1aaf9bc1ba0ddb9d7742811ea9b4401061b6179cba51fd17e74068ad1501,0.48090026705872785,0.5745509203413551,0.006714223293178465,0.24389069829301963,2.059891247081372,0.4555898515692527,"{""fixation_baked_in"":false,""palette_values"":{""black"":24,""gray"":133,""white"":232},""render"":{""background_color"":""black"",""content_face_accent_side"":"""",""figure_color"":""gray"",""figure_region"":""face"",""fixation_baked_in"":false,""shade_color"":"""",""shadow_dx"":0.0,""shadow_dy"":0.0,""shadow_max_radius"":0.065,""shadow_min_abs_component"":0.02,""shadow_pair_mirrored"":false,""shadow_seed"":11236097955133517132,""third_color"":""white""}}"
wm-cc0-classic__cv-of-sn-mv-pgw,wm-cc0-classic,wm-cc0-classic,596EEB6B073D2C83ECB93EDF53BF7EB1B7ADF8A7511997D49E7535B276479706,CC0-1.0,content-vase__outline-face__shading-none__material-vase__polarity-outer-gray_center-white,cv-of-sn-mv-pgw,vase,face,none,vase,outer-gray_center-white,conflict,True,outline,content|material,face,gray,white,black,,,0.0,0.0,False,10032778619701237202,78108,v1,png/wm-cc0-classic__cv-of-sn-mv-pgw.png,svg/wm-cc0-classic__cv-of-sn-mv-pgw.svg,278e137884c07d453b1c9453e17bfc9a83b77c77af9495191ef63510493cd38b,d6622e4235ad72d90a316cb757b08c68345f921fb40fea9b7533046f41e41338,0.5482118980557311,0.5212738957305498,0.006862430639411192,0.24389069829301963,2.059891247081372,0.4555898515692527,"{""fixation_baked_in"":false,""palette_values"":{""black"":24,""gray"":133,""white"":232},""render"":{""background_color"":""white"",""content_face_accent_side"":"""",""figure_color"":""gray"",""figure_region"":""face"",""fixation_baked_in"":false,""shade_color"":"""",""shadow_dx"":0.0,""shadow_dy"":0.0,""shadow_max_radius"":0.065,""shadow_min_abs_component"":0.02,""shadow_pair_mirrored"":false,""shadow_seed"":10032778619701237202,""third_color"":""black""}}"
wm-cc0-classic__cv-of-sn-mv-pwb,wm-cc0-classic,wm-cc0-classic,596EEB6B073D2C83ECB93EDF53BF7EB1B7ADF8A7511997D49E7535B276479706,CC0-1.0,content-vase__outline-face__shading-none__material-vase__polarity-outer-white_center-black,cv-of-sn-mv-pwb,vase,face,none,vase,outer-white_center-black,conflict,True,outline,content|material,face,white,black,gray,,,0.0,0.0,False,15147461904640294340,78108,v1,png/wm-cc0-classic__cv-of-sn-mv-pwb.png,svg/wm-cc0-classic__cv-of-sn-mv-pwb.svg,4f254e61f3fce5d7c9e02ba1b94535859ec4fb7eb99006a046d00b9667478544,df3f09b42ad30fb77b02e59847bc882c2e083a323368926c069a0ce9a971722f,0.5480780657599955,0.5861533153044436,0.007054250402507045,0.24389069829301963,2.059891247081372,0.4555898515692527,"{""fixation_baked_in"":false,""palette_values"":{""black"":24,""gray"":133,""white"":232},""render"":{""background_color"":""black"",""content_face_accent_side"":"""",""figure_color"":""white"",""figure_region"":""face"",""fixation_baked_in"":false,""shade_color"":"""",""shadow_dx"":0.0,""shadow_dy"":0.0,""shadow_max_radius"":0.065,""shadow_min_abs_component"":0.02,""shadow_pair_mirrored"":false,""shadow_seed"":15147461904640294340,""third_color"":""gray""}}"
wm-cc0-classic__cv-of-sn-mv-pwg,wm-cc0-classic,wm-cc0-classic,596EEB6B073D2C83ECB93EDF53BF7EB1B7ADF8A7511997D49E7535B276479706,CC0-1.0,content-vase__outline-face__shading-none__material-vase__polarity-outer-white_center-gray,cv-of-sn-mv-pwg,vase,face,none,vase,outer-white_center-gray,conflict,True,outline,content|material,face,white,gray,black,,,0.0,0.0,False,15289082828460663557,78108,v1,png/wm-cc0-classic__cv-of-sn-mv-pwg.png,svg/wm-cc0-classic__cv-of-sn-mv-pwg.svg,eb9706abb8239c91ee475bd86cc7320835522e21d1983c931c024e35bfdac7b6,67a4686de2e1a4e90832c72eb02e4f9cc8a4337fdc278366c72bf7f9f46da6c2,0.6025618160472198,0.5254087901933338,0.012056796768683037,0.24389069829301963,2.059891247081372,0.4555898515692527,"{""fixation_baked_in"":false,""palette_values"":{""black"":24,""gray"":133,""white"":232},""render"":{""background_color"":""gray"",""content_face_accent_side"":"""",""figure_color"":""white"",""figure_region"":""face"",""fixation_baked_in"":false,""shade_color"":"""",""shadow_dx"":0.0,""shadow_dy"":0.0,""shadow_max_radius"":0.065,""shadow_min_abs_component"":0.02,""shadow_pair_mirrored"":false,""shadow_seed"":15289082828460663557,""third_color"":""black""}}"
wm-cc0-classic__cv-of-sf-ma-pbg,wm-cc0-classic,wm-cc0-classic,596EEB6B073D2C83ECB93EDF53BF7EB1B7ADF8A7511997D49E7535B276479706,CC0-1.0,content-vase__outline-face__shading-figure__material-ambiguous__polarity-outer-black_center-gray,cv-of-sf-ma-pbg,vase,face,figure,ambiguous,outer-black_center-gray,conflict,True,outline|shading,content,face,black,gray,white,white,,0.036055474160191094,-0.03904867759437638,True,3785836988593240516,78108,v1,png/wm-cc0-classic__cv-of-sf-ma-pbg.png,svg/wm-cc0-classic__cv-of-sf-ma-pbg.svg,0b6b7356245fc1c0a4f475811e2d49a7b0758b2ce2af75734c4ef4224a6c547c,d245d6fdb9fcac6f9fc5ea0fba3f0d1cda34c08c55d0e00cb15cb99af3a4e1c3,0.47223854812921273,0.7143834098897797,0.011354756650949727,0.24389069829301963,2.059891247081372,0.4555898515692527,"{""fixation_baked_in"":false,""palette_values"":{""black"":24,""gray"":133,""white"":232},""render"":{""background_color"":""gray"",""content_face_accent_side"":"""",""figure_color"":""black"",""figure_region"":""face"",""fixation_baked_in"":false,""shade_color"":""white"",""shadow_dx"":0.036055474160191094,""shadow_dy"":-0.03904867759437638,""shadow_max_radius"":0.065,""shadow_min_abs_component"":0.02,""shadow_pair_mirrored"":true,""shadow_seed"":3785836988593240516,""third_color"":""white""}}"
wm-cc0-classic__cv-of-sf-ma-pbw,wm-cc0-classic,wm-cc0-classic,596EEB6B073D2C83ECB93EDF53BF7EB1B7ADF8A7511997D49E7535B276479706,CC0-1.0,content-vase__outline-face__shading-figure__material-ambiguous__polarity-outer-black_center-white,cv-of-sf-ma-pbw,vase,face,figure,ambiguous,outer-black_center-white,conflict,True,outline|shading,content,face,black,white,gray,gray,,-0.025098670807610624,0.02243717209020932,True,4993266277759810948,78108,v1,png/wm-cc0-classic__cv-of-sf-ma-pbw.png,svg/wm-cc0-classic__cv-of-sf-ma-pbw.svg,05f58d76d1d46ef86e85ed60f0a28ace427e53d6c28ce9eb6d6f49793ca48bdb,a0ce1fabd3b2f2fc42746169e5d3aa92141abbf1de19cdf2734168910addb377,0.49609744128058947,0.7164442058919791,0.006385808691756275,0.24389069829301963,2.059891247081372,0.4555898515692527,"{""fixation_baked_in"":false,""palette_values"":{""black"":24,""gray"":133,""white"":232},""render"":{""background_color"":""white"",""content_face_accent_side"":"""",""figure_color"":""black"",""figure_region"":""face"",""fixation_baked_in"":false,""shade_color"":""gray"",""shadow_dx"":-0.025098670807610624,""shadow_dy"":0.02243717209020932,""shadow_max_radius"":0.065,""shadow_min_abs_component"":0.02,""shadow_pair_mirrored"":true,""shadow_seed"":4993266277759810948,""third_color"":""gray""}}"
wm-cc0-classic__cv-of-sf-ma-pgb,wm-cc0-classic,wm-cc0-classic,596EEB6B073D2C83ECB93EDF53BF7EB1B7ADF8A7511997D49E7535B276479706,CC0-1.0,content-vase__outline-face__shading-figure__material-ambiguous__polarity-outer-gray_center-black,cv-of-sf-ma-pgb,vase,face,figure,ambiguous,outer-gray_center-black,conflict,True,outline|shading,content,face,gray,black,white,white,,0.05640808930220526,-0.025413053760872925,True,13439120576648615782,78108,v1,png/wm-cc0-classic__cv-of-sf-ma-pgb.png,svg/wm-cc0-classic__cv-of-sf-ma-pgb.svg,a67f9c6a412c7b63356f6016a167a234e74742078be648809ddba5ccc71e5187,c7c07afd4aec9c16a10ec56d30da96117d0c255262c480e707298d7f41862f81,0.533807758256501,0.5893348948605799,0.006465516466850671,0.24389069829301963,2.059891247081372,0.4555898515692527,"{""fixation_baked_in"":false,""palette_values"":{""black"":24,""gray"":133,""white"":232},""render"":{""background_color"":""black"",""content_face_accent_side"":"""",""figure_color"":""gray"",""figure_region"":""face"",""fixation_baked_in"":false,""shade_color"":""white"",""shadow_dx"":0.05640808930220526,""shadow_dy"":-0.025413053760872925,""shadow_max_radius"":0.065,""shadow_min_abs_component"":0.02,""shadow_pair_mirrored"":true,""shadow_seed"":13439120576648615782,""third_color"":""white""}}"
wm-cc0-classic__cv-of-sf-ma-pgw,wm-cc0-classic,wm-cc0-classic,596EEB6B073D2C83ECB93EDF53BF7EB1B7ADF8A7511997D49E7535B276479706,CC0-1.0,content-vase__outline-face__shading-figure__material-ambiguous__polarity-outer-gray_center-white,cv-of-sf-ma-pgw,vase,face,figure,ambiguous,outer-gray_center-white,conflict,True,outline|shading,content,face,gray,white,black,black,,0.020987484049552765,-0.03434585955944466,True,8092826723337061906,78108,v1,png/wm-cc0-classic__cv-of-sf-ma-pgw.png,svg/wm-cc0-classic__cv-of-sf-ma-pgw.svg,3610aedaaf1f9882d57edb182ef71a172b28c2b255377f7d65abb8297d7d0ab0,6f47bb82c244a735cc3eb50ddc949746dff651082eca5a17b79c1c8fef995dec,0.5271446789012236,0.59764878719003,0.00687500149742204,0.24389069829301963,2.059891247081372,0.4555898515692527,"{""fixation_baked_in"":false,""palette_values"":{""black"":24,""gray"":133,""white"":232},""render"":{""background_color"":""white"",""content_face_accent_side"":"""",""figure_color"":""gray"",""figure_region"":""face"",""fixation_baked_in"":false,""shade_color"":""black"",""shadow_dx"":0.020987484049552765,""shadow_dy"":-0.03434585955944466,""shadow_max_radius"":0.065,""shadow_min_abs_component"":0.02,""shadow_pair_mirrored"":true,""shadow_seed"":8092826723337061906,""third_color"":""black""}}"
wm-cc0-classic__cv-of-sf-ma-pwb,wm-cc0-classic,wm-cc0-classic,596EEB6B073D2C83ECB93EDF53BF7EB1B7ADF8A7511997D49E7535B276479706,CC0-1.0,content-vase__outline-face__shading-figure__material-ambiguous__polarity-outer-white_center-black,cv-of-sf-ma-pwb,vase,face,figure,ambiguous,outer-white_center-black,conflict,True,outline|shading,content,face,white,black,gray,gray,,0.0318770499297143,-0.021315012582659637,True,8641650592084556623,78108,v1,png/wm-cc0-classic__cv-of-sf-ma-pwb.png,svg/wm-cc0-classic__cv-of-sf-ma-pwb.svg,dd2390d88441d7459344b4310983bf7ded241fed14f2a8c1e86d2b0cd8d42fa2,e0c84de91edeafca572614bf8762d527660055346c8b70606687da73c137dc03,0.5398022109386968,0.6315545208068433,0.006000974971489085,0.24389069829301963,2.059891247081372,0.4555898515692527,"{""fixation_baked_in"":false,""palette_values"":{""black"":24,""gray"":133,""white"":232},""render"":{""background_color"":""black"",""content_face_accent_side"":"""",""figure_color"":""white"",""figure_region"":""face"",""fixation_baked_in"":false,""shade_color"":""gray"",""shadow_dx"":0.0318770499297143,""shadow_dy"":-0.021315012582659637,""shadow_max_radius"":0.065,""shadow_min_abs_component"":0.02,""shadow_pair_mirrored"":true,""shadow_seed"":8641650592084556623,""third_color"":""gray""}}"
wm-cc0-classic__cv-of-sf-ma-pwg,wm-cc0-classic,wm-cc0-classic,596EEB6B073D2C83ECB93EDF53BF7EB1B7ADF8A7511997D49E7535B276479706,CC0-1.0,content-vase__outline-face__shading-figure__material-ambiguous__polarity-outer-white_center-gray,cv-of-sf-ma-pwg,vase,face,figure,ambiguous,outer-white_center-gray,conflict,True,outline|shading,content,face,white,gray,black,black,,-0.0341923323119991,-0.030710868396811173,True,10136481860331398290,78108,v1,png/wm-cc0-classic__cv-of-sf-ma-pwg.png,svg/wm-cc0-classic__cv-of-sf-ma-pwg.svg,db391b5284b005de542d5e06d61d8947ddbcd0549fbabe5d29d6fd4b129598ee,f54177c25e2ad5f7b6851023a9dd121450497b39a3b61b36f00d6434f154130e,0.5749081218943877,0.5423859637823585,0.010716379431171296,0.24389069829301963,2.059891247081372,0.4555898515692527,"{""fixation_baked_in"":false,""palette_values"":{""black"":24,""gray"":133,""white"":232},""render"":{""background_color"":""gray"",""content_face_accent_side"":"""",""figure_color"":""white"",""figure_region"":""face"",""fixation_baked_in"":false,""shade_color"":""black"",""shadow_dx"":-0.0341923323119991,""shadow_dy"":-0.030710868396811173,""shadow_max_radius"":0.065,""shadow_min_abs_component"":0.02,""shadow_pair_mirrored"":true,""shadow_seed"":10136481860331398290,""third_color"":""black""}}"
wm-bysa-classic__cf-oa-sn-ma-pbg,wm-bysa-classic,wm-bysa-classic,BB34384AC53365954798F19FB94DE3DA1913138B3177DAE5077C623FA1FEE610,CC-BY-SA-3.0,content-face__outline-ambiguous__shading-none__material-ambiguous__polarity-outer-black_center-gray,cf-oa-sn-ma-pbg,face,ambiguous,none,ambiguous,outer-black_center-gray,face,False,content,,vase,gray,black,white,,right,0.0,0.0,False,10297778714353984275,78108,v1,png/wm-bysa-classic__cf-oa-sn-ma-pbg.png,svg/wm-bysa-classic__cf-oa-sn-ma-pbg.svg,ba8bad6e7baacb27ecd07cec3d152245a81aef1dcf58f7b2f7233ab4bc4cf103,8ff3513897448368d507fa0da3e2ef14ad08ebee93a7db0eb25acbdaa2f46ce7,0.45023304434383626,0.7599456127463666,0.0009017774998562475,0.2798126716486525,2.0172240345292005,0.5784606810366129,"{""fixation_baked_in"":false,""palette_values"":{""black"":24,""gray"":133,""white"":232},""render"":{""background_color"":""black"",""content_face_accent_side"":""right"",""figure_color"":""gray"",""figure_region"":""vase"",""fixation_baked_in"":false,""shade_color"":"""",""shadow_dx"":0.0,""shadow_dy"":0.0,""shadow_max_radius"":0.065,""shadow_min_abs_component"":0.02,""shadow_pair_mirrored"":false,""shadow_seed"":10297778714353984275,""third_color"":""white""}}"
wm-bysa-classic__cf-oa-sn-ma-pbw,wm-bysa-classic,wm-bysa-classic,BB34384AC53365954798F19FB94DE3DA1913138B3177DAE5077C623FA1FEE610,CC-BY-SA-3.0,content-face__outline-ambiguous__shading-none__material-ambiguous__polarity-outer-black_center-white,cf-oa-sn-ma-pbw,face,ambiguous,none,ambiguous,outer-black_center-white,face,False,content,,vase,white,black,gray,,right,0.0,0.0,False,9638639764379923627,78108,v1,png/wm-bysa-classic__cf-oa-sn-ma-pbw.png,svg/wm-bysa-classic__cf-oa-sn-ma-pbw.svg,3e74133c5a855b44d92145573dc36751e7064eebfbb464ddf256f6942bf98281,d64da3585d5c6628bb8d7f8f019dcda8fb1562c62303636bcf6103748345bb9b,0.44616383197260845,0.7594197229544681,0.0012517905424022004,0.2798126716486525,2.0172240345292005,0.5784606810366129,"{""fixation_baked_in"":false,""palette_values"":{""black"":24,""gray"":133,""white"":232},""render"":{""background_color"":""black"",""content_face_accent_side"":""right"",""figure_color"":""white"",""figure_region"":""vase"",""fixation_baked_in"":false,""shade_color"":"""",""shadow_dx"":0.0,""shadow_dy"":0.0,""shadow_max_radius"":0.065,""shadow_min_abs_component"":0.02,""shadow_pair_mirrored"":false,""shadow_seed"":9638639764379923627,""third_color"":""gray""}}"
wm-bysa-classic__cf-oa-sn-ma-pgb,wm-bysa-classic,wm-bysa-classic,BB34384AC53365954798F19FB94DE3DA1913138B3177DAE5077C623FA1FEE610,CC-BY-SA-3.0,content-face__outline-ambiguous__shading-none__material-ambiguous__polarity-outer-gray_center-black,cf-oa-sn-ma-pgb,face,ambiguous,none,ambiguous,outer-gray_center-black,face,False,content,,vase,black,gray,white,,right,0.0,0.0,False,3078872662951100901,78108,v1,png/wm-bysa-classic__cf-oa-sn-ma-pgb.png,svg/wm-bysa-classic__cf-oa-sn-ma-pgb.svg,19477427bcedc07cf052d6c199e28ed4471a31d84245e1e16a2f9c1fcbdb4081,9961d195aafe0760072a7c4ac47d4fc8b988cabdefd431903003348c26ba1249,0.5146717482922125,0.5976678386543876,0.001051218347492956,0.2798126716486525,2.0172240345292005,0.5784606810366129,"{""fixation_baked_in"":false,""palette_values"":{""black"":24,""gray"":133,""white"":232},""render"":{""background_color"":""gray"",""content_face_accent_side"":""right"",""figure_color"":""black"",""figure_region"":""vase"",""fixation_baked_in"":false,""shade_color"":"""",""shadow_dx"":0.0,""shadow_dy"":0.0,""shadow_max_radius"":0.065,""shadow_min_abs_component"":0.02,""shadow_pair_mirrored"":false,""shadow_seed"":3078872662951100901,""third_color"":""white""}}"
wm-bysa-classic__cf-oa-sn-ma-pgw,wm-bysa-classic,wm-bysa-classic,BB34384AC53365954798F19FB94DE3DA1913138B3177DAE5077C623FA1FEE610,CC-BY-SA-3.0,content-face__outline-ambiguous__shading-none__material-ambiguous__polarity-outer-gray_center-white,cf-oa-sn-ma-pgw,face,ambiguous,none,ambiguous,outer-gray_center-white,face,False,content,,vase,white,gray,black,,right,0.0,0.0,False,13946947908397342132,78108,v1,png/wm-bysa-classic__cf-oa-sn-ma-pgw.png,svg/wm-bysa-classic__cf-oa-sn-ma-pgw.svg,c0d002aaeeb02bc4c0d52c5458745ff3aae3b28bfa448b0e9901eebe8e70f214,85a1e8d1e8f8b450e1c31f2ff563aafffecb241bb439e8b004606edd027af2b0,0.5061255324120615,0.6082408323857237,0.0010192315409790504,0.2798126716486525,2.0172240345292005,0.5784606810366129,"{""fixation_baked_in"":false,""palette_values"":{""black"":24,""gray"":133,""white"":232},""render"":{""background_color"":""gray"",""content_face_accent_side"":""right"",""figure_color"":""white"",""figure_region"":""vase"",""fixation_baked_in"":false,""shade_color"":"""",""shadow_dx"":0.0,""shadow_dy"":0.0,""shadow_max_radius"":0.065,""shadow_min_abs_component"":0.02,""shadow_pair_mirrored"":false,""shadow_seed"":13946947908397342132,""third_color"":""black""}}"
wm-bysa-classic__cf-oa-sn-ma-pwb,wm-bysa-classic,wm-bysa-classic,BB34384AC53365954798F19FB94DE3DA1913138B3177DAE5077C623FA1FEE610,CC-BY-SA-3.0,content-face__outline-ambiguous__shading-none__material-ambiguous__polarity-outer-white_center-black,cf-oa-sn-ma-pwb,face,ambiguous,none,ambiguous,outer-white_center-black,face,False,content,,vase,black,white,gray,,right,0.0,0.0,False,16208090481874362888,78108,v1,png/wm-bysa-classic__cf-oa-sn-ma-pwb.png,svg/wm-bysa-classic__cf-oa-sn-ma-pwb.svg,1d928d57397d1396a561ac2aea39ccaaa5a89ca0a613ce42fd1244cac84da654,da4b13b306a7de89b3bd521fd78467a99b2d9b263b9df136765602829ed66629,0.5691322588453107,0.591709118513477,0.0012574938485902668,0.2798126716486525,2.0172240345292005,0.5784606810366129,"{""fixation_baked_in"":false,""palette_values"":{""black"":24,""gray"":133,""white"":232},""render"":{""background_color"":""white"",""content_face_accent_side"":""right"",""figure_color"":""black"",""figure_region"":""vase"",""fixation_baked_in"":false,""shade_color"":"""",""shadow_dx"":0.0,""shadow_dy"":0.0,""shadow_max_radius"":0.065,""shadow_min_abs_component"":0.02,""shadow_pair_mirrored"":false,""shadow_seed"":16208090481874362888,""third_color"":""gray""}}"
wm-bysa-classic__cf-oa-sn-ma-pwg,wm-bysa-classic,wm-bysa-classic,BB34384AC53365954798F19FB94DE3DA1913138B3177DAE5077C623FA1FEE610,CC-BY-SA-3.0,content-face__outline-ambiguous__shading-none__material-ambiguous__polarity-outer-white_center-gray,cf-oa-sn-ma-pwg,face,ambiguous,none,ambiguous,outer-white_center-gray,face,False,content,,vase,gray,white,black,,right,0.0,0.0,False,3269842554284045240,78108,v1,png/wm-bysa-classic__cf-oa-sn-ma-pwg.png,svg/wm-bysa-classic__cf-oa-sn-ma-pwg.svg,a9be25cb8fc259599e23ebdde98c646fff986b420defab2b436af373292bdacb,1f38eed40c6ecbd41fad6bbf374ef85b5425b9237aa49fa693dfdf703d261b5c,0.564652562608906,0.602720811856585,0.0008834977203246889,0.2798126716486525,2.0172240345292005,0.5784606810366129,"{""fixation_baked_in"":false,""palette_values"":{""black"":24,""gray"":133,""white"":232},""render"":{""background_color"":""white"",""content_face_accent_side"":""right"",""figure_color"":""gray"",""figure_region"":""vase"",""fixation_baked_in"":false,""shade_color"":"""",""shadow_dx"":0.0,""shadow_dy"":0.0,""shadow_max_radius"":0.065,""shadow_min_abs_component"":0.02,""shadow_pair_mirrored"":false,""shadow_seed"":3269842554284045240,""third_color"":""black""}}"
wm-bysa-classic__cf-oa-sn-mv-pbg,wm-bysa-classic,wm-bysa-classic,BB34384AC53365954798F19FB94DE3DA1913138B3177DAE5077C623FA1FEE610,CC-BY-SA-3.0,content-face__outline-ambiguous__shading-none__material-vase__polarity-outer-black_center-gray,cf-oa-sn-mv-pbg,face,ambiguous,none,vase,outer-black_center-gray,conflict,True,content,material,vase,gray,black,white,,right,0.0,0.0,False,8812731133095428637,78108,v1,png/wm-bysa-classic__cf-oa-sn-mv-pbg.png,svg/wm-bysa-classic__cf-oa-sn-mv-pbg.svg,75836f15c556928f22bfc4998c90e11d0b952e37efa5d6b5a1da909e82f43ead,377b0b6de4ee6141384ea12cf3432ee74b9051d0833d820b80b289434edf8553,0.4809868793861539,0.7537301813018868,0.002775632720708029,0.2798126716486525,2.0172240345292005,0.5784606810366129,"{""fixation_baked_in"":false,""palette_values"":{""black"":24,""gray"":133,""white"":232},""render"":{""background_color"":""black"",""content_face_accent_side"":""right"",""figure_color"":""gray"",""figure_region"":""vase"",""fixation_baked_in"":false,""shade_color"":"""",""shadow_dx"":0.0,""shadow_dy"":0.0,""shadow_max_radius"":0.065,""shadow_min_abs_component"":0.02,""shadow_pair_mirrored"":false,""shadow_seed"":8812731133095428637,""third_color"":""white""}}"
wm-bysa-classic__cf-oa-sn-mv-pbw,wm-bysa-classic,wm-bysa-classic,BB34384AC53365954798F19FB94DE3DA1913138B3177DAE5077C623FA1FEE610,CC-BY-SA-3.0,content-face__outline-ambiguous__shading-none__material-vase__polarity-outer-black_center-white,cf-oa-sn-mv-pbw,face,ambiguous,none,vase,outer-black_center-white,conflict,True,content,material,vase,white,black,gray,,right,0.0,0.0,False,8490420728559017089,78108,v1,png/wm-bysa-classic__cf-oa-sn-mv-pbw.png,svg/wm-bysa-classic__cf-oa-sn-mv-pbw.svg,ad134db791d1d969ea32ecfa2c43e9d6af03d850734f047fdaa80337edeb1456,6a2df236a77099cdcdb95d973e11414ae1c5a3454cde1a5525d85ff050d394a6,0.41790194417916093,0.7330453308259551,0.0020557489476117916,0.2798126716486525,2.0172240345292005,0.5784606810366129,"{""fixation_baked_in"":false,""palette_values"":{""black"":24,""gray"":133,""white"":232},""render"":{""background_color"":""black"",""content_face_accent_side"":""right"",""figure_color"":""white"",""figure_region"":""vase"",""fixation_baked_in"":false,""shade_color"":"""",""shadow_dx"":0.0,""shadow_dy"":0.0,""shadow_max_radius"":0.065,""shadow_min_abs_component"":0.02,""shadow_pair_mirrored"":false,""shadow_seed"":8490420728559017089,""third_color"":""gray""}}"
wm-bysa-classic__cf-oa-sn-mv-pgb,wm-bysa-classic,wm-bysa-classic,BB34384AC53365954798F19FB94DE3DA1913138B3177DAE5077C623FA1FEE610,CC-BY-SA-3.0,content-face__outline-ambiguous__shading-none__material-vase__polarity-outer-gray_center-black,cf-oa-sn-mv-pgb,face,ambiguous,none,vase,outer-gray_center-black,conflict,True,content,material,vase,black,gray,white,,right,0.0,0.0,False,6947841162196006841,78108,v1,png/wm-bysa-classic__cf-oa-sn-mv-pgb.png,svg/wm-bysa-classic__cf-oa-sn-mv-pgb.svg,9f76d9f3205263f3a16723258be2e8e66d444b65168e6dff6b1efdc3df806e0d,65860afbab41857fe2fee1ad51ff0a55953d2f1a02524837096145054ad7850a,0.5595374013863359,0.4502475674318103,0.00221053746370249,0.2798126716486525,2.0172240345292005,0.5784606810366129,"{""fixation_baked_in"":false,""palette_values"":{""black"":24,""gray"":133,""white"":232},""render"":{""background_color"":""gray"",""content_face_accent_side"":""right"",""figure_color"":""black"",""figure_region"":""vase"",""fixation_baked_in"":false,""shade_color"":"""",""shadow_dx"":0.0,""shadow_dy"":0.0,""shadow_max_radius"":0.065,""shadow_min_abs_component"":0.02,""shadow_pair_mirrored"":false,""shadow_seed"":6947841162196006841,""third_color"":""white""}}"
wm-bysa-classic__cf-oa-sn-mv-pgw,wm-bysa-classic,wm-bysa-classic,BB34384AC53365954798F19FB94DE3DA1913138B3177DAE5077C623FA1FEE610,CC-BY-SA-3.0,content-face__outline-ambiguous__shading-none__material-vase__polarity-outer-gray_center-white,cf-oa-sn-mv-pgw,face,ambiguous,none,vase,outer-gray_center-white,conflict,True,content,material,vase,white,gray,black,,right,0.0,0.0,False,17078061727068806042,78108,v1,png/wm-bysa-classic__cf-oa-sn-mv-pgw.png,svg/wm-bysa-classic__cf-oa-sn-mv-pgw.svg,b1478d5519162aba36510b8cf2a4c1882a812acf9a5f9568e261d18804f3e736,6d23c141aa6b4770203915287a9fab8f4917a5318329ee39acd7d30c0316bc5d,0.4777615304086723,0.5817000991596593,0.0018419601314377167,0.2798126716486525,2.0172240345292005,0.5784606810366129,"{""fixation_baked_in"":false,""palette_values"":{""black"":24,""gray"":133,""white"":232},""render"":{""background_color"":""gray"",""content_face_accent_side"":""right"",""figure_color"":""white"",""figure_region"":""vase"",""fixation_baked_in"":false,""shade_color"":"""",""shadow_dx"":0.0,""shadow_dy"":0.0,""shadow_max_radius"":0.065,""shadow_min_abs_component"":0.02,""shadow_pair_mirrored"":false,""shadow_seed"":17078061727068806042,""third_color"":""black""}}"
wm-bysa-classic__cf-oa-sn-mv-pwb,wm-bysa-classic,wm-bysa-classic,BB34384AC53365954798F19FB94DE3DA1913138B3177DAE5077C623FA1FEE610,CC-BY-SA-3.0,content-face__outline-ambiguous__shading-none__material-vase__polarity-outer-white_center-black,cf-oa-sn-mv-pwb,face,ambiguous,none,vase,outer-white_center-black,conflict,True,content,material,vase,black,white,gray,,right,0.0,0.0,False,780599646136544321,78108,v1,png/wm-bysa-classic__cf-oa-sn-mv-pwb.png,svg/wm-bysa-classic__cf-oa-sn-mv-pwb.svg,826315137198ecee46df8268ecc3b8638d69b616997245d9ae5e07a89b18a266,aaf9764ac39370c9a2670e11818ad0ec990717bc9133a0dafded3bdbbfdf451a,0.6139055139878218,0.4531002590969503,0.002395931414476837,0.2798126716486525,2.0172240345292005,0.5784606810366129,"{""fixation_baked_in"":false,""palette_values"":{""black"":24,""gray"":133,""white"":232},""render"":{""background_color"":""white"",""content_face_accent_side"":""right"",""figure_color"":""black"",""figure_region"":""vase"",""fixation_baked_in"":false,""shade_color"":"""",""shadow_dx"":0.0,""shadow_dy"":0.0,""shadow_max_radius"":0.065,""shadow_min_abs_component"":0.02,""shadow_pair_mirrored"":false,""shadow_seed"":780599646136544321,""third_color"":""gray""}}"
wm-bysa-classic__cf-oa-sn-mv-pwg,wm-bysa-classic,wm-bysa-classic,BB34384AC53365954798F19FB94DE3DA1913138B3177DAE5077C623FA1FEE610,CC-BY-SA-3.0,content-face__outline-ambiguous__shading-none__material-vase__polarity-outer-white_center-gray,cf-oa-sn-mv-pwg,face,ambiguous,none,vase,outer-white_center-gray,conflict,True,content,material,vase,gray,white,black,,right,0.0,0.0,False,13592598913760409085,78108,v1,png/wm-bysa-classic__cf-oa-sn-mv-pwg.png,svg/wm-bysa-classic__cf-oa-sn-mv-pwg.svg,c1f4175b3b9ccd126342afc064d81b2d1bf80cc5f5950bab7ffe66e6465509ae,48861f6fb3f48cb67aae0cd23b81b24427d20ec40cee482a3fdf72f67ec97e39,0.595212184681612,0.5898017101335129,0.002365181852922009,0.2798126716486525,2.0172240345292005,0.5784606810366129,"{""fixation_baked_in"":false,""palette_values"":{""black"":24,""gray"":133,""white"":232},""render"":{""background_color"":""white"",""content_face_accent_side"":""right"",""figure_color"":""gray"",""figure_region"":""vase"",""fixation_baked_in"":false,""shade_color"":"""",""shadow_dx"":0.0,""shadow_dy"":0.0,""shadow_max_radius"":0.065,""shadow_min_abs_component"":0.02,""shadow_pair_mirrored"":false,""shadow_seed"":13592598913760409085,""third_color"":""black""}}"
wm-bysa-classic__cf-of-sn-ma-pbg,wm-bysa-classic,wm-bysa-classic,BB34384AC53365954798F19FB94DE3DA1913138B3177DAE5077C623FA1FEE610,CC-BY-SA-3.0,content-face__outline-face__shading-none__material-ambiguous__polarity-outer-black_center-gray,cf-of-sn-ma-pbg,face,face,none,ambiguous,outer-black_center-gray,face,False,content|outline,,face,black,gray,white,,right,0.0,0.0,False,9039115310215224701,78108,v1,png/wm-bysa-classic__cf-of-sn-ma-pbg.png,svg/wm-bysa-classic__cf-of-sn-ma-pbg.svg,462975354aa3082e05950c3694ab1bf5626273e9605fd1a75cfa545093d13100,3390d35ba73392235e6b6a4425526406532e5764cfcfb4fc5539b7e3a94fb7da,0.5100921443864411,0.6089348724784007,0.0007024687547917505,0.2798126716486525,2.0172240345292005,0.5784606810366129,"{""fixation_baked_in"":false,""palette_values"":{""black"":24,""gray"":133,""white"":232},""render"":{""background_color"":""gray"",""content_face_accent_side"":""right"",""figure_color"":""black"",""figure_region"":""face"",""fixation_baked_in"":false,""shade_color"":"""",""shadow_dx"":0.0,""shadow_dy"":0.0,""shadow_max_radius"":0.065,""shadow_min_abs_component"":0.02,""shadow_pair_mirrored"":false,""shadow_seed"":9039115310215224701,""third_color"":""white""}}"
wm-bysa-classic__cf-of-sn-ma-pbw,wm-bysa-classic,wm-bysa-classic,BB34384AC53365954798F19FB94DE3DA1913138B3177DAE5077C623FA1FEE610,CC-BY-SA-3.0,content-face__outline-face__shading-none__material-ambiguous__polarity-outer-black_center-white,cf-of-sn-ma-pbw,face,face,none,ambiguous,outer-black_center-white,face,False,content|outline,,face,black,white,gray,,right,0.0,0.0,False,15360069638923037860,78108,v1,png/wm-bysa-classic__cf-of-sn-ma-pbw.png,svg/wm-bysa-classic__cf-of-sn-ma-pbw.svg,57e867e52166416f62ae7b02fc5558f3675b8624146c21c2fe21711e8ade7b1c,b421cc93da88b81a6a4911013bd886e54893f204649e5b00741062f8f1d1d1a2,0.5603921217076919,0.603879796132188,0.0010704583489065224,0.2798126716486525,2.0172240345292005,0.5784606810366129,"{""fixation_baked_in"":false,""palette_values"":{""black"":24,""gray"":133,""white"":232},""render"":{""background_color"":""white"",""content_face_accent_side"":""right"",""figure_color"":""black"",""figure_region"":""face"",""fixation_baked_in"":false,""shade_color"":"""",""shadow_dx"":0.0,""shadow_dy"":0.0,""shadow_max_radius"":0.065,""shadow_min_abs_component"":0.02,""shadow_pair_mirrored"":false,""shadow_seed"":15360069638923037860,""third_color"":""gray""}}"
wm-bysa-classic__cf-of-sn-ma-pgb,wm-bysa-classic,wm-bysa-classic,BB34384AC53365954798F19FB94DE3DA1913138B3177DAE5077C623FA1FEE610,CC-BY-SA-3.0,content-face__outline-face__shading-none__material-ambiguous__polarity-outer-gray_center-black,cf-of-sn-ma-pgb,face,face,none,ambiguous,outer-gray_center-black,face,False,content|outline,,face,gray,black,white,,right,0.0,0.0,False,2876208383470039094,78108,v1,png/wm-bysa-classic__cf-of-sn-ma-pgb.png,svg/wm-bysa-classic__cf-of-sn-ma-pgb.svg,f922808dc0dae62d853e67f654a605542b718cc8e8b7c8bd93d5b76f1bd86e62,c5aa6e136c8d9dbc311444b67437f540536c10b357a886000a87671268310c57,0.454812868903665,0.7480938397844867,0.0010707840381998352,0.2798126716486525,2.0172240345292005,0.5784606810366129,"{""fixation_baked_in"":false,""palette_values"":{""black"":24,""gray"":133,""white"":232},""render"":{""background_color"":""black"",""content_face_accent_side"":""right"",""figure_color"":""gray"",""figure_region"":""face"",""fixation_baked_in"":false,""shade_color"":"""",""shadow_dx"":0.0,""shadow_dy"":0.0,""shadow_max_radius"":0.065,""shadow_min_abs_component"":0.02,""shadow_pair_mirrored"":false,""shadow_seed"":2876208383470039094,""third_color"":""white""}}"
wm-bysa-classic__cf-of-sn-ma-pgw,wm-bysa-classic,wm-bysa-classic,BB34384AC53365954798F19FB94DE3DA1913138B3177DAE5077C623FA1FEE610,CC-BY-SA-3.0,content-face__outline-face__shading-none__material-ambiguous__polarity-outer-gray_center-white,cf-of-sn-ma-pgw,face,face,none,ambiguous,outer-gray_center-white,face,False,content|outline,,face,gray,white,black,,right,0.0,0.0,False,3331074922997632167,78108,v1,png/wm-bysa-classic__cf-of-sn-ma-pgw.png,svg/wm-bysa-classic__cf-of-sn-ma-pgw.svg,2b9ac9d017e12d9869548640f4f486574b7b7946a657a1cc029e46cc859b0b25,83c3be41b34aeff0b3f50c8623c90ce65389b568bac1a35abea6651ae8f96154,0.5604930129705692,0.6038980968642103,0.0010370003252400664,0.2798126716486525,2.0172240345292005,0.5784606810366129,"{""fixation_baked_in"":false,""palette_values"":{""black"":24,""gray"":133,""white"":232},""render"":{""background_color"":""white"",""content_face_accent_side"":""right"",""figure_color"":""gray"",""figure_region"":""face"",""fixation_baked_in"":false,""shade_color"":"""",""shadow_dx"":0.0,""shadow_dy"":0.0,""shadow_max_radius"":0.065,""shadow_min_abs_component"":0.02,""shadow_pair_mirrored"":false,""shadow_seed"":3331074922997632167,""third_color"":""black""}}"
wm-bysa-classic__cf-of-sn-ma-pwb,wm-bysa-classic,wm-bysa-classic,BB34384AC53365954798F19FB94DE3DA1913138B3177DAE5077C623FA1FEE610,CC-BY-SA-3.0,content-face__outline-face__shading-none__material-ambiguous__polarity-outer-white_center-black,cf-of-sn-ma-pwb,face,face,none,ambiguous,outer-white_center-black,face,False,content|outline,,face,white,black,gray,,right,0.0,0.0,False,16558494248612987256,78108,v1,png/wm-bysa-classic__cf-of-sn-ma-pwb.png,svg/wm-bysa-classic__cf-of-sn-ma-pwb.svg,cd6c62365673484f1b174f4c1269ccdd3ea7c38bcdd15664905f8c463488c617,485d36758eb6c5a58545683c83b137d4522f3df5f7bc41f8c6e6f0d45d772b83,0.4549028022616518,0.7478004967830979,0.0010962177515189849,0.2798126716486525,2.0172240345292005,0.5784606810366129,"{""fixation_baked_in"":false,""palette_values"":{""black"":24,""gray"":133,""white"":232},""render"":{""background_color"":""black"",""content_face_accent_side"":""right"",""figure_color"":""white"",""figure_region"":""face"",""fixation_baked_in"":false,""shade_color"":"""",""shadow_dx"":0.0,""shadow_dy"":0.0,""shadow_max_radius"":0.065,""shadow_min_abs_component"":0.02,""shadow_pair_mirrored"":false,""shadow_seed"":16558494248612987256,""third_color"":""gray""}}"
wm-bysa-classic__cf-of-sn-ma-pwg,wm-bysa-classic,wm-bysa-classic,BB34384AC53365954798F19FB94DE3DA1913138B3177DAE5077C623FA1FEE610,CC-BY-SA-3.0,content-face__outline-face__shading-none__material-ambiguous__polarity-outer-white_center-gray,cf-of-sn-ma-pwg,face,face,none,ambiguous,outer-white_center-gray,face,False,content|outline,,face,white,gray,black,,right,0.0,0.0,False,13605566818701928122,78108,v1,png/wm-bysa-classic__cf-of-sn-ma-pwg.png,svg/wm-bysa-classic__cf-of-sn-ma-pwg.svg,b121d90c2d5edc72fa0cb9243fb7f1a05fc06a6d3c83d59d5a931bfd4de361cd,15bb54a20421dec9cc69751a4c7e3cd68577b475bc00bbcf8c019df0505021a3,0.5102847155402688,0.6087140600235462,0.0007024762419019417,0.2798126716486525,2.0172240345292005,0.5784606810366129,"{""fixation_baked_in"":false,""palette_values"":{""black"":24,""gray"":133,""white"":232},""render"":{""background_color"":""gray"",""content_face_accent_side"":""right"",""figure_color"":""white"",""figure_region"":""face"",""fixation_baked_in"":false,""shade_color"":"""",""shadow_dx"":0.0,""shadow_dy"":0.0,""shadow_max_radius"":0.065,""shadow_min_abs_component"":0.02,""shadow_pair_mirrored"":false,""shadow_seed"":13605566818701928122,""third_color"":""black""}}"
wm-bysa-classic__cf-of-sn-mv-pbg,wm-bysa-classic,wm-bysa-classic,BB34384AC53365954798F19FB94DE3DA1913138B3177DAE5077C623FA1FEE610,CC-BY-SA-3.0,content-face__outline-face__shading-none__material-vase__polarity-outer-black_center-gray,cf-of-sn-mv-pbg,face,face,none,vase,outer-black_center-gray,conflict,True,content|outline,material,face,black,gray,white,,right,0.0,0.0,False,447765009588816075,78108,v1,png/wm-bysa-classic__cf-of-sn-mv-pbg.png,svg/wm-bysa-classic__cf-of-sn-mv-pbg.svg,83d96f468cce56c4909e9b4efd2d0905e175ac96f82c793f6ccd6ac1220c7d38,9801b5bf706dfbdd799510d3e40a3c5308a8f2e40e07a828d97d4b02b6797f39,0.5407718845442231,0.6055056997235972,0.0026065831314808427,0.2798126716486525,2.0172240345292005,0.5784606810366129,"{""fixation_baked_in"":false,""palette_values"":{""black"":24,""gray"":133,""white"":232},""render"":{""background_color"":""gray"",""content_face_accent_side"":""right"",""figure_color"":""black"",""figure_region"":""face"",""fixation_baked_in"":false,""shade_color"":"""",""shadow_dx"":0.0,""shadow_dy"":0.0,""shadow_max_radius"":0.065,""shadow_min_abs_component"":0.02,""shadow_pair_mirrored"":false,""shadow_seed"":447765009588816075,""third_color"":""white""}}"
wm-bysa-classic__cf-of-sn-mv-pbw,wm-bysa-classic,wm-bysa-classic,BB34384AC53365954798F19FB94DE3DA1913138B3177DAE5077C623FA1FEE610,CC-BY-SA-3.0,content-face__outline-face__shading-none__material-vase__polarity-outer-black_center-white,cf-of-sn-mv-pbw,face,face,none,vase,outer-black_center-white,conflict,True,content|outline,material,face,black,white,gray,,right,0.0,0.0,False,3535935009754538689,78108,v1,png/wm-bysa-classic__cf-of-sn-mv-pbw.png,svg/wm-bysa-classic__cf-of-sn-mv-pbw.svg,49dc470160de0f8a475b031d882d682f5e3b8f3678b0df0f6858db708a25a61a,00d0695151161ef0d7ae202588a1fb894fb837cbbf91aeb7e2e6a35acab88615,0.5319870630900065,0.5945460005803092,0.001981987809786671,0.2798126716486525,2.0172240345292005,0.5784606810366129,"{""fixation_baked_in"":false,""palette_values"":{""black"":24,""gray"":133,""white"":232},""render"":{""background_color"":""white"",""content_face_accent_side"":""right"",""figure_color"":""black"",""figure_region"":""face"",""fixation_baked_in"":false,""shade_color"":"""",""shadow_dx"":0.0,""shadow_dy"":0.0,""shadow_max_radius"":0.065,""shadow_min_abs_component"":0.02,""shadow_pair_mirrored"":false,""shadow_seed"":3535935009754538689,""third_color"":""gray""}}"
wm-bysa-classic__cf-of-sn-mv-pgb,wm-bysa-classic,wm-bysa-classic,BB34384AC53365954798F19FB94DE3DA1913138B3177DAE5077C623FA1FEE610,CC-BY-SA-3.0,content-face__outline-face__shading-none__material-vase__polarity-outer-gray_center-black,cf-of-sn-mv-pgb,face,face,none,vase,outer-gray_center-black,conflict,True,content|outline,material,face,gray,black,white,,right,0.0,0.0,False,9463344331673581585,78108,v1,png/wm-bysa-classic__cf-of-sn-mv-pgb.png,svg/wm-bysa-classic__cf-of-sn-mv-pgb.svg,197982b790fe2494dd780cd17445a0f42fdc89f906fac19a0e4180180712e841,38e9ac3b8498140a9ebe0df6bca949dccc51c3334392a09a82abf09cf587d590,0.49975336112228097,0.6001237875405041,0.0023802571492917792,0.2798126716486525,2.0172240345292005,0.5784606810366129,"{""fixation_baked_in"":false,""palette_values"":{""black"":24,""gray"":133,""white"":232},""render"":{""background_color"":""black"",""content_face_accent_side"":""right"",""figure_color"":""gray"",""figure_region"":""face"",""fixation_baked_in"":false,""shade_color"":"""",""shadow_dx"":0.0,""shadow_dy"":0.0,""shadow_max_radius"":0.065,""shadow_min_abs_component"":0.02,""shadow_pair_mirrored"":false,""shadow_seed"":9463344331673581585,""third_color"":""white""}}"
wm-bysa-classic__cf-of-sn-mv-pgw,wm-bysa-classic,wm-bysa-classic,BB34384AC53365954798F19FB94DE3DA1913138B3177DAE5077C623FA1FEE610,CC-BY-SA-3.0,content-face__outline-face__shading-none__material-vase__polarity-outer-gray_center-white,cf-of-sn-mv-pgw,face,face,none,vase,outer-gray_center-white,conflict,True,content|outline,material,face,gray,white,black,,right,0.0,0.0,False,8700010719743470918,78108,v1,png/wm-bysa-classic__cf-of-sn-mv-pgw.png,svg/wm-bysa-classic__cf-of-sn-mv-pgw.svg,60039f1d38768a52e02c34113a2e885c44ab7afad626ae23813316c1ee9ad5f2,273fcd60633298208ab3aac900c57789ac66086d8bf9b3c64694828147ebea7b,0.5320611168356504,0.5946175859342601,0.0019657276782291603,0.2798126716486525,2.0172240345292005,0.5784606810366129,"{""fixation_baked_in"":false,""palette_values"":{""black"":24,""gray"":133,""white"":232},""render"":{""background_color"":""white"",""content_face_accent_side"":""right"",""figure_color"":""gray"",""figure_region"":""face"",""fixation_baked_in"":false,""shade_color"":"""",""shadow_dx"":0.0,""shadow_dy"":0.0,""shadow_max_radius"":0.065,""shadow_min_abs_component"":0.02,""shadow_pair_mirrored"":false,""shadow_seed"":8700010719743470918,""third_color"":""black""}}"
wm-bysa-classic__cf-of-sn-mv-pwb,wm-bysa-classic,wm-bysa-classic,BB34384AC53365954798F19FB94DE3DA1913138B3177DAE5077C623FA1FEE610,CC-BY-SA-3.0,content-face__outline-face__shading-none__material-vase__polarity-outer-white_center-black,cf-of-sn-mv-pwb,face,face,none,vase,outer-white_center-black,conflict,True,content|outline,material,face,white,black,gray,,right,0.0,0.0,False,6098104010359016477,78108,v1,png/wm-bysa-classic__cf-of-sn-mv-pwb.png,svg/wm-bysa-classic__cf-of-sn-mv-pwb.svg,7f4099aae65758a0e895e175e3c5198fffae26688edc0534660b691b952cc84a,0ffd3ceff6a289a9ffad0fe374fe643d5b7fc64f7d29ca8c29c31bb863811baa,0.4998190636728325,0.5999364238799246,0.0023847007491901943,0.2798126716486525,2.0172240345292005,0.5784606810366129,"{""fixation_baked_in"":false,""palette_values"":{""black"":24,""gray"":133,""white"":232},""render"":{""background_color"":""black"",""content_face_accent_side"":""right"",""figure_color"":""white"",""figure_region"":""face"",""fixation_baked_in"":false,""shade_color"":"""",""shadow_dx"":0.0,""shadow_dy"":0.0,""shadow_max_radius"":0.065,""shadow_min_abs_component"":0.02,""shadow_pair_mirrored"":false,""shadow_seed"":6098104010359016477,""third_color"":""gray""}}"
wm-bysa-classic__cf-of-sn-mv-pwg,wm-bysa-classic,wm-bysa-classic,BB34384AC53365954798F19FB94DE3DA1913138B3177DAE5077C623FA1FEE610,CC-BY-SA-3.0,content-face__outline-face__shading-none__material-vase__polarity-outer-white_center-gray,cf-of-sn-mv-pwg,face,face,none,vase,outer-white_center-gray,conflict,True,content|outline,material,face,white,gray,black,,right,0.0,0.0,False,2505594291488828417,78108,v1,png/wm-bysa-classic__cf-of-sn-mv-pwg.png,svg/wm-bysa-classic__cf-of-sn-mv-pwg.svg,8ac4f97465bafeb8450c5515393fda274bb7726d9c8e039036f863fe7eeadd4d,a3202554898ef64fc05ce7c7e6c5535edaf6698b2766a3b4e8eab6215a6b7666,0.5409120447495405,0.6054290383725369,0.00230718482560424,0.2798126716486525,2.0172240345292005,0.5784606810366129,"{""fixation_baked_in"":false,""palette_values"":{""black"":24,""gray"":133,""white"":232},""render"":{""background_color"":""gray"",""content_face_accent_side"":""right"",""figure_color"":""white"",""figure_region"":""face"",""fixation_baked_in"":false,""shade_color"":"""",""shadow_dx"":0.0,""shadow_dy"":0.0,""shadow_max_radius"":0.065,""shadow_min_abs_component"":0.02,""shadow_pair_mirrored"":false,""shadow_seed"":2505594291488828417,""third_color"":""black""}}"
wm-bysa-classic__ca-oa-sn-ma-pbg,wm-bysa-classic,wm-bysa-classic,BB34384AC53365954798F19FB94DE3DA1913138B3177DAE5077C623FA1FEE610,CC-BY-SA-3.0,content-ambiguous__outline-ambiguous__shading-none__material-ambiguous__polarity-outer-black_center-gray,ca-oa-sn-ma-pbg,ambiguous,ambiguous,none,ambiguous,outer-black_center-gray,ambiguous,False,,,vase,gray,black,white,,,0.0,0.0,False,6818834040762494596,78108,v1,png/wm-bysa-classic__ca-oa-sn-ma-pbg.png,svg/wm-bysa-classic__ca-oa-sn-ma-pbg.svg,3de3fe8cb864fe27fc6309f50377583bdc8ac722f766a9d649c09bcf0e8de457,2813b6de9624c32705fd39ae857a8e44642eadee3640bac1c5b1d0f17f42ab11,0.2136952269311045,0.8968254159769177,0.0007169469541237806,0.2798126716486525,2.0172240345292005,0.5784606810366129,"{""fixation_baked_in"":false,""palette_values"":{""black"":24,""gray"":133,""white"":232},""render"":{""background_color"":""black"",""content_face_accent_side"":"""",""figure_color"":""gray"",""figure_region"":""vase"",""fixation_baked_in"":false,""shade_color"":"""",""shadow_dx"":0.0,""shadow_dy"":0.0,""shadow_max_radius"":0.065,""shadow_min_abs_component"":0.02,""shadow_pair_mirrored"":false,""shadow_seed"":6818834040762494596,""third_color"":""white""}}"
wm-bysa-classic__ca-oa-sn-ma-pbw,wm-bysa-classic,wm-bysa-classic,BB34384AC53365954798F19FB94DE3DA1913138B3177DAE5077C623FA1FEE610,CC-BY-SA-3.0,content-ambiguous__outline-ambiguous__shading-none__material-ambiguous__polarity-outer-black_center-white,ca-oa-sn-ma-pbw,ambiguous,ambiguous,none,ambiguous,outer-black_center-white,ambiguous,False,,,vase,white,black,gray,,,0.0,0.0,False,3443368559392061245,78108,v1,png/wm-bysa-classic__ca-oa-sn-ma-pbw.png,svg/wm-bysa-classic__ca-oa-sn-ma-pbw.svg,4024cb30eb20c124adda25c7089f03c1f4aa2b5e9428a6c03c434af9d934a8f6,dfdc9156ddde48a58572b0694336ceedeee9c249389b48e005968742691dc10b,0.32229595558316104,1.134703175780475,0.0013681046709984094,0.2798126716486525,2.0172240345292005,0.5784606810366129,"{""fixation_baked_in"":false,""palette_values"":{""black"":24,""gray"":133,""white"":232},""render"":{""background_color"":""black"",""content_face_accent_side"":"""",""figure_color"":""white"",""figure_region"":""vase"",""fixation_baked_in"":false,""shade_color"":"""",""shadow_dx"":0.0,""shadow_dy"":0.0,""shadow_max_radius"":0.065,""shadow_min_abs_component"":0.02,""shadow_pair_mirrored"":false,""shadow_seed"":3443368559392061245,""third_color"":""gray""}}"
wm-bysa-classic__ca-oa-sn-ma-pgb,wm-bysa-classic,wm-bysa-classic,BB34384AC53365954798F19FB94DE3DA1913138B3177DAE5077C623FA1FEE610,CC-BY-SA-3.0,content-ambiguous__outline-ambiguous__shading-none__material-ambiguous__polarity-outer-gray_center-black,ca-oa-sn-ma-pgb,ambiguous,ambiguous,none,ambiguous,outer-gray_center-black,ambiguous,False,,,vase,black,gray,white,,,0.0,0.0,False,3461760648339428026,78108,v1,png/wm-bysa-classic__ca-oa-sn-ma-pgb.png,svg/wm-bysa-classic__ca-oa-sn-ma-pgb.svg,23c4479a885fd35e3a3944f4634594ee7135ca847fc80b833e6d5b5f0a0c9023,2243dbcee1e0d396312ba4f3bb3518000131064092082311a800528ad02455d0,0.40199537464216645,0.47673749155113865,0.000716935723458494,0.2798126716486525,2.0172240345292005,0.5784606810366129,"{""fixation_baked_in"":false,""palette_values"":{""black"":24,""gray"":133,""white"":232},""render"":{""background_color"":""gray"",""content_face_accent_side"":"""",""figure_color"":""black"",""figure_region"":""vase"",""fixation_baked_in"":false,""shade_color"":"""",""shadow_dx"":0.0,""shadow_dy"":0.0,""shadow_max_radius"":0.065,""shadow_min_abs_component"":0.02,""shadow_pair_mirrored"":false,""shadow_seed"":3461760648339428026,""third_color"":""white""}}"
wm-bysa-classic__ca-oa-sn-ma-pgw,wm-bysa-classic,wm-bysa-classic,BB34384AC53365954798F19FB94DE3DA1913138B3177DAE5077C623FA1FEE610,CC-BY-SA-3.0,content-ambiguous__outline-ambiguous__shading-none__material-ambiguous__polarity-outer-gray_center-white,ca-oa-sn-ma-pgw,ambiguous,ambiguous,none,ambiguous,outer-gray_center-white,ambiguous,False,,,vase,white,gray,black,,,0.0,0.0,False,14512298350410955873,78108,v1,png/wm-bysa-classic__ca-oa-sn-ma-pgw.png,svg/wm-bysa-classic__ca-oa-sn-ma-pgw.svg,14605232facadc90d6ccf362fbc71061bbe683393d800553f5627b7e7465517a,73461ce1b0ff02b754adfbc31ab47580f6f8de6b6cbe9f0b82ddcb70069b87e6,0.6301707660450656,0.27621606102198343,0.0006511652039848197,0.2798126716486525,2.0172240345292005,0.5784606810366129,"{""fixation_baked_in"":false,""palette_values"":{""black"":24,""gray"":133,""white"":232},""render"":{""background_color"":""gray"",""content_face_accent_side"":"""",""figure_color"":""white"",""figure_region"":""vase"",""fixation_baked_in"":false,""shade_color"":"""",""shadow_dx"":0.0,""shadow_dy"":0.0,""shadow_max_radius"":0.065,""shadow_min_abs_component"":0.02,""shadow_pair_mirrored"":false,""shadow_seed"":14512298350410955873,""third_color"":""black""}}"
wm-bysa-classic__ca-oa-sn-ma-pwb,wm-bysa-classic,wm-bysa-classic,BB34384AC53365954798F19FB94DE3DA1913138B3177DAE5077C623FA1FEE610,CC-BY-SA-3.0,content-ambiguous__outline-ambiguous__shading-none__material-ambiguous__polarity-outer-white_center-black,ca-oa-sn-ma-pwb,ambiguous,ambiguous,none,ambiguous,outer-white_center-black,ambiguous,False,,,vase,black,white,gray,,,0.0,0.0,False,18214685236573731294,78108,v1,png/wm-bysa-classic__ca-oa-sn-ma-pwb.png,svg/wm-bysa-classic__ca-oa-sn-ma-pwb.svg,4d423c4415dc957e461a24160a50177f08d8ec06d7782f639fae1bcbf1eb466b,8cf0e2657cd2ed4b6c3c755d4941c43d0fcb0f5a1046f92044fc1bdc04f013de,0.6816256130442901,0.536526558484317,0.0013681046709984092,0.2798126716486525,2.0172240345292005,0.5784606810366129,"{""fixation_baked_in"":false,""palette_values"":{""black"":24,""gray"":133,""white"":232},""render"":{""background_color"":""white"",""content_face_accent_side"":"""",""figure_color"":""black"",""figure_region"":""vase"",""fixation_baked_in"":false,""shade_color"":"""",""shadow_dx"":0.0,""shadow_dy"":0.0,""shadow_max_radius"":0.065,""shadow_min_abs_component"":0.02,""shadow_pair_mirrored"":false,""shadow_seed"":18214685236573731294,""third_color"":""gray""}}"
wm-bysa-classic__ca-oa-sn-ma-pwg,wm-bysa-classic,wm-bysa-classic,BB34384AC53365954798F19FB94DE3DA1913138B3177DAE5077C623FA1FEE610,CC-BY-SA-3.0,content-ambiguous__outline-ambiguous__shading-none__material-ambiguous__polarity-outer-white_center-gray,ca-oa-sn-ma-pwg,ambiguous,ambiguous,none,ambiguous,outer-white_center-gray,ambiguous,False,,,vase,gray,white,black,,,0.0,0.0,False,4409447630990070549,78108,v1,png/wm-bysa-classic__ca-oa-sn-ma-pwg.png,svg/wm-bysa-classic__ca-oa-sn-ma-pwg.svg,67618f0d139ad66482da4de49ba7dc804224f3bc370b2490b2a790cfc4284a60,55241be49170a1914e3c728669c80d7d04b3ac326aa5d6b6cedc0d8c6364048c,0.8011960384892485,0.21725609290353418,0.0006511689475399152,0.2798126716486525,2.0172240345292005,0.5784606810366129,"{""fixation_baked_in"":false,""palette_values"":{""black"":24,""gray"":133,""white"":232},""render"":{""background_color"":""white"",""content_face_accent_side"":"""",""figure_color"":""gray"",""figure_region"":""vase"",""fixation_baked_in"":false,""shade_color"":"""",""shadow_dx"":0.0,""shadow_dy"":0.0,""shadow_max_radius"":0.065,""shadow_min_abs_component"":0.02,""shadow_pair_mirrored"":false,""shadow_seed"":4409447630990070549,""third_color"":""black""}}"
wm-bysa-classic__ca-oa-sn-mv-pbg,wm-bysa-classic,wm-bysa-classic,BB34384AC53365954798F19FB94DE3DA1913138B3177DAE5077C623FA1FEE610,CC-BY-SA-3.0,content-ambiguous__outline-ambiguous__shading-none__material-vase__polarity-outer-black_center-gray,ca-oa-sn-mv-pbg,ambiguous,ambiguous,none,vase,outer-black_center-gray,vase,False,,material,vase,gray,black,white,,,0.0,0.0,False,14663839517095605556,78108,v1,png/wm-bysa-classic__ca-oa-sn-mv-pbg.png,svg/wm-bysa-classic__ca-oa-sn-mv-pbg.svg,05a21d0a2f8f032033c6239923c3f0c8b6ba65c2515b6946b47bf6aed2ae36b1,a899611f83f9155e4bd46834674ced0b80995dd728c3002eb9351f4658baef23,0.24463625141218598,1.0481381665142597,0.00240129218537366,0.2798126716486525,2.0172240345292005,0.5784606810366129,"{""fixation_baked_in"":false,""palette_values"":{""black"":24,""gray"":133,""white"":232},""render"":{""background_color"":""black"",""content_face_accent_side"":"""",""figure_color"":""gray"",""figure_region"":""vase"",""fixation_baked_in"":false,""shade_color"":"""",""shadow_dx"":0.0,""shadow_dy"":0.0,""shadow_max_radius"":0.065,""shadow_min_abs_component"":0.02,""shadow_pair_mirrored"":false,""shadow_seed"":14663839517095605556,""third_color"":""white""}}"
wm-bysa-classic__ca-oa-sn-mv-pbw,wm-bysa-classic,wm-bysa-classic,BB34384AC53365954798F19FB94DE3DA1913138B3177DAE5077C623FA1FEE610,CC-BY-SA-3.0,content-ambiguous__outline-ambiguous__shading-none__material-vase__polarity-outer-black_center-white,ca-oa-sn-mv-pbw,ambiguous,ambiguous,none,vase,outer-black_center-white,vase,False,,material,vase,white,black,gray,,,0.0,0.0,False,14434147589137637502,78108,v1,png/wm-bysa-classic__ca-oa-sn-mv-pbw.png,svg/wm-bysa-classic__ca-oa-sn-mv-pbw.svg,1aa41871e3e19b5147f6e454bca35b6cd2d1e45f2167f36e4dfd5fa4072b9c9d,d7832931e7346adef435b8ad8d3fdd327c6b3b9270f16338a93547e36288e522,0.29409434748630897,1.1058709160729285,0.0021937607215417937,0.2798126716486525,2.0172240345292005,0.5784606810366129,"{""fixation_baked_in"":false,""palette_values"":{""black"":24,""gray"":133,""white"":232},""render"":{""background_color"":""black"",""content_face_accent_side"":"""",""figure_color"":""white"",""figure_region"":""vase"",""fixation_baked_in"":false,""shade_color"":"""",""shadow_dx"":0.0,""shadow_dy"":0.0,""shadow_max_radius"":0.065,""shadow_min_abs_component"":0.02,""shadow_pair_mirrored"":false,""shadow_seed"":14434147589137637502,""third_color"":""gray""}}"
wm-bysa-classic__ca-oa-sn-mv-pgb,wm-bysa-classic,wm-bysa-classic,BB34384AC53365954798F19FB94DE3DA1913138B3177DAE5077C623FA1FEE610,CC-BY-SA-3.0,content-ambiguous__outline-ambiguous__shading-none__material-vase__polarity-outer-gray_center-black,ca-oa-sn-mv-pgb,ambiguous,ambiguous,none,vase,outer-gray_center-black,vase,False,,material,vase,black,gray,white,,,0.0,0.0,False,11738107929413992964,78108,v1,png/wm-bysa-classic__ca-oa-sn-mv-pgb.png,svg/wm-bysa-classic__ca-oa-sn-mv-pgb.svg,a28aeb913d806f63c63c784cbdf115b1e3994df09e3a0b12bd40509c93b0e13a,7ee7e4d676459d57a67bd5e106daa543727bea5eaabbd5c5fc3ff131872fe979,0.4469906676049326,0.2807504328376125,0.0018763072494393652,0.2798126716486525,2.0172240345292005,0.5784606810366129,"{""fixation_baked_in"":false,""palette_values"":{""black"":24,""gray"":133,""white"":232},""render"":{""background_color"":""gray"",""content_face_accent_side"":"""",""figure_color"":""black"",""figure_region"":""vase"",""fixation_baked_in"":false,""shade_color"":"""",""shadow_dx"":0.0,""shadow_dy"":0.0,""shadow_max_radius"":0.065,""shadow_min_abs_component"":0.02,""shadow_pair_mirrored"":false,""shadow_seed"":11738107929413992964,""third_color"":""white""}}"
wm-bysa-classic__ca-oa-sn-mv-pgw,wm-bysa-classic,wm-bysa-classic,BB34384AC53365954798F19FB94DE3DA1913138B3177DAE5077C623FA1FEE610,CC-BY-SA-3.0,content-ambiguous__outline-ambiguous__shading-none__material-vase__polarity-outer-gray_center-white,ca-oa-sn-mv-pgw,ambiguous,ambiguous,none,vase,outer-gray_center-white,vase,False,,material,vase,white,gray,black,,,0.0,0.0,False,12543064361775232031,78108,v1,png/wm-bysa-classic__ca-oa-sn-mv-pgw.png,svg/wm-bysa-classic__ca-oa-sn-mv-pgw.svg,22a573bc87015929ab3dd5b1237c632d287e1cda8b122878619d959d621bb425,ea72740d0b16f2ac5d7b78b234bef1d7df5d1b50b29b46205d420e2392293b8a,0.6016693825815238,0.2341815011275697,0.001506017240718379,0.2798126716486525,2.0172240345292005,0.5784606810366129,"{""fixation_baked_in"":false,""palette_values"":{""black"":24,""gray"":133,""white"":232},""render"":{""background_color"":""gray"",""content_face_accent_side"":"""",""figure_color"":""white"",""figure_region"":""vase"",""fixation_baked_in"":false,""shade_color"":"""",""shadow_dx"":0.0,""shadow_dy"":0.0,""shadow_max_radius"":0.065,""shadow_min_abs_component"":0.02,""shadow_pair_mirrored"":false,""shadow_seed"":12543064361775232031,""third_color"":""black""}}"
wm-bysa-classic__ca-oa-sn-mv-pwb,wm-bysa-classic,wm-bysa-classic,BB34384AC53365954798F19FB94DE3DA1913138B3177DAE5077C623FA1FEE610,CC-BY-SA-3.0,content-ambiguous__outline-ambiguous__shading-none__material-vase__polarity-outer-white_center-black,ca-oa-sn-mv-pwb,ambiguous,ambiguous,none,vase,outer-white_center-black,vase,False,,material,vase,black,white,gray,,,0.0,0.0,False,3221993246314944008,78108,v1,png/wm-bysa-classic__ca-oa-sn-mv-pwb.png,svg/wm-bysa-classic__ca-oa-sn-mv-pwb.svg,657f67b0693e4f26410b25ba5e18b9fdffddc9da7cdd20aa8e40a019ce78e955,bf7f35d391fe5c2174cef9e82badc8a6b54c9e2c652a3884498e849bcb6c931a,0.7263484319051108,0.40751720938983244,0.002522474807371629,0.2798126716486525,2.0172240345292005,0.5784606810366129,"{""fixation_baked_in"":false,""palette_values"":{""black"":24,""gray"":133,""white"":232},""render"":{""background_color"":""white"",""content_face_accent_side"":"""",""figure_color"":""black"",""figure_region"":""vase"",""fixation_baked_in"":false,""shade_color"":"""",""shadow_dx"":0.0,""shadow_dy"":0.0,""shadow_max_radius"":0.065,""shadow_min_abs_component"":0.02,""shadow_pair_mirrored"":false,""shadow_seed"":3221993246314944008,""third_color"":""gray""}}"
wm-bysa-classic__ca-oa-sn-mv-pwg,wm-bysa-classic,wm-bysa-classic,BB34384AC53365954798F19FB94DE3DA1913138B3177DAE5077C623FA1FEE610,CC-BY-SA-3.0,content-ambiguous__outline-ambiguous__shading-none__material-vase__polarity-outer-white_center-gray,ca-oa-sn-mv-pwg,ambiguous,ambiguous,none,vase,outer-white_center-gray,vase,False,,material,vase,gray,white,black,,,0.0,0.0,False,16340234820937222410,78108,v1,png/wm-bysa-classic__ca-oa-sn-mv-pwg.png,svg/wm-bysa-classic__ca-oa-sn-mv-pwg.svg,6c152bdc952076418d1b5894137675564e423a4a7ab46d639115fbf834442552,88a319e412abd8237b02267138755f68f8c0030cbfaabede60a4f5fe41dbe60c,0.8315658905926875,0.18377188278758647,0.002305958811310448,0.2798126716486525,2.0172240345292005,0.5784606810366129,"{""fixation_baked_in"":false,""palette_values"":{""black"":24,""gray"":133,""white"":232},""render"":{""background_color"":""white"",""content_face_accent_side"":"""",""figure_color"":""gray"",""figure_region"":""vase"",""fixation_baked_in"":false,""shade_color"":"""",""shadow_dx"":0.0,""shadow_dy"":0.0,""shadow_max_radius"":0.065,""shadow_min_abs_component"":0.02,""shadow_pair_mirrored"":false,""shadow_seed"":16340234820937222410,""third_color"":""black""}}"
wm-bysa-classic__ca-oa-sf-ma-pbg,wm-bysa-classic,wm-bysa-classic,BB34384AC53365954798F19FB94DE3DA1913138B3177DAE5077C623FA1FEE610,CC-BY-SA-3.0,content-ambiguous__outline-ambiguous__shading-figure__material-ambiguous__polarity-outer-black_center-gray,ca-oa-sf-ma-pbg,ambiguous,ambiguous,figure,ambiguous,outer-black_center-gray,vase,False,,shading,vase,gray,black,white,white,,-0.04701189203826431,-0.03750439417840039,False,11623551460768240980,78108,v1,png/wm-bysa-classic__ca-oa-sf-ma-pbg.png,svg/wm-bysa-classic__ca-oa-sf-ma-pbg.svg,a58d380a21a4063dee1298cee54b99ba9db3b09dfe08c106453abd63a3047444,6d58cbfd38b76386a8d0a09ded5fedb5b31cdf4155636b7b0f2da400548afbf5,0.25927335701736753,0.950673801996763,0.0014537796729151091,0.2798126716486525,2.0172240345292005,0.5784606810366129,"{""fixation_baked_in"":false,""palette_values"":{""black"":24,""gray"":133,""white"":232},""render"":{""background_color"":""black"",""content_face_accent_side"":"""",""figure_color"":""gray"",""figure_region"":""vase"",""fixation_baked_in"":false,""shade_color"":""white"",""shadow_dx"":-0.04701189203826431,""shadow_dy"":-0.03750439417840039,""shadow_max_radius"":0.065,""shadow_min_abs_component"":0.02,""shadow_pair_mirrored"":false,""shadow_seed"":11623551460768240980,""third_color"":""white""}}"
wm-bysa-classic__ca-oa-sf-ma-pbw,wm-bysa-classic,wm-bysa-classic,BB34384AC53365954798F19FB94DE3DA1913138B3177DAE5077C623FA1FEE610,CC-BY-SA-3.0,content-ambiguous__outline-ambiguous__shading-figure__material-ambiguous__polarity-outer-black_center-white,ca-oa-sf-ma-pbw,ambiguous,ambiguous,figure,ambiguous,outer-black_center-white,vase,False,,shading,vase,white,black,gray,gray,,-0.03529168182936917,0.024688139350004697,False,8309893770023554621,78108,v1,png/wm-bysa-classic__ca-oa-sf-ma-pbw.png,svg/wm-bysa-classic__ca-oa-sf-ma-pbw.svg,f445b29e38054b2bd08c0fb0190b3070055881bb3a1f5e2b4b7db1dcfa56b34f,62c980797916dd34d56126f95ed3d50a51b8c7f7804f6612dbfae48711fce2e4,0.3398514504526176,1.073041053404933,0.0014042412083357292,0.2798126716486525,2.0172240345292005,0.5784606810366129,"{""fixation_baked_in"":false,""palette_values"":{""black"":24,""gray"":133,""white"":232},""render"":{""background_color"":""black"",""content_face_accent_side"":"""",""figure_color"":""white"",""figure_region"":""vase"",""fixation_baked_in"":false,""shade_color"":""gray"",""shadow_dx"":-0.03529168182936917,""shadow_dy"":0.024688139350004697,""shadow_max_radius"":0.065,""shadow_min_abs_component"":0.02,""shadow_pair_mirrored"":false,""shadow_seed"":8309893770023554621,""third_color"":""gray""}}"
wm-bysa-classic__ca-oa-sf-ma-pgb,wm-bysa-classic,wm-bysa-classic,BB34384AC53365954798F19FB94DE3DA1913138B3177DAE5077C623FA1FEE610,CC-BY-SA-3.0,content-ambiguous__outline-ambiguous__shading-figure__material-ambiguous__polarity-outer-gray_center-black,ca-oa-sf-ma-pgb,ambiguous,ambiguous,figure,ambiguous,outer-gray_center-black,vase,False,,shading,vase,black,gray,white,white,,0.022313607760791006,0.04302317124237586,False,8753201908546306667,78108,v1,png/wm-bysa-classic__ca-oa-sf-ma-pgb.png,svg/wm-bysa-classic__ca-oa-sf-ma-pgb.svg,556c4d3deea7c58be36dd5127097f35cdeb5e2238745680e7b5ae5082bcd37c3,18c3487f14fdfaf8e9f94c3773ccedeb482bbdbc31bc787b59ec6bc29f039ea1,0.41763542399686926,0.5143351514022126,0.0014357245066892836,0.2798126716486525,2.0172240345292005,0.5784606810366129,"{""fixation_baked_in"":false,""palette_values"":{""black"":24,""gray"":133,""white"":232},""render"":{""background_color"":""gray"",""content_face_accent_side"":"""",""figure_color"":""black"",""figure_region"":""vase"",""fixation_baked_in"":false,""shade_color"":""white"",""shadow_dx"":0.022313607760791006,""shadow_dy"":0.04302317124237586,""shadow_max_radius"":0.065,""shadow_min_abs_component"":0.02,""shadow_pair_mirrored"":false,""shadow_seed"":8753201908546306667,""third_color"":""white""}}"
wm-bysa-classic__ca-oa-sf-ma-pgw,wm-bysa-classic,wm-bysa-classic,BB34384AC53365954798F19FB94DE3DA1913138B3177DAE5077C623FA1FEE610,CC-BY-SA-3.0,content-ambiguous__outline-ambiguous__shading-figure__material-ambiguous__polarity-outer-gray_center-white,ca-oa-sf-ma-pgw,ambiguous,ambiguous,figure,ambiguous,outer-gray_center-white,vase,False,,shading,vase,white,gray,black,black,,0.04576680253098877,-0.029567586196986625,False,16256193780169999156,78108,v1,png/wm-bysa-classic__ca-oa-sf-ma-pgw.png,svg/wm-bysa-classic__ca-oa-sf-ma-pgw.svg,d12dda0a2941c4450ac1d26f29ab04633e7ff32a978a427d987417cc5e46e6b7,9f7374a3eedec80c2958b1a824c885962a5ec5813824883f112fc73fefd94564,0.6080583534988704,0.3445524274706927,0.0014039080319322257,0.2798126716486525,2.0172240345292005,0.5784606810366129,"{""fixation_baked_in"":false,""palette_values"":{""black"":24,""gray"":133,""white"":232},""render"":{""background_color"":""gray"",""content_face_accent_side"":"""",""figure_color"":""white"",""figure_region"":""vase"",""fixation_baked_in"":false,""shade_color"":""black"",""shadow_dx"":0.04576680253098877,""shadow_dy"":-0.029567586196986625,""shadow_max_radius"":0.065,""shadow_min_abs_component"":0.02,""shadow_pair_mirrored"":false,""shadow_seed"":16256193780169999156,""third_color"":""black""}}"
wm-bysa-classic__ca-oa-sf-ma-pwb,wm-bysa-classic,wm-bysa-classic,BB34384AC53365954798F19FB94DE3DA1913138B3177DAE5077C623FA1FEE610,CC-BY-SA-3.0,content-ambiguous__outline-ambiguous__shading-figure__material-ambiguous__polarity-outer-white_center-black,ca-oa-sf-ma-pwb,ambiguous,ambiguous,figure,ambiguous,outer-white_center-black,vase,False,,shading,vase,black,white,gray,gray,,0.049533059671646694,0.027059136668473368,False,8260995307013884272,78108,v1,png/wm-bysa-classic__ca-oa-sf-ma-pwb.png,svg/wm-bysa-classic__ca-oa-sf-ma-pwb.svg,7613b465f8835d9bbea3d76f64e14150bd4e38dc8e0fdeb2587678df87b82b2f,96775fbe3e0ffc1f426d29661fe51a0df1e5e5bc37d736914ae312bd0784e572,0.6606916203218349,0.549807064177715,0.001409182701061852,0.2798126716486525,2.0172240345292005,0.5784606810366129,"{""fixation_baked_in"":false,""palette_values"":{""black"":24,""gray"":133,""white"":232},""render"":{""background_color"":""white"",""content_face_accent_side"":"""",""figure_color"":""black"",""figure_region"":""vase"",""fixation_baked_in"":false,""shade_color"":""gray"",""shadow_dx"":0.049533059671646694,""shadow_dy"":0.027059136668473368,""shadow_max_radius"":0.065,""shadow_min_abs_component"":0.02,""shadow_pair_mirrored"":false,""shadow_seed"":8260995307013884272,""third_color"":""gray""}}"
wm-bysa-classic__ca-oa-sf-ma-pwg,wm-bysa-classic,wm-bysa-classic,BB34384AC53365954798F19FB94DE3DA1913138B3177DAE5077C623FA1FEE610,CC-BY-SA-3.0,content-ambiguous__outline-ambiguous__shading-figure__material-ambiguous__polarity-outer-white_center-gray,ca-oa-sf-ma-pwg,ambiguous,ambiguous,figure,ambiguous,outer-white_center-gray,vase,False,,shading,vase,gray,white,black,black,,-0.04999030542043134,-0.027351323649773815,False,5027850097146911284,78108,v1,png/wm-bysa-classic__ca-oa-sf-ma-pwg.png,svg/wm-bysa-classic__ca-oa-sf-ma-pwg.svg,4049ea750527dcfe2a6010ad0ed100329e4e150426a027333e75b8a6de07f37e,216457041c60f6e592ebac4eb67238fca653eaf0e2ef4558c36717ce550ff3b3,0.7568226982565488,0.3089938209772121,0.0014452219059666877,0.2798126716486525,2.0172240345292005,0.5784606810366129,"{""fixation_baked_in"":false,""palette_values"":{""black"":24,""gray"":133,""white"":232},""render"":{""background_color"":""white"",""content_face_accent_side"":"""",""figure_color"":""gray"",""figure_region"":""vase"",""fixation_baked_in"":false,""shade_color"":""black"",""shadow_dx"":-0.04999030542043134,""shadow_dy"":-0.027351323649773815,""shadow_max_radius"":0.065,""shadow_min_abs_component"":0.02,""shadow_pair_mirrored"":false,""shadow_seed"":5027850097146911284,""third_color"":""black""}}"
wm-bysa-classic__ca-of-sn-ma-pbg,wm-bysa-classic,wm-bysa-classic,BB34384AC53365954798F19FB94DE3DA1913138B3177DAE5077C623FA1FEE610,CC-BY-SA-3.0,content-ambiguous__outline-face__shading-none__material-ambiguous__polarity-outer-black_center-gray,ca-of-sn-ma-pbg,ambiguous,face,none,ambiguous,outer-black_center-gray,face,False,outline,,face,black,gray,white,,,0.0,0.0,False,9828460788884325833,78108,v1,png/wm-bysa-classic__ca-of-sn-ma-pbg.png,svg/wm-bysa-classic__ca-of-sn-ma-pbg.svg,61e9468c33753c08aaa1928fe785fc2cd0bb6434b31181301c44889afcbf10af,40a0ce1fb93fd810bdfee7f8bef1981fe96195d141e1990251561df216604dba,0.2735944299136891,0.7703117944086919,0.0007363198517432389,0.2798126716486525,2.0172240345292005,0.5784606810366129,"{""fixation_baked_in"":false,""palette_values"":{""black"":24,""gray"":133,""white"":232},""render"":{""background_color"":""gray"",""content_face_accent_side"":"""",""figure_color"":""black"",""figure_region"":""face"",""fixation_baked_in"":false,""shade_color"":"""",""shadow_dx"":0.0,""shadow_dy"":0.0,""shadow_max_radius"":0.065,""shadow_min_abs_component"":0.02,""shadow_pair_mirrored"":false,""shadow_seed"":9828460788884325833,""third_color"":""white""}}"
wm-bysa-classic__ca-of-sn-ma-pbw,wm-bysa-classic,wm-bysa-classic,BB34384AC53365954798F19FB94DE3DA1913138B3177DAE5077C623FA1FEE610,CC-BY-SA-3.0,content-ambiguous__outline-face__shading-none__material-ambiguous__polarity-outer-black_center-white,ca-of-sn-ma-pbw,ambiguous,face,none,ambiguous,outer-black_center-white,face,False,outline,,face,black,white,gray,,,0.0,0.0,False,7361047489241925034,78108,v1,png/wm-bysa-classic__ca-of-sn-ma-pbw.png,svg/wm-bysa-classic__ca-of-sn-ma-pbw.svg,485ad7ab831020a47133c5c43941ad422bce1c740cf32d902274ed8fdd312034,626b19c8571fe23ed226f3d037e8fee22c87e51bc8b11f1ca38b486d5551693f,0.4366035536223768,0.9211327206771743,0.0014050909953424186,0.2798126716486525,2.0172240345292005,0.5784606810366129,"{""fixation_baked_in"":false,""palette_values"":{""black"":24,""gray"":133,""white"":232},""render"":{""background_color"":""white"",""content_face_accent_side"":"""",""figure_color"":""black"",""figure_region"":""face"",""fixation_baked_in"":false,""shade_color"":"""",""shadow_dx"":0.0,""shadow_dy"":0.0,""shadow_max_radius"":0.065,""shadow_min_abs_component"":0.02,""shadow_pair_mirrored"":false,""shadow_seed"":7361047489241925034,""third_color"":""gray""}}"
wm-bysa-classic__ca-of-sn-ma-pgb,wm-bysa-classic,wm-bysa-classic,BB34384AC53365954798F19FB94DE3DA1913138B3177DAE5077C623FA1FEE610,CC-BY-SA-3.0,content-ambiguous__outline-face__shading-none__material-ambiguous__polarity-outer-gray_center-black,ca-of-sn-ma-pgb,ambiguous,face,none,ambiguous,outer-gray_center-black,face,False,outline,,face,gray,black,white,,,0.0,0.0,False,5476735943919411229,78108,v1,png/wm-bysa-classic__ca-of-sn-ma-pgb.png,svg/wm-bysa-classic__ca-of-sn-ma-pgb.svg,28cd5bca06e183cebc86ac050a7406f6676ca1f5593369f9da8d7eb330cdcc14,9d5bf4f42dfb5048f0720b3f78f4435d3b039b11829b3492200dbf2969925431,0.3420963362151501,0.6160581465838716,0.0007363235952983344,0.2798126716486525,2.0172240345292005,0.5784606810366129,"{""fixation_baked_in"":false,""palette_values"":{""black"":24,""gray"":133,""white"":232},""render"":{""background_color"":""black"",""content_face_accent_side"":"""",""figure_color"":""gray"",""figure_region"":""face"",""fixation_baked_in"":false,""shade_color"":"""",""shadow_dx"":0.0,""shadow_dy"":0.0,""shadow_max_radius"":0.065,""shadow_min_abs_component"":0.02,""shadow_pair_mirrored"":false,""shadow_seed"":5476735943919411229,""third_color"":""white""}}"
wm-bysa-classic__ca-of-sn-ma-pgw,wm-bysa-classic,wm-bysa-classic,BB34384AC53365954798F19FB94DE3DA1913138B3177DAE5077C623FA1FEE610,CC-BY-SA-3.0,content-ambiguous__outline-face__shading-none__material-ambiguous__polarity-outer-gray_center-white,ca-of-sn-ma-pgw,ambiguous,face,none,ambiguous,outer-gray_center-white,face,False,outline,,face,gray,white,black,,,0.0,0.0,False,15033490434194287761,78108,v1,png/wm-bysa-classic__ca-of-sn-ma-pgw.png,svg/wm-bysa-classic__ca-of-sn-ma-pgw.svg,2186d13d9585cbf5cc132184f8b5a85613a7bbcb060c36538899b870feae9a46,b38266d34a32e5652d144cdda8af89a852a9ec0d3ad02d3bee3bc79ecc98db2f,0.6845748527377261,0.27961288546956053,0.0006687711435991795,0.2798126716486525,2.0172240345292005,0.5784606810366129,"{""fixation_baked_in"":false,""palette_values"":{""black"":24,""gray"":133,""white"":232},""render"":{""background_color"":""white"",""content_face_accent_side"":"""",""figure_color"":""gray"",""figure_region"":""face"",""fixation_baked_in"":false,""shade_color"":"""",""shadow_dx"":0.0,""shadow_dy"":0.0,""shadow_max_radius"":0.065,""shadow_min_abs_component"":0.02,""shadow_pair_mirrored"":false,""shadow_seed"":15033490434194287761,""third_color"":""black""}}"
wm-bysa-classic__ca-of-sn-ma-pwb,wm-bysa-classic,wm-bysa-classic,BB34384AC53365954798F19FB94DE3DA1913138B3177DAE5077C623FA1FEE610,CC-BY-SA-3.0,content-ambiguous__outline-face__shading-none__material-ambiguous__polarity-outer-white_center-black,ca-of-sn-ma-pwb,ambiguous,face,none,ambiguous,outer-white_center-black,face,False,outline,,face,white,black,gray,,,0.0,0.0,False,15192617094154196621,78108,v1,png/wm-bysa-classic__ca-of-sn-ma-pwb.png,svg/wm-bysa-classic__ca-of-sn-ma-pwb.svg,e516fa6af0ce6691e1c653f68a396daf524f485e5876d8067b0986c77e73e389,22b08bbaa944aefd0126efcd66d70c22f5cf3b729d427af52161b28941c232a3,0.5673180150050744,0.7088966127788225,0.0014050909953424186,0.2798126716486525,2.0172240345292005,0.5784606810366129,"{""fixation_baked_in"":false,""palette_values"":{""black"":24,""gray"":133,""white"":232},""render"":{""background_color"":""black"",""content_face_accent_side"":"""",""figure_color"":""white"",""figure_region"":""face"",""fixation_baked_in"":false,""shade_color"":"""",""shadow_dx"":0.0,""shadow_dy"":0.0,""shadow_max_radius"":0.065,""shadow_min_abs_component"":0.02,""shadow_pair_mirrored"":false,""shadow_seed"":15192617094154196621,""third_color"":""gray""}}"
wm-bysa-classic__ca-of-sn-ma-pwg,wm-bysa-classic,wm-bysa-classic,BB34384AC53365954798F19FB94DE3DA1913138B3177DAE5077C623FA1FEE610,CC-BY-SA-3.0,content-ambiguous__outline-face__shading-none__material-ambiguous__polarity-outer-white_center-gray,ca-of-sn-ma-pwg,ambiguous,face,none,ambiguous,outer-white_center-gray,face,False,outline,,face,white,gray,black,,,0.0,0.0,False,16530824242589804327,78108,v1,png/wm-bysa-classic__ca-of-sn-ma-pwg.png,svg/wm-bysa-classic__ca-of-sn-ma-pwg.svg,7362a7b7cf416dfebec8512751d5891e0cca7aa77469e0dfa5be7fd1fca73947,5526659751dfce57b16e6bc15b2d0b92b50bf91d49c4d151058b99e9dc194c11,0.7467917648016239,0.25631974252861756,0.000668767400044084,0.2798126716486525,2.0172240345292005,0.5784606810366129,"{""fixation_baked_in"":false,""palette_values"":{""black"":24,""gray"":133,""white"":232},""render"":{""background_color"":""gray"",""content_face_accent_side"":"""",""figure_color"":""white"",""figure_region"":""face"",""fixation_baked_in"":false,""shade_color"":"""",""shadow_dx"":0.0,""shadow_dy"":0.0,""shadow_max_radius"":0.065,""shadow_min_abs_component"":0.02,""shadow_pair_mirrored"":false,""shadow_seed"":16530824242589804327,""third_color"":""black""}}"
wm-bysa-classic__ca-of-sn-mv-pbg,wm-bysa-classic,wm-bysa-classic,BB34384AC53365954798F19FB94DE3DA1913138B3177DAE5077C623FA1FEE610,CC-BY-SA-3.0,content-ambiguous__outline-face__shading-none__material-vase__polarity-outer-black_center-gray,ca-of-sn-mv-pbg,ambiguous,face,none,vase,outer-black_center-gray,conflict,True,outline,material,face,black,gray,white,,,0.0,0.0,False,2087303389440840895,78108,v1,png/wm-bysa-classic__ca-of-sn-mv-pbg.png,svg/wm-bysa-classic__ca-of-sn-mv-pbg.svg,31dadefadc7425bb760b18b0cafb988c34f2615abd44a57554f6bce0aacb56da,7226ac20b318af5d32a4720b00b12279ac156f0b6b86f5488368750d28650017,0.30446166618197573,0.867437812164924,0.002450557370431066,0.2798126716486525,2.0172240345292005,0.5784606810366129,"{""fixation_baked_in"":false,""palette_values"":{""black"":24,""gray"":133,""white"":232},""render"":{""background_color"":""gray"",""content_face_accent_side"":"""",""figure_color"":""black"",""figure_region"":""face"",""fixation_baked_in"":false,""shade_color"":"""",""shadow_dx"":0.0,""shadow_dy"":0.0,""shadow_max_radius"":0.065,""shadow_min_abs_component"":0.02,""shadow_pair_mirrored"":false,""shadow_seed"":2087303389440840895,""third_color"":""white""}}"
wm-bysa-classic__ca-of-sn-mv-pbw,wm-bysa-classic,wm-bysa-classic,BB34384AC53365954798F19FB94DE3DA1913138B3177DAE5077C623FA1FEE610,CC-BY-SA-3.0,content-ambiguous__outline-face__shading-none__material-vase__polarity-outer-black_center-white,ca-of-sn-mv-pbw,ambiguous,face,none,vase,outer-black_center-white,conflict,True,outline,material,face,black,white,gray,,,0.0,0.0,False,17355078915136994405,78108,v1,png/wm-bysa-classic__ca-of-sn-mv-pbw.png,svg/wm-bysa-classic__ca-of-sn-mv-pbw.svg,4384eb520a73c8cb433b77a1cdfdad022f7e6c0ca8fe20566757dd7ef478e033,dc77e14aa41ecb28a1f49a6c3f583c48b199ef3e865a3331d2fc0f0164bdb464,0.40825876722148824,0.917157428051378,0.0023382769224503095,0.2798126716486525,2.0172240345292005,0.5784606810366129,"{""fixation_baked_in"":false,""palette_values"":{""black"":24,""gray"":133,""white"":232},""render"":{""background_color"":""white"",""content_face_accent_side"":"""",""figure_color"":""black"",""figure_region"":""face"",""fixation_baked_in"":false,""shade_color"":"""",""shadow_dx"":0.0,""shadow_dy"":0.0,""shadow_max_radius"":0.065,""shadow_min_abs_component"":0.02,""shadow_pair_mirrored"":false,""shadow_seed"":17355078915136994405,""third_color"":""gray""}}"
wm-bysa-classic__ca-of-sn-mv-pgb,wm-bysa-classic,wm-bysa-classic,BB34384AC53365954798F19FB94DE3DA1913138B3177DAE5077C623FA1FEE610,CC-BY-SA-3.0,content-ambiguous__outline-face__shading-none__material-vase__polarity-outer-gray_center-black,ca-of-sn-mv-pgb,ambiguous,face,none,vase,outer-gray_center-black,conflict,True,outline,material,face,gray,black,white,,,0.0,0.0,False,12415496068500504421,78108,v1,png/wm-bysa-classic__ca-of-sn-mv-pgb.png,svg/wm-bysa-classic__ca-of-sn-mv-pgb.svg,273254d12fc3a7a1813e47aa99e8ea757e0d779a342b4a00d81eaba6d89fd992,c1ccc8937b6a458ee38619d3d84a098d7ca261e5226118733c6feca61c6570d6,0.38716615041097,0.4383744854044499,0.0020457779886148006,0.2798126716486525,2.0172240345292005,0.5784606810366129,"{""fixation_baked_in"":false,""palette_values"":{""black"":24,""gray"":133,""white"":232},""render"":{""background_color"":""black"",""content_face_accent_side"":"""",""figure_color"":""gray"",""figure_region"":""face"",""fixation_baked_in"":false,""shade_color"":"""",""shadow_dx"":0.0,""shadow_dy"":0.0,""shadow_max_radius"":0.065,""shadow_min_abs_component"":0.02,""shadow_pair_mirrored"":false,""shadow_seed"":12415496068500504421,""third_color"":""white""}}"
wm-bysa-classic__ca-of-sn-mv-pgw,wm-bysa-classic,wm-bysa-classic,BB34384AC53365954798F19FB94DE3DA1913138B3177DAE5077C623FA1FEE610,CC-BY-SA-3.0,content-ambiguous__outline-face__shading-none__material-vase__polarity-outer-gray_center-white,ca-of-sn-mv-pgw,ambiguous,face,none,vase,outer-gray_center-white,conflict,True,outline,material,face,gray,white,black,,,0.0,0.0,False,2755310928184911410,78108,v1,png/wm-bysa-classic__ca-of-sn-mv-pgw.png,svg/wm-bysa-classic__ca-of-sn-mv-pgw.svg,754d3e59c40f0dfdbe907981e134db78c76497608b6b97330cfac91aefb75ef1,5235497c855410400a8fe04fe1415ebeb9f61649b1a9959f8c84332483ba3a21,0.6560057546578203,0.26086227519640764,0.0016291427678109367,0.2798126716486525,2.0172240345292005,0.5784606810366129,"{""fixation_baked_in"":false,""palette_values"":{""black"":24,""gray"":133,""white"":232},""render"":{""background_color"":""white"",""content_face_accent_side"":"""",""figure_color"":""gray"",""figure_region"":""face"",""fixation_baked_in"":false,""shade_color"":"""",""shadow_dx"":0.0,""shadow_dy"":0.0,""shadow_max_radius"":0.065,""shadow_min_abs_component"":0.02,""shadow_pair_mirrored"":false,""shadow_seed"":2755310928184911410,""third_color"":""black""}}"
wm-bysa-classic__ca-of-sn-mv-pwb,wm-bysa-classic,wm-bysa-classic,BB34384AC53365954798F19FB94DE3DA1913138B3177DAE5077C623FA1FEE610,CC-BY-SA-3.0,content-ambiguous__outline-face__shading-none__material-vase__polarity-outer-white_center-black,ca-of-sn-mv-pwb,ambiguous,face,none,vase,outer-white_center-black,conflict,True,outline,material,face,white,black,gray,,,0.0,0.0,False,12205826625719206061,78108,v1,png/wm-bysa-classic__ca-of-sn-mv-pwb.png,svg/wm-bysa-classic__ca-of-sn-mv-pwb.svg,5fbeaad777e32df5609d4e269550e5b590f0830c1e7fdb487a2d2f4e37aa0127,e77bcf86ec0a13ff65782c8836f0956a7f5177d75c9f022c4f131a1d67f3ee3d,0.6121838476143633,0.5793865031704898,0.0027094728715044173,0.2798126716486525,2.0172240345292005,0.5784606810366129,"{""fixation_baked_in"":false,""palette_values"":{""black"":24,""gray"":133,""white"":232},""render"":{""background_color"":""black"",""content_face_accent_side"":"""",""figure_color"":""white"",""figure_region"":""face"",""fixation_baked_in"":false,""shade_color"":"""",""shadow_dx"":0.0,""shadow_dy"":0.0,""shadow_max_radius"":0.065,""shadow_min_abs_component"":0.02,""shadow_pair_mirrored"":false,""shadow_seed"":12205826625719206061,""third_color"":""gray""}}"
wm-bysa-classic__ca-of-sn-mv-pwg,wm-bysa-classic,wm-bysa-classic,BB34384AC53365954798F19FB94DE3DA1913138B3177DAE5077C623FA1FEE610,CC-BY-SA-3.0,content-ambiguous__outline-face__shading-none__material-vase__polarity-outer-white_center-gray,ca-of-sn-mv-pwg,ambiguous,face,none,vase,outer-white_center-gray,conflict,True,outline,material,face,white,gray,black,,,0.0,0.0,False,9812959584096178775,78108,v1,png/wm-bysa-classic__ca-of-sn-mv-pwg.png,svg/wm-bysa-classic__ca-of-sn-mv-pwg.svg,0460605bed297255c0d6c526cf4d106c5813ee09066242929743156afc1a381b,e54b981c5bdc7d333cff4dea0c07e68ba39e07605410617f357c262159237330,0.7772291744456572,0.23368903233845462,0.0024462560256262814,0.2798126716486525,2.0172240345292005,0.5784606810366129,"{""fixation_baked_in"":false,""palette_values"":{""black"":24,""gray"":133,""white"":232},""render"":{""background_color"":""gray"",""content_face_accent_side"":"""",""figure_color"":""white"",""figure_region"":""face"",""fixation_baked_in"":false,""shade_color"":"""",""shadow_dx"":0.0,""shadow_dy"":0.0,""shadow_max_radius"":0.065,""shadow_min_abs_component"":0.02,""shadow_pair_mirrored"":false,""shadow_seed"":9812959584096178775,""third_color"":""black""}}"
wm-bysa-classic__ca-of-sf-ma-pbg,wm-bysa-classic,wm-bysa-classic,BB34384AC53365954798F19FB94DE3DA1913138B3177DAE5077C623FA1FEE610,CC-BY-SA-3.0,content-ambiguous__outline-face__shading-figure__material-ambiguous__polarity-outer-black_center-gray,ca-of-sf-ma-pbg,ambiguous,face,figure,ambiguous,outer-black_center-gray,face,False,outline|shading,,face,black,gray,white,white,,-0.04990987951365789,0.02178165776207036,True,11089519159570535617,78108,v1,png/wm-bysa-classic__ca-of-sf-ma-pbg.png,svg/wm-bysa-classic__ca-of-sf-ma-pbg.svg,38e19932a477d3b6f25b7b18da2f8ab7550ded2fd7c8bf3c575a4d5671fcb001,04f3104fffe4cd1e0b9ff44c739c8d6a18b55af37a2f6974850d1b4703222028,0.2779103036020316,0.7895630447159393,0.0009412420576735093,0.2798126716486525,2.0172240345292005,0.5784606810366129,"{""fixation_baked_in"":false,""palette_values"":{""black"":24,""gray"":133,""white"":232},""render"":{""background_color"":""gray"",""content_face_accent_side"":"""",""figure_color"":""black"",""figure_region"":""face"",""fixation_baked_in"":false,""shade_color"":""white"",""shadow_dx"":-0.04990987951365789,""shadow_dy"":0.02178165776207036,""shadow_max_radius"":0.065,""shadow_min_abs_component"":0.02,""shadow_pair_mirrored"":true,""shadow_seed"":11089519159570535617,""third_color"":""white""}}"
wm-bysa-classic__ca-of-sf-ma-pbw,wm-bysa-classic,wm-bysa-classic,BB34384AC53365954798F19FB94DE3DA1913138B3177DAE5077C623FA1FEE610,CC-BY-SA-3.0,content-ambiguous__outline-face__shading-figure__material-ambiguous__polarity-outer-black_center-white,ca-of-sf-ma-pbw,ambiguous,face,figure,ambiguous,outer-black_center-white,face,False,outline|shading,,face,black,white,gray,gray,,-0.02188286998727903,0.03619618232057307,True,702578151945661962,78108,v1,png/wm-bysa-classic__ca-of-sf-ma-pbw.png,svg/wm-bysa-classic__ca-of-sf-ma-pbw.svg,e25d9ecb17ffab2d17f96882b06f1c3bdbd40953930202d6b5df35c923d0414a,0db095e9db497d0e6a20bc96632af4a4f8169bc9be34fcae76b8dc0e38cd0af5,0.4283426621380975,0.9253195504072668,0.0014188972265347978,0.2798126716486525,2.0172240345292005,0.5784606810366129,"{""fixation_baked_in"":false,""palette_values"":{""black"":24,""gray"":133,""white"":232},""render"":{""background_color"":""white"",""content_face_accent_side"":"""",""figure_color"":""black"",""figure_region"":""face"",""fixation_baked_in"":false,""shade_color"":""gray"",""shadow_dx"":-0.02188286998727903,""shadow_dy"":0.03619618232057307,""shadow_max_radius"":0.065,""shadow_min_abs_component"":0.02,""shadow_pair_mirrored"":true,""shadow_seed"":702578151945661962,""third_color"":""gray""}}"
wm-bysa-classic__ca-of-sf-ma-pgb,wm-bysa-classic,wm-bysa-classic,BB34384AC53365954798F19FB94DE3DA1913138B3177DAE5077C623FA1FEE610,CC-BY-SA-3.0,content-ambiguous__outline-face__shading-figure__material-ambiguous__polarity-outer-gray_center-black,ca-of-sf-ma-pgb,ambiguous,face,figure,ambiguous,outer-gray_center-black,face,False,outline|shading,,face,gray,black,white,white,,-0.02645978423370985,-0.03479746489038292,True,13926639445343724066,78108,v1,png/wm-bysa-classic__ca-of-sf-ma-pgb.png,svg/wm-bysa-classic__ca-of-sf-ma-pgb.svg,4ed795ab6d415f3a00cadf578b7ad1e80b43ffe78528b87efa4eb794b16e46ac,6260e8083e57c2c85f12f2074a4696ac12e28f03d73e3496bf8d5e79863c11c1,0.35487732232785696,0.6193211665458643,0.0010798022624250092,0.2798126716486525,2.0172240345292005,0.5784606810366129,"{""fixation_baked_in"":false,""palette_values"":{""black"":24,""gray"":133,""white"":232},""render"":{""background_color"":""black"",""content_face_accent_side"":"""",""figure_color"":""gray"",""figure_region"":""face"",""fixation_baked_in"":false,""shade_color"":""white"",""shadow_dx"":-0.02645978423370985,""shadow_dy"":-0.03479746489038292,""shadow_max_radius"":0.065,""shadow_min_abs_component"":0.02,""shadow_pair_mirrored"":true,""shadow_seed"":13926639445343724066,""third_color"":""white""}}"
wm-bysa-classic__ca-of-sf-ma-pgw,wm-bysa-classic,wm-bysa-classic,BB34384AC53365954798F19FB94DE3DA1913138B3177DAE5077C623FA1FEE610,CC-BY-SA-3.0,content-ambiguous__outline-face__shading-figure__material-ambiguous__polarity-outer-gray_center-white,ca-of-sf-ma-pgw,ambiguous,face,figure,ambiguous,outer-gray_center-white,face,False,outline|shading,,face,gray,white,black,black,,-0.056536916518481056,0.02912471444935089,True,4200636747958206476,78108,v1,png/wm-bysa-classic__ca-of-sf-ma-pgw.png,svg/wm-bysa-classic__ca-of-sf-ma-pgw.svg,f47438dad4681157c3184071735a4f6d0490d78eec84c5ae7b65fa8b8f8ca6d2,be0a1dd6922e46a7730d12d5f2f7850460542c37b34ce4f3e524a13b67433a91,0.6725708007812501,0.300359463109925,0.0009091710211699537,0.2798126716486525,2.0172240345292005,0.5784606810366129,"{""fixation_baked_in"":false,""palette_values"":{""black"":24,""gray"":133,""white"":232},""render"":{""background_color"":""white"",""content_face_accent_side"":"""",""figure_color"":""gray"",""figure_region"":""face"",""fixation_baked_in"":false,""shade_color"":""black"",""shadow_dx"":-0.056536916518481056,""shadow_dy"":0.02912471444935089,""shadow_max_radius"":0.065,""shadow_min_abs_component"":0.02,""shadow_pair_mirrored"":true,""shadow_seed"":4200636747958206476,""third_color"":""black""}}"
wm-bysa-classic__ca-of-sf-ma-pwb,wm-bysa-classic,wm-bysa-classic,BB34384AC53365954798F19FB94DE3DA1913138B3177DAE5077C623FA1FEE610,CC-BY-SA-3.0,content-ambiguous__outline-face__shading-figure__material-ambiguous__polarity-outer-white_center-black,ca-of-sf-ma-pwb,ambiguous,face,figure,ambiguous,outer-white_center-black,face,False,outline|shading,,face,white,black,gray,gray,,-0.022906945097148374,0.035046244894296405,True,8266271477865611220,78108,v1,png/wm-bysa-classic__ca-of-sf-ma-pwb.png,svg/wm-bysa-classic__ca-of-sf-ma-pwb.svg,807b8ff3d3cdce3f48d00bccd78ce3670644f2ec2223a0fdec02200c8e163497,d4613c6965b624388fc137ad1d2ebc3c12604ee45ac643b96c96750d07e47f2b,0.5760284723020068,0.6882715174161341,0.0014197844490924424,0.2798126716486525,2.0172240345292005,0.5784606810366129,"{""fixation_baked_in"":false,""palette_values"":{""black"":24,""gray"":133,""white"":232},""render"":{""background_color"":""black"",""content_face_accent_side"":"""",""figure_color"":""white"",""figure_region"":""face"",""fixation_baked_in"":false,""shade_color"":""gray"",""shadow_dx"":-0.022906945097148374,""shadow_dy"":0.035046244894296405,""shadow_max_radius"":0.065,""shadow_min_abs_component"":0.02,""shadow_pair_mirrored"":true,""shadow_seed"":8266271477865611220,""third_color"":""gray""}}"
wm-bysa-classic__ca-of-sf-ma-pwg,wm-bysa-classic,wm-bysa-classic,BB34384AC53365954798F19FB94DE3DA1913138B3177DAE5077C623FA1FEE610,CC-BY-SA-3.0,content-ambiguous__outline-face__shading-figure__material-ambiguous__polarity-outer-white_center-gray,ca-of-sf-ma-pwg,ambiguous,face,figure,ambiguous,outer-white_center-gray,face,False,outline|shading,,face,white,gray,black,black,,0.03915548895490195,0.03459601789744715,True,4262909874648166788,78108,v1,png/wm-bysa-classic__ca-of-sf-ma-pwg.png,svg/wm-bysa-classic__ca-of-sf-ma-pwg.svg,854f2018c5b6b6aea71a8c86120e75bb8332bba0baf35acca38a86c5972fe108,e52a1f42b8944f2224e52bf32279186ca8af3ebc74aef218ff5fc7ac8a5d3493,0.7122829886043773,0.3592716837842711,0.0018893161033963926,0.2798126716486525,2.0172240345292005,0.5784606810366129,"{""fixation_baked_in"":false,""palette_values"":{""black"":24,""gray"":133,""white"":232},""render"":{""background_color"":""gray"",""content_face_accent_side"":"""",""figure_color"":""white"",""figure_region"":""face"",""fixation_baked_in"":false,""shade_color"":""black"",""shadow_dx"":0.03915548895490195,""shadow_dy"":0.03459601789744715,""shadow_max_radius"":0.065,""shadow_min_abs_component"":0.02,""shadow_pair_mirrored"":true,""shadow_seed"":4262909874648166788,""third_color"":""black""}}"
wm-bysa-classic__cv-oa-sn-ma-pbg,wm-bysa-classic,wm-bysa-classic,BB34384AC53365954798F19FB94DE3DA1913138B3177DAE5077C623FA1FEE610,CC-BY-SA-3.0,content-vase__outline-ambiguous__shading-none__material-ambiguous__polarity-outer-black_center-gray,cv-oa-sn-ma-pbg,vase,ambiguous,none,ambiguous,outer-black_center-gray,vase,False,,content,vase,gray,black,white,,,0.0,0.0,False,3276908229396429265,78108,v1,png/wm-bysa-classic__cv-oa-sn-ma-pbg.png,svg/wm-bysa-classic__cv-oa-sn-ma-pbg.svg,b518bd71d889da8f7c25aa385102c1f8cd45861c25ced035d205af5189e5833a,e3044e250920330cf4144fa6c1b5e907b65cb8dadf4bfc26036a709adefd4524,0.38361443538291784,0.8405451046928086,0.00988503317688268,0.2798126716486525,2.0172240345292005,0.5784606810366129,"{""fixation_baked_in"":false,""palette_values"":{""black"":24,""gray"":133,""white"":232},""render"":{""background_color"":""black"",""content_face_accent_side"":"""",""figure_color"":""gray"",""figure_region"":""vase"",""fixation_baked_in"":false,""shade_color"":"""",""shadow_dx"":0.0,""shadow_dy"":0.0,""shadow_max_radius"":0.065,""shadow_min_abs_component"":0.02,""shadow_pair_mirrored"":false,""shadow_seed"":3276908229396429265,""third_color"":""white""}}"
wm-bysa-classic__cv-oa-sn-ma-pbw,wm-bysa-classic,wm-bysa-classic,BB34384AC53365954798F19FB94DE3DA1913138B3177DAE5077C623FA1FEE610,CC-BY-SA-3.0,content-vase__outline-ambiguous__shading-none__material-ambiguous__polarity-outer-black_center-white,cv-oa-sn-ma-pbw,vase,ambiguous,none,ambiguous,outer-black_center-white,vase,False,,content,vase,white,black,gray,,,0.0,0.0,False,10318200473250685372,78108,v1,png/wm-bysa-classic__cv-oa-sn-ma-pbw.png,svg/wm-bysa-classic__cv-oa-sn-ma-pbw.svg,0ff1af5f01879b23287edb0e23d283428a1a715e43c4f6602f529ef7c6616e41,8507276969cabd9fad5d34710f48bd03c5b064c56ce738d90c469eba2a7574ee,0.41118803959266814,0.8520113398742363,0.006016907541975736,0.2798126716486525,2.0172240345292005,0.5784606810366129,"{""fixation_baked_in"":false,""palette_values"":{""black"":24,""gray"":133,""white"":232},""render"":{""background_color"":""black"",""content_face_accent_side"":"""",""figure_color"":""white"",""figure_region"":""vase"",""fixation_baked_in"":false,""shade_color"":"""",""shadow_dx"":0.0,""shadow_dy"":0.0,""shadow_max_radius"":0.065,""shadow_min_abs_component"":0.02,""shadow_pair_mirrored"":false,""shadow_seed"":10318200473250685372,""third_color"":""gray""}}"
wm-bysa-classic__cv-oa-sn-ma-pgb,wm-bysa-classic,wm-bysa-classic,BB34384AC53365954798F19FB94DE3DA1913138B3177DAE5077C623FA1FEE610,CC-BY-SA-3.0,content-vase__outline-ambiguous__shading-none__material-ambiguous__polarity-outer-gray_center-black,cv-oa-sn-ma-pgb,vase,ambiguous,none,ambiguous,outer-gray_center-black,vase,False,,content,vase,black,gray,white,,,0.0,0.0,False,8976865089012514789,78108,v1,png/wm-bysa-classic__cv-oa-sn-ma-pgb.png,svg/wm-bysa-classic__cv-oa-sn-ma-pgb.svg,d4eb923ab9bbf8820ccc3d9b3308f32d4d80cbf7519bf1c8fc50a80052f85f1a,7b73a30450634e04c3fe3482f637972e796971aae63fcf128c162f486a3bf7dd,0.48303560369154996,0.5872112278084142,0.005261907350305714,0.2798126716486525,2.0172240345292005,0.5784606810366129,"{""fixation_baked_in"":false,""palette_values"":{""black"":24,""gray"":133,""white"":232},""render"":{""background_color"":""gray"",""content_face_accent_side"":"""",""figure_color"":""black"",""figure_region"":""vase"",""fixation_baked_in"":false,""shade_color"":"""",""shadow_dx"":0.0,""shadow_dy"":0.0,""shadow_max_radius"":0.065,""shadow_min_abs_component"":0.02,""shadow_pair_mirrored"":false,""shadow_seed"":8976865089012514789,""third_color"":""white""}}"
wm-bysa-classic__cv-oa-sn-ma-pgw,wm-bysa-classic,wm-bysa-classic,BB34384AC53365954798F19FB94DE3DA1913138B3177DAE5077C623FA1FEE610,CC-BY-SA-3.0,content-vase__outline-ambiguous__shading-none__material-ambiguous__polarity-outer-gray_center-white,cv-oa-sn-ma-pgw,vase,ambiguous,none,ambiguous,outer-gray_center-white,vase,False,,content,vase,white,gray,black,,,0.0,0.0,False,10018350795557803640,78108,v1,png/wm-bysa-classic__cv-oa-sn-ma-pgw.png,svg/wm-bysa-classic__cv-oa-sn-ma-pgw.svg,53f18e128c62f168917fe9e40831cbb5a656ad813ed515c3bdf06df62aca1b14,b3abdbc3547891a972eb73626fb4a8031f26bb1905d3d489a637f9e8f02eac92,0.5409222509346757,0.5203679700881967,0.00565553842504744,0.2798126716486525,2.0172240345292005,0.5784606810366129,"{""fixation_baked_in"":false,""palette_values"":{""black"":24,""gray"":133,""white"":232},""render"":{""background_color"":""gray"",""content_face_accent_side"":"""",""figure_color"":""white"",""figure_region"":""vase"",""fixation_baked_in"":false,""shade_color"":"""",""shadow_dx"":0.0,""shadow_dy"":0.0,""shadow_max_radius"":0.065,""shadow_min_abs_component"":0.02,""shadow_pair_mirrored"":false,""shadow_seed"":10018350795557803640,""third_color"":""black""}}"
wm-bysa-classic__cv-oa-sn-ma-pwb,wm-bysa-classic,wm-bysa-classic,BB34384AC53365954798F19FB94DE3DA1913138B3177DAE5077C623FA1FEE610,CC-BY-SA-3.0,content-vase__outline-ambiguous__shading-none__material-ambiguous__polarity-outer-white_center-black,cv-oa-sn-ma-pwb,vase,ambiguous,none,ambiguous,outer-white_center-black,vase,False,,content,vase,black,white,gray,,,0.0,0.0,False,1073904358377407740,78108,v1,png/wm-bysa-classic__cv-oa-sn-ma-pwb.png,svg/wm-bysa-classic__cv-oa-sn-ma-pwb.svg,0be783036279fa97e571e6cc8568db0b36a20cfb95e34764dec6e440474d5308,7c4905d2659b5f62831cc28c9e51e5a8871f57444263b8930980cb5fcdc0401d,0.6009090573179956,0.5795295630124996,0.005586866650374714,0.2798126716486525,2.0172240345292005,0.5784606810366129,"{""fixation_baked_in"":false,""palette_values"":{""black"":24,""gray"":133,""white"":232},""render"":{""background_color"":""white"",""content_face_accent_side"":"""",""figure_color"":""black"",""figure_region"":""vase"",""fixation_baked_in"":false,""shade_color"":"""",""shadow_dx"":0.0,""shadow_dy"":0.0,""shadow_max_radius"":0.065,""shadow_min_abs_component"":0.02,""shadow_pair_mirrored"":false,""shadow_seed"":1073904358377407740,""third_color"":""gray""}}"
wm-bysa-classic__cv-oa-sn-ma-pwg,wm-bysa-classic,wm-bysa-classic,BB34384AC53365954798F19FB94DE3DA1913138B3177DAE5077C623FA1FEE610,CC-BY-SA-3.0,content-vase__outline-ambiguous__shading-none__material-ambiguous__polarity-outer-white_center-gray,cv-oa-sn-ma-pwg,vase,ambiguous,none,ambiguous,outer-white_center-gray,vase,False,,content,vase,gray,white,black,,,0.0,0.0,False,7771420286622038986,78108,v1,png/wm-bysa-classic__cv-oa-sn-ma-pwg.png,svg/wm-bysa-classic__cv-oa-sn-ma-pwg.svg,98fb650891d7216ed8d4f6dcbe8d0e5629bf4d68dcf626c1db9bd9cdc6c89f56,18f4985e4fd8cf70e93c062b87d9ddac264a131068b2e7da5913feccb82bb019,0.6312656926173791,0.5041017483915027,0.009853576083414795,0.2798126716486525,2.0172240345292005,0.5784606810366129,"{""fixation_baked_in"":false,""palette_values"":{""black"":24,""gray"":133,""white"":232},""render"":{""background_color"":""white"",""content_face_accent_side"":"""",""figure_color"":""gray"",""figure_region"":""vase"",""fixation_baked_in"":false,""shade_color"":"""",""shadow_dx"":0.0,""shadow_dy"":0.0,""shadow_max_radius"":0.065,""shadow_min_abs_component"":0.02,""shadow_pair_mirrored"":false,""shadow_seed"":7771420286622038986,""third_color"":""black""}}"
wm-bysa-classic__cv-oa-sn-mv-pbg,wm-bysa-classic,wm-bysa-classic,BB34384AC53365954798F19FB94DE3DA1913138B3177DAE5077C623FA1FEE610,CC-BY-SA-3.0,content-vase__outline-ambiguous__shading-none__material-vase__polarity-outer-black_center-gray,cv-oa-sn-mv-pbg,vase,ambiguous,none,vase,outer-black_center-gray,vase,False,,content|material,vase,gray,black,white,,,0.0,0.0,False,8668398316262017776,78108,v1,png/wm-bysa-classic__cv-oa-sn-mv-pbg.png,svg/wm-bysa-classic__cv-oa-sn-mv-pbg.svg,f423a3175d6a80ab0ba7828e93eaba523232e9a9f71b47f4bddf9dccdd1f3a28,3ef122bc4cc03052362f17d663ed0a51b987de699c6a04d87598be7845a8fe06,0.4144812453026866,0.8442494090703386,0.011586550095355837,0.2798126716486525,2.0172240345292005,0.5784606810366129,"{""fixation_baked_in"":false,""palette_values"":{""black"":24,""gray"":133,""white"":232},""render"":{""background_color"":""black"",""content_face_accent_side"":"""",""figure_color"":""gray"",""figure_region"":""vase"",""fixation_baked_in"":false,""shade_color"":"""",""shadow_dx"":0.0,""shadow_dy"":0.0,""shadow_max_radius"":0.065,""shadow_min_abs_component"":0.02,""shadow_pair_mirrored"":false,""shadow_seed"":8668398316262017776,""third_color"":""white""}}"
wm-bysa-classic__cv-oa-sn-mv-pbw,wm-bysa-classic,wm-bysa-classic,BB34384AC53365954798F19FB94DE3DA1913138B3177DAE5077C623FA1FEE610,CC-BY-SA-3.0,content-vase__outline-ambiguous__shading-none__material-vase__polarity-outer-black_center-white,cv-oa-sn-mv-pbw,vase,ambiguous,none,vase,outer-black_center-white,vase,False,,content|material,vase,white,black,gray,,,0.0,0.0,False,18074173626977622485,78108,v1,png/wm-bysa-classic__cv-oa-sn-mv-pbw.png,svg/wm-bysa-classic__cv-oa-sn-mv-pbw.svg,9b052f3e0e3982697d439fccd864d5bf5b321e4d96ce7036361f2b78afb98d4b,40240004d372d1b50a6fb90ec9038f94469a79d5121360200749c46125ef1b56,0.38302276461732154,0.8247464351496945,0.006818773299886918,0.2798126716486525,2.0172240345292005,0.5784606810366129,"{""fixation_baked_in"":false,""palette_values"":{""black"":24,""gray"":133,""white"":232},""render"":{""background_color"":""black"",""content_face_accent_side"":"""",""figure_color"":""white"",""figure_region"":""vase"",""fixation_baked_in"":false,""shade_color"":"""",""shadow_dx"":0.0,""shadow_dy"":0.0,""shadow_max_radius"":0.065,""shadow_min_abs_component"":0.02,""shadow_pair_mirrored"":false,""shadow_seed"":18074173626977622485,""third_color"":""gray""}}"
wm-bysa-classic__cv-oa-sn-mv-pgb,wm-bysa-classic,wm-bysa-classic,BB34384AC53365954798F19FB94DE3DA1913138B3177DAE5077C623FA1FEE610,CC-BY-SA-3.0,content-vase__outline-ambiguous__shading-none__material-vase__polarity-outer-gray_center-black,cv-oa-sn-mv-pgb,vase,ambiguous,none,vase,outer-gray_center-black,vase,False,,content|material,vase,black,gray,white,,,0.0,0.0,False,9071781743958132203,78108,v1,png/wm-bysa-classic__cv-oa-sn-mv-pgb.png,svg/wm-bysa-classic__cv-oa-sn-mv-pgb.svg,6acb1702a3de810f7c23de54788c7cb5f2e1b51e4a8fc82a89fbeefb47fceacb,324a02e9f742847e1aca16c75cb4c8ef89c99e628b8f2ab04dba60803bc1044f,0.5279149111579448,0.43267180170051156,0.006409700060376057,0.2798126716486525,2.0172240345292005,0.5784606810366129,"{""fixation_baked_in"":false,""palette_values"":{""black"":24,""gray"":133,""white"":232},""render"":{""background_color"":""gray"",""content_face_accent_side"":"""",""figure_color"":""black"",""figure_region"":""vase"",""fixation_baked_in"":false,""shade_color"":"""",""shadow_dx"":0.0,""shadow_dy"":0.0,""shadow_max_radius"":0.065,""shadow_min_abs_component"":0.02,""shadow_pair_mirrored"":false,""shadow_seed"":9071781743958132203,""third_color"":""white""}}"
wm-bysa-classic__cv-oa-sn-mv-pgw,wm-bysa-classic,wm-bysa-classic,BB34384AC53365954798F19FB94DE3DA1913138B3177DAE5077C623FA1FEE610,CC-BY-SA-3.0,content-vase__outline-ambiguous__shading-none__material-vase__polarity-outer-gray_center-white,cv-oa-sn-mv-pgw,vase,ambiguous,none,vase,outer-gray_center-white,vase,False,,content|material,vase,white,gray,black,,,0.0,0.0,False,8392163497477739754,78108,v1,png/wm-bysa-classic__cv-oa-sn-mv-pgw.png,svg/wm-bysa-classic__cv-oa-sn-mv-pgw.svg,7ee816b4f1b8f79863680c91915c61d388ac374e3efc1bc523e57fcad04eeba4,81dc826e44c784e4df0bb0b7524da2ec6acaaf35601eacfcdac0b7bc88bfbb90,0.5125384573842965,0.49239031079403867,0.006476533749496869,0.2798126716486525,2.0172240345292005,0.5784606810366129,"{""fixation_baked_in"":false,""palette_values"":{""black"":24,""gray"":133,""white"":232},""render"":{""background_color"":""gray"",""content_face_accent_side"":"""",""figure_color"":""white"",""figure_region"":""vase"",""fixation_baked_in"":false,""shade_color"":"""",""shadow_dx"":0.0,""shadow_dy"":0.0,""shadow_max_radius"":0.065,""shadow_min_abs_component"":0.02,""shadow_pair_mirrored"":false,""shadow_seed"":8392163497477739754,""third_color"":""black""}}"
wm-bysa-classic__cv-oa-sn-mv-pwb,wm-bysa-classic,wm-bysa-classic,BB34384AC53365954798F19FB94DE3DA1913138B3177DAE5077C623FA1FEE610,CC-BY-SA-3.0,content-vase__outline-ambiguous__shading-none__material-vase__polarity-outer-white_center-black,cv-oa-sn-mv-pwb,vase,ambiguous,none,vase,outer-white_center-black,vase,False,,content|material,vase,black,white,gray,,,0.0,0.0,False,12679812103053167764,78108,v1,png/wm-bysa-classic__cv-oa-sn-mv-pwb.png,svg/wm-bysa-classic__cv-oa-sn-mv-pwb.svg,66b411aee69af01cc14c3e23d3ca9badd64e3db9094d84fe71ff1a4f1bbff7a1,3178ce4f67b2850571dd8a0fd2b1cc00dd32f808513e51ad47031130aa372305,0.6455893348245061,0.4445785614879415,0.006724851246094723,0.2798126716486525,2.0172240345292005,0.5784606810366129,"{""fixation_baked_in"":false,""palette_values"":{""black"":24,""gray"":133,""white"":232},""render"":{""background_color"":""white"",""content_face_accent_side"":"""",""figure_color"":""black"",""figure_region"":""vase"",""fixation_baked_in"":false,""shade_color"":"""",""shadow_dx"":0.0,""shadow_dy"":0.0,""shadow_max_radius"":0.065,""shadow_min_abs_component"":0.02,""shadow_pair_mirrored"":false,""shadow_seed"":12679812103053167764,""third_color"":""gray""}}"
wm-bysa-classic__cv-oa-sn-mv-pwg,wm-bysa-classic,wm-bysa-classic,BB34384AC53365954798F19FB94DE3DA1913138B3177DAE5077C623FA1FEE610,CC-BY-SA-3.0,content-vase__outline-ambiguous__shading-none__material-vase__polarity-outer-white_center-gray,cv-oa-sn-mv-pwg,vase,ambiguous,none,vase,outer-white_center-gray,vase,False,,content|material,vase,gray,white,black,,,0.0,0.0,False,9286197301031877675,78108,v1,png/wm-bysa-classic__cv-oa-sn-mv-pwg.png,svg/wm-bysa-classic__cv-oa-sn-mv-pwg.svg,699a3ad6bd3ec8d295914c2b7bf0f50897c91e72812b6bd2b093f9cf9ffd39b2,2863160a7a2f5aa12445c30fd358fe347239f974f39c04ae10e8246faf712042,0.6617148717244467,0.4887771775730422,0.01148284613209898,0.2798126716486525,2.0172240345292005,0.5784606810366129,"{""fixation_baked_in"":false,""palette_values"":{""black"":24,""gray"":133,""white"":232},""render"":{""background_color"":""white"",""content_face_accent_side"":"""",""figure_color"":""gray"",""figure_region"":""vase"",""fixation_baked_in"":false,""shade_color"":"""",""shadow_dx"":0.0,""shadow_dy"":0.0,""shadow_max_radius"":0.065,""shadow_min_abs_component"":0.02,""shadow_pair_mirrored"":false,""shadow_seed"":9286197301031877675,""third_color"":""black""}}"
wm-bysa-classic__cv-oa-sf-ma-pbg,wm-bysa-classic,wm-bysa-classic,BB34384AC53365954798F19FB94DE3DA1913138B3177DAE5077C623FA1FEE610,CC-BY-SA-3.0,content-vase__outline-ambiguous__shading-figure__material-ambiguous__polarity-outer-black_center-gray,cv-oa-sf-ma-pbg,vase,ambiguous,figure,ambiguous,outer-black_center-gray,vase,False,,content|shading,vase,gray,black,white,white,,-0.04775734021380673,0.023555269914931967,False,7172096230908956780,78108,v1,png/wm-bysa-classic__cv-oa-sf-ma-pbg.png,svg/wm-bysa-classic__cv-oa-sf-ma-pbg.svg,9b53c27ca143f1c76ec0a92328409f8933715c11e687ca666491c55659bcbd2b,9deb1a89d6571ec17ea1f023f84833d563f8a3c4c7fd1fc0cf389c83537d5525,0.3912176618389055,0.8307587547022893,0.01007481270245146,0.2798126716486525,2.0172240345292005,0.5784606810366129,"{""fixation_baked_in"":false,""palette_values"":{""black"":24,""gray"":133,""white"":232},""render"":{""background_color"":""black"",""content_face_accent_side"":"""",""figure_color"":""gray"",""figure_region"":""vase"",""fixation_baked_in"":false,""shade_color"":""white"",""shadow_dx"":-0.04775734021380673,""shadow_dy"":0.023555269914931967,""shadow_max_radius"":0.065,""shadow_min_abs_component"":0.02,""shadow_pair_mirrored"":false,""shadow_seed"":7172096230908956780,""third_color"":""white""}}"
wm-bysa-classic__cv-oa-sf-ma-pbw,wm-bysa-classic,wm-bysa-classic,BB34384AC53365954798F19FB94DE3DA1913138B3177DAE5077C623FA1FEE610,CC-BY-SA-3.0,content-vase__outline-ambiguous__shading-figure__material-ambiguous__polarity-outer-black_center-white,cv-oa-sf-ma-pbw,vase,ambiguous,figure,ambiguous,outer-black_center-white,vase,False,,content|shading,vase,white,black,gray,gray,,0.031693523588663314,0.02301700548626033,False,17909198782870656409,78108,v1,png/wm-bysa-classic__cv-oa-sf-ma-pbw.png,svg/wm-bysa-classic__cv-oa-sf-ma-pbw.svg,80caca77ce87c1e47dbac7ffa4da48f576849c325455444316c3619d48819459,cb2983d60e251867a38eacd5c95cde74dc660be56944ecd7e2525a98f2d39605,0.41509541156245217,0.8413210888575542,0.006029860242606331,0.2798126716486525,2.0172240345292005,0.5784606810366129,"{""fixation_baked_in"":false,""palette_values"":{""black"":24,""gray"":133,""white"":232},""render"":{""background_color"":""black"",""content_face_accent_side"":"""",""figure_color"":""white"",""figure_region"":""vase"",""fixation_baked_in"":false,""shade_color"":""gray"",""shadow_dx"":0.031693523588663314,""shadow_dy"":0.02301700548626033,""shadow_max_radius"":0.065,""shadow_min_abs_component"":0.02,""shadow_pair_mirrored"":false,""shadow_seed"":17909198782870656409,""third_color"":""gray""}}"
wm-bysa-classic__cv-oa-sf-ma-pgb,wm-bysa-classic,wm-bysa-classic,BB34384AC53365954798F19FB94DE3DA1913138B3177DAE5077C623FA1FEE610,CC-BY-SA-3.0,content-vase__outline-ambiguous__shading-figure__material-ambiguous__polarity-outer-gray_center-black,cv-oa-sf-ma-pgb,vase,ambiguous,figure,ambiguous,outer-gray_center-black,vase,False,,content|shading,vase,black,gray,white,white,,-0.027049480664411853,0.038665067942120816,False,7541067827212010261,78108,v1,png/wm-bysa-classic__cv-oa-sf-ma-pgb.png,svg/wm-bysa-classic__cv-oa-sf-ma-pgb.svg,89ac3232a808e973d64be3b1bf029f861c9331f741e57138cfe40a88d25500b0,549b11187f0d916a815e9bec6119c62f44890adb9e87a69e2d9e64fca8f74396,0.4887910655900545,0.5895592182944882,0.005444405661213655,0.2798126716486525,2.0172240345292005,0.5784606810366129,"{""fixation_baked_in"":false,""palette_values"":{""black"":24,""gray"":133,""white"":232},""render"":{""background_color"":""gray"",""content_face_accent_side"":"""",""figure_color"":""black"",""figure_region"":""vase"",""fixation_baked_in"":false,""shade_color"":""white"",""shadow_dx"":-0.027049480664411853,""shadow_dy"":0.038665067942120816,""shadow_max_radius"":0.065,""shadow_min_abs_component"":0.02,""shadow_pair_mirrored"":false,""shadow_seed"":7541067827212010261,""third_color"":""white""}}"
wm-bysa-classic__cv-oa-sf-ma-pgw,wm-bysa-classic,wm-bysa-classic,BB34384AC53365954798F19FB94DE3DA1913138B3177DAE5077C623FA1FEE610,CC-BY-SA-3.0,content-vase__outline-ambiguous__shading-figure__material-ambiguous__polarity-outer-gray_center-white,cv-oa-sf-ma-pgw,vase,ambiguous,figure,ambiguous,outer-gray_center-white,vase,False,,content|shading,vase,white,gray,black,black,,-0.02347122514082734,-0.02582730798154839,False,12500301222958110412,78108,v1,png/wm-bysa-classic__cv-oa-sf-ma-pgw.png,svg/wm-bysa-classic__cv-oa-sf-ma-pgw.svg,6b94bbb3be3e6dac78d2171e29a41252114b4b7cd79f67f2dca7aa1517fb1327,7c2bd2e55e6fda565425988e7d7d56b96edc27a88504d21c055d67f43d7f806e,0.5347788567636528,0.5353581881253705,0.005921349554606791,0.2798126716486525,2.0172240345292005,0.5784606810366129,"{""fixation_baked_in"":false,""palette_values"":{""black"":24,""gray"":133,""white"":232},""render"":{""background_color"":""gray"",""content_face_accent_side"":"""",""figure_color"":""white"",""figure_region"":""vase"",""fixation_baked_in"":false,""shade_color"":""black"",""shadow_dx"":-0.02347122514082734,""shadow_dy"":-0.02582730798154839,""shadow_max_radius"":0.065,""shadow_min_abs_component"":0.02,""shadow_pair_mirrored"":false,""shadow_seed"":12500301222958110412,""third_color"":""black""}}"
wm-bysa-classic__cv-oa-sf-ma-pwb,wm-bysa-classic,wm-bysa-classic,BB34384AC53365954798F19FB94DE3DA1913138B3177DAE5077C623FA1FEE610,CC-BY-SA-3.0,content-vase__outline-ambiguous__shading-figure__material-ambiguous__polarity-outer-white_center-black,cv-oa-sf-ma-pwb,vase,ambiguous,figure,ambiguous,outer-white_center-black,vase,False,,content|shading,vase,black,white,gray,gray,,-0.030972390905918887,0.04191979736084391,False,8771761465226925475,78108,v1,png/wm-bysa-classic__cv-oa-sf-ma-pwb.png,svg/wm-bysa-classic__cv-oa-sf-ma-pwb.svg,0e2734587e51c3daee0caf57a9fe915e51129b6eaf543cf6161e085a38b46257,7072b89425d46f1e3634e922c34b5ac77024c12f33e7709f700d9a78bac91a1c,0.5947256387448779,0.5821070752781504,0.005611843649972208,0.2798126716486525,2.0172240345292005,0.5784606810366129,"{""fixation_baked_in"":false,""palette_values"":{""black"":24,""gray"":133,""white"":232},""render"":{""background_color"":""white"",""content_face_accent_side"":"""",""figure_color"":""black"",""figure_region"":""vase"",""fixation_baked_in"":false,""shade_color"":""gray"",""shadow_dx"":-0.030972390905918887,""shadow_dy"":0.04191979736084391,""shadow_max_radius"":0.065,""shadow_min_abs_component"":0.02,""shadow_pair_mirrored"":false,""shadow_seed"":8771761465226925475,""third_color"":""gray""}}"
wm-bysa-classic__cv-oa-sf-ma-pwg,wm-bysa-classic,wm-bysa-classic,BB34384AC53365954798F19FB94DE3DA1913138B3177DAE5077C623FA1FEE610,CC-BY-SA-3.0,content-vase__outline-ambiguous__shading-figure__material-ambiguous__polarity-outer-white_center-gray,cv-oa-sf-ma-pwg,vase,ambiguous,figure,ambiguous,outer-white_center-gray,vase,False,,content|shading,vase,gray,white,black,black,,0.030662546599520696,0.029568721739051115,False,8134605008252226667,78108,v1,png/wm-bysa-classic__cv-oa-sf-ma-pwg.png,svg/wm-bysa-classic__cv-oa-sf-ma-pwg.svg,337b0d62e22b5ed1d2093de816fc335edfacaf351ac3495ab948e79d71b98b2e,b7c6eb69a4df6f5570e049102c79abf05f22b5042ff8f67d532627b6aee1d48b,0.6218896566652785,0.5173566932459972,0.01005780573165239,0.2798126716486525,2.0172240345292005,0.5784606810366129,"{""fixation_baked_in"":false,""palette_values"":{""black"":24,""gray"":133,""white"":232},""render"":{""background_color"":""white"",""content_face_accent_side"":"""",""figure_color"":""gray"",""figure_region"":""vase"",""fixation_baked_in"":false,""shade_color"":""black"",""shadow_dx"":0.030662546599520696,""shadow_dy"":0.029568721739051115,""shadow_max_radius"":0.065,""shadow_min_abs_component"":0.02,""shadow_pair_mirrored"":false,""shadow_seed"":8134605008252226667,""third_color"":""black""}}"
wm-bysa-classic__cv-of-sn-ma-pbg,wm-bysa-classic,wm-bysa-classic,BB34384AC53365954798F19FB94DE3DA1913138B3177DAE5077C623FA1FEE610,CC-BY-SA-3.0,content-vase__outline-face__shading-none__material-ambiguous__polarity-outer-black_center-gray,cv-of-sn-ma-pbg,vase,face,none,ambiguous,outer-black_center-gray,conflict,True,outline,content,face,black,gray,white,,,0.0,0.0,False,5088018544687272103,78108,v1,png/wm-bysa-classic__cv-of-sn-ma-pbg.png,svg/wm-bysa-classic__cv-of-sn-ma-pbg.svg,c113e42d2ba1cef3522104a05b04e6078c6016bcdf1a8413ba64c80160168ed2,cd6c187d598c4d995341237a11ca4d47b0227324cca33b4b9f1a5691efb6d4ed,0.4434324975107231,0.6814583227153496,0.009904709302464877,0.2798126716486525,2.0172240345292005,0.5784606810366129,"{""fixation_baked_in"":false,""palette_values"":{""black"":24,""gray"":133,""white"":232},""render"":{""background_color"":""gray"",""content_face_accent_side"":"""",""figure_color"":""black"",""figure_region"":""face"",""fixation_baked_in"":false,""shade_color"":"""",""shadow_dx"":0.0,""shadow_dy"":0.0,""shadow_max_radius"":0.065,""shadow_min_abs_component"":0.02,""shadow_pair_mirrored"":false,""shadow_seed"":5088018544687272103,""third_color"":""white""}}"
wm-bysa-classic__cv-of-sn-ma-pbw,wm-bysa-classic,wm-bysa-classic,BB34384AC53365954798F19FB94DE3DA1913138B3177DAE5077C623FA1FEE610,CC-BY-SA-3.0,content-vase__outline-face__shading-none__material-ambiguous__polarity-outer-black_center-white,cv-of-sn-ma-pbw,vase,face,none,ambiguous,outer-black_center-white,conflict,True,outline,content,face,black,white,gray,,,0.0,0.0,False,4225928401978359434,78108,v1,png/wm-bysa-classic__cv-of-sn-ma-pbw.png,svg/wm-bysa-classic__cv-of-sn-ma-pbw.svg,4af1d40f8a967a84cdda703840f7c0701badbeafe810d16f89aa3efc8646c9f0,b5c684476a1c139c69b9de4952cdafd64146cb373c860ecf09e8face4770dbe4,0.5253393472409716,0.6873247982080825,0.006054477860914651,0.2798126716486525,2.0172240345292005,0.5784606810366129,"{""fixation_baked_in"":false,""palette_values"":{""black"":24,""gray"":133,""white"":232},""render"":{""background_color"":""white"",""content_face_accent_side"":"""",""figure_color"":""black"",""figure_region"":""face"",""fixation_baked_in"":false,""shade_color"":"""",""shadow_dx"":0.0,""shadow_dy"":0.0,""shadow_max_radius"":0.065,""shadow_min_abs_component"":0.02,""shadow_pair_mirrored"":false,""shadow_seed"":4225928401978359434,""third_color"":""gray""}}"
wm-bysa-classic__cv-of-sn-ma-pgb,wm-bysa-classic,wm-bysa-classic,BB34384AC53365954798F19FB94DE3DA1913138B3177DAE5077C623FA1FEE610,CC-BY-SA-3.0,content-vase__outline-face__shading-none__material-ambiguous__polarity-outer-gray_center-black,cv-of-sn-ma-pgb,vase,face,none,ambiguous,outer-gray_center-black,conflict,True,outline,content,face,gray,black,white,,,0.0,0.0,False,17243808347212277455,78108,v1,png/wm-bysa-classic__cv-of-sn-ma-pgb.png,svg/wm-bysa-classic__cv-of-sn-ma-pgb.svg,ce6ec17f3b0a306b1cd6f4a0cb5968e1be7a854e4248663bc248d48fc3305714,3861359fb29ee355c2a2a3b5bab46dc3cd7e21c616173a4a7152e62919d356f4,0.42321543600045003,0.7390190463259394,0.005281602193663389,0.2798126716486525,2.0172240345292005,0.5784606810366129,"{""fixation_baked_in"":false,""palette_values"":{""black"":24,""gray"":133,""white"":232},""render"":{""background_color"":""black"",""content_face_accent_side"":"""",""figure_color"":""gray"",""figure_region"":""face"",""fixation_baked_in"":false,""shade_color"":"""",""shadow_dx"":0.0,""shadow_dy"":0.0,""shadow_max_radius"":0.065,""shadow_min_abs_component"":0.02,""shadow_pair_mirrored"":false,""shadow_seed"":17243808347212277455,""third_color"":""white""}}"
wm-bysa-classic__cv-of-sn-ma-pgw,wm-bysa-classic,wm-bysa-classic,BB34384AC53365954798F19FB94DE3DA1913138B3177DAE5077C623FA1FEE610,CC-BY-SA-3.0,content-vase__outline-face__shading-none__material-ambiguous__polarity-outer-gray_center-white,cv-of-sn-ma-pgw,vase,face,none,ambiguous,outer-gray_center-white,conflict,True,outline,content,face,gray,white,black,,,0.0,0.0,False,8947592579341521330,78108,v1,png/wm-bysa-classic__cv-of-sn-ma-pgw.png,svg/wm-bysa-classic__cv-of-sn-ma-pgw.svg,3fc466c92cc290a25639cb6589410eba14506e7cb3d06df998e9d02a02ef4145,eeb3f9edaf988de5b460ebbcfbc2ea8f01f11436b79dcd2165844220bcd998ce,0.5952530730004405,0.5184967067388541,0.005673425131293966,0.2798126716486525,2.0172240345292005,0.5784606810366129,"{""fixation_baked_in"":false,""palette_values"":{""black"":24,""gray"":133,""white"":232},""render"":{""background_color"":""white"",""content_face_accent_side"":"""",""figure_color"":""gray"",""figure_region"":""face"",""fixation_baked_in"":false,""shade_color"":"""",""shadow_dx"":0.0,""shadow_dy"":0.0,""shadow_max_radius"":0.065,""shadow_min_abs_component"":0.02,""shadow_pair_mirrored"":false,""shadow_seed"":8947592579341521330,""third_color"":""black""}}"
wm-bysa-classic__cv-of-sn-ma-pwb,wm-bysa-classic,wm-bysa-classic,BB34384AC53365954798F19FB94DE3DA1913138B3177DAE5077C623FA1FEE610,CC-BY-SA-3.0,content-vase__outline-face__shading-none__material-ambiguous__polarity-outer-white_center-black,cv-of-sn-ma-pwb,vase,face,none,ambiguous,outer-white_center-black,conflict,True,outline,content,face,white,black,gray,,,0.0,0.0,False,1140940388640000944,78108,v1,png/wm-bysa-classic__cv-of-sn-ma-pwb.png,svg/wm-bysa-classic__cv-of-sn-ma-pwb.svg,a854502493915d41e9eb3a940e3bd9bd295d8a6bd3a189ff7745fd9efa2ac4b0,3bd94e34a8948c3dded2f5a78665bca94a5b5cb73b4b507d7c1b972d0c018a6d,0.4867577496696922,0.7429546483705759,0.00562443696931363,0.2798126716486525,2.0172240345292005,0.5784606810366129,"{""fixation_baked_in"":false,""palette_values"":{""black"":24,""gray"":133,""white"":232},""render"":{""background_color"":""black"",""content_face_accent_side"":"""",""figure_color"":""white"",""figure_region"":""face"",""fixation_baked_in"":false,""shade_color"":"""",""shadow_dx"":0.0,""shadow_dy"":0.0,""shadow_max_radius"":0.065,""shadow_min_abs_component"":0.02,""shadow_pair_mirrored"":false,""shadow_seed"":1140940388640000944,""third_color"":""gray""}}"
wm-bysa-classic__cv-of-sn-ma-pwg,wm-bysa-classic,wm-bysa-classic,BB34384AC53365954798F19FB94DE3DA1913138B3177DAE5077C623FA1FEE610,CC-BY-SA-3.0,content-vase__outline-face__shading-none__material-ambiguous__polarity-outer-white_center-gray,cv-of-sn-ma-pwg,vase,face,none,ambiguous,outer-white_center-gray,conflict,True,outline,content,face,white,gray,black,,,0.0,0.0,False,16039472769151655501,78108,v1,png/wm-bysa-classic__cv-of-sn-ma-pwg.png,svg/wm-bysa-classic__cv-of-sn-ma-pwg.svg,0d61867cab217a29b4279873f3944263a82e530d34e16c09b0506fa269f3c96c,e409e2923a9bbce9f34b6fdefeb4d6ed2975a7c0ebd9f5f39e59c4f5b9a3b7f5,0.5769366769229666,0.5174656861293246,0.009871481507436799,0.2798126716486525,2.0172240345292005,0.5784606810366129,"{""fixation_baked_in"":false,""palette_values"":{""black"":24,""gray"":133,""white"":232},""render"":{""background_color"":""gray"",""content_face_accent_side"":"""",""figure_color"":""white"",""figure_region"":""face"",""fixation_baked_in"":false,""shade_color"":"""",""shadow_dx"":0.0,""shadow_dy"":0.0,""shadow_max_radius"":0.065,""shadow_min_abs_component"":0.02,""shadow_pair_mirrored"":false,""shadow_seed"":16039472769151655501,""third_color"":""black""}}"
wm-bysa-classic__cv-of-sn-mv-pbg,wm-bysa-classic,wm-bysa-classic,BB34384AC53365954798F19FB94DE3DA1913138B3177DAE5077C623FA1FEE610,CC-BY-SA-3.0,content-vase__outline-face__shading-none__material-vase__polarity-outer-black_center-gray,cv-of-sn-mv-pbg,vase,face,none,vase,outer-black_center-gray,conflict,True,outline,content|material,face,black,gray,white,,,0.0,0.0,False,10213955336172556622,78108,v1,png/wm-bysa-classic__cv-of-sn-mv-pbg.png,svg/wm-bysa-classic__cv-of-sn-mv-pbg.svg,c4b5df8744069aa7538a04f0493f74b7dad8395b8e2594b1a1529e59fa30a005,db170824657ec88af095c612360450be8b4ae94e5cfde652f87cc5e495069fe2,0.4742248983944164,0.6870096262203629,0.011636242045694134,0.2798126716486525,2.0172240345292005,0.5784606810366129,"{""fixation_baked_in"":false,""palette_values"":{""black"":24,""gray"":133,""white"":232},""render"":{""background_color"":""gray"",""content_face_accent_side"":"""",""figure_color"":""black"",""figure_region"":""face"",""fixation_baked_in"":false,""shade_color"":"""",""shadow_dx"":0.0,""shadow_dy"":0.0,""shadow_max_radius"":0.065,""shadow_min_abs_component"":0.02,""shadow_pair_mirrored"":false,""shadow_seed"":10213955336172556622,""third_color"":""white""}}"
wm-bysa-classic__cv-of-sn-mv-pbw,wm-bysa-classic,wm-bysa-classic,BB34384AC53365954798F19FB94DE3DA1913138B3177DAE5077C623FA1FEE610,CC-BY-SA-3.0,content-vase__outline-face__shading-none__material-vase__polarity-outer-black_center-white,cv-of-sn-mv-pbw,vase,face,none,vase,outer-black_center-white,conflict,True,outline,content|material,face,black,white,gray,,,0.0,0.0,False,7104830906732252305,78108,v1,png/wm-bysa-classic__cv-of-sn-mv-pbw.png,svg/wm-bysa-classic__cv-of-sn-mv-pbw.svg,0a8cdaed3ab7efbb155b6ebd6ce9d4b1066f51263442c2e5d757af562efd39c1,2bdeb908d685b1c769b03395c13072a749c578fc8e14bbe9485722df3092313b,0.4970309051812864,0.6789333143711606,0.006963798624288428,0.2798126716486525,2.0172240345292005,0.5784606810366129,"{""fixation_baked_in"":false,""palette_values"":{""black"":24,""gray"":133,""white"":232},""render"":{""background_color"":""white"",""content_face_accent_side"":"""",""figure_color"":""black"",""figure_region"":""face"",""fixation_baked_in"":false,""shade_color"":"""",""shadow_dx"":0.0,""shadow_dy"":0.0,""shadow_max_radius"":0.065,""shadow_min_abs_component"":0.02,""shadow_pair_mirrored"":false,""shadow_seed"":7104830906732252305,""third_color"":""gray""}}"
wm-bysa-classic__cv-of-sn-mv-pgb,wm-bysa-classic,wm-bysa-classic,BB34384AC53365954798F19FB94DE3DA1913138B3177DAE5077C623FA1FEE610,CC-BY-SA-3.0,content-vase__outline-face__shading-none__material-vase__polarity-outer-gray_center-black,cv-of-sn-mv-pgb,vase,face,none,vase,outer-gray_center-black,conflict,True,outline,content|material,face,gray,black,white,,,0.0,0.0,False,10620460783285009773,78108,v1,png/wm-bysa-classic__cv-of-sn-mv-pgb.png,svg/wm-bysa-classic__cv-of-sn-mv-pgb.svg,16b7f85952c679f0d7b37519706847f08a4df3444db353ef19c84c458f20dfd4,5850e19cf80a8005b9e31d5b6192e6409498d351259ad85756c03aff9cb60a2d,0.4681698256847906,0.5844818525200935,0.006579687410154678,0.2798126716486525,2.0172240345292005,0.5784606810366129,"{""fixation_baked_in"":false,""palette_values"":{""black"":24,""gray"":133,""white"":232},""render"":{""background_color"":""black"",""content_face_accent_side"":"""",""figure_color"":""gray"",""figure_region"":""face"",""fixation_baked_in"":false,""shade_color"":"""",""shadow_dx"":0.0,""shadow_dy"":0.0,""shadow_max_radius"":0.065,""shadow_min_abs_component"":0.02,""shadow_pair_mirrored"":false,""shadow_seed"":10620460783285009773,""third_color"":""white""}}"
wm-bysa-classic__cv-of-sn-mv-pgw,wm-bysa-classic,wm-bysa-classic,BB34384AC53365954798F19FB94DE3DA1913138B3177DAE5077C623FA1FEE610,CC-BY-SA-3.0,content-vase__outline-face__shading-none__material-vase__polarity-outer-gray_center-white,cv-of-sn-mv-pgw,vase,face,none,vase,outer-gray_center-white,conflict,True,outline,content|material,face,gray,white,black,,,0.0,0.0,False,8892485923387600607,78108,v1,png/wm-bysa-classic__cv-of-sn-mv-pgw.png,svg/wm-bysa-classic__cv-of-sn-mv-pgw.svg,88ef2cfdae6a95c57f0585b5ef6c2346b15eb111e74c67407b43587df2752985,1cf4b8cee310ff5ce6a35e611f63582844c57b2f5d8360b3d9a4e70757d3d0b9,0.5668012282427619,0.5076031150646746,0.006600396756943249,0.2798126716486525,2.0172240345292005,0.5784606810366129,"{""fixation_baked_in"":false,""palette_values"":{""black"":24,""gray"":133,""white"":232},""render"":{""background_color"":""white"",""content_face_accent_side"":"""",""figure_color"":""gray"",""figure_region"":""face"",""fixation_baked_in"":false,""shade_color"":"""",""shadow_dx"":0.0,""shadow_dy"":0.0,""shadow_max_radius"":0.065,""shadow_min_abs_component"":0.02,""shadow_pair_mirrored"":false,""shadow_seed"":8892485923387600607,""third_color"":""black""}}"
wm-bysa-classic__cv-of-sn-mv-pwb,wm-bysa-classic,wm-bysa-classic,BB34384AC53365954798F19FB94DE3DA1913138B3177DAE5077C623FA1FEE610,CC-BY-SA-3.0,content-vase__outline-face__shading-none__material-vase__polarity-outer-white_center-black,cv-of-sn-mv-pwb,vase,face,none,vase,outer-white_center-black,conflict,True,outline,content|material,face,white,black,gray,,,0.0,0.0,False,18037274057952488693,78108,v1,png/wm-bysa-classic__cv-of-sn-mv-pwb.png,svg/wm-bysa-classic__cv-of-sn-mv-pwb.svg,242bfcf9d707604749c1c5effccf94ff5b313b4f162304b66c5aa3253535b896,fd7e0147e755b47fcd0e0e94e86f422e84551de652ae1126b252629948ee974a,0.5315810259650736,0.6010335529715242,0.006912358433720507,0.2798126716486525,2.0172240345292005,0.5784606810366129,"{""fixation_baked_in"":false,""palette_values"":{""black"":24,""gray"":133,""white"":232},""render"":{""background_color"":""black"",""content_face_accent_side"":"""",""figure_color"":""white"",""figure_region"":""face"",""fixation_baked_in"":false,""shade_color"":"""",""shadow_dx"":0.0,""shadow_dy"":0.0,""shadow_max_radius"":0.065,""shadow_min_abs_component"":0.02,""shadow_pair_mirrored"":false,""shadow_seed"":18037274057952488693,""third_color"":""gray""}}"
wm-bysa-classic__cv-of-sn-mv-pwg,wm-bysa-classic,wm-bysa-classic,BB34384AC53365954798F19FB94DE3DA1913138B3177DAE5077C623FA1FEE610,CC-BY-SA-3.0,content-vase__outline-face__shading-none__material-vase__polarity-outer-white_center-gray,cv-of-sn-mv-pwg,vase,face,none,vase,outer-white_center-gray,conflict,True,outline,content|material,face,white,gray,black,,,0.0,0.0,False,14957137090925268323,78108,v1,png/wm-bysa-classic__cv-of-sn-mv-pwg.png,svg/wm-bysa-classic__cv-of-sn-mv-pwg.svg,d3e457a5b44615a1cbbeff3b2a44a11b31dde728f3f8d95b5b07714c2278430b,f450b5473e252313f7b33a839ad8f05b37964a3560cbb753c9ce7b653c23c371,0.6074535818660961,0.5095097962599574,0.011623686161903669,0.2798126716486525,2.0172240345292005,0.5784606810366129,"{""fixation_baked_in"":false,""palette_values"":{""black"":24,""gray"":133,""white"":232},""render"":{""background_color"":""gray"",""content_face_accent_side"":"""",""figure_color"":""white"",""figure_region"":""face"",""fixation_baked_in"":false,""shade_color"":"""",""shadow_dx"":0.0,""shadow_dy"":0.0,""shadow_max_radius"":0.065,""shadow_min_abs_component"":0.02,""shadow_pair_mirrored"":false,""shadow_seed"":14957137090925268323,""third_color"":""black""}}"
wm-bysa-classic__cv-of-sf-ma-pbg,wm-bysa-classic,wm-bysa-classic,BB34384AC53365954798F19FB94DE3DA1913138B3177DAE5077C623FA1FEE610,CC-BY-SA-3.0,content-vase__outline-face__shading-figure__material-ambiguous__polarity-outer-black_center-gray,cv-of-sf-ma-pbg,vase,face,figure,ambiguous,outer-black_center-gray,conflict,True,outline|shading,content,face,black,gray,white,white,,-0.03191729828509639,-0.05132869868934553,True,11862628076760885400,78108,v1,png/wm-bysa-classic__cv-of-sf-ma-pbg.png,svg/wm-bysa-classic__cv-of-sf-ma-pbg.svg,f13176633d9f15ed5d0b068e185abe5ed0999dc93bdfbbd821bac6fce15adec6,cbdc4c05c1094f8bc917eb2e8542fdd7bc06b871465854a90fbcf1e479ed9792,0.45301287407968566,0.6852363802487711,0.010243508525722117,0.2798126716486525,2.0172240345292005,0.5784606810366129,"{""fixation_baked_in"":false,""palette_values"":{""black"":24,""gray"":133,""white"":232},""render"":{""background_color"":""gray"",""content_face_accent_side"":"""",""figure_color"":""black"",""figure_region"":""face"",""fixation_baked_in"":false,""shade_color"":""white"",""shadow_dx"":-0.03191729828509639,""shadow_dy"":-0.05132869868934553,""shadow_max_radius"":0.065,""shadow_min_abs_component"":0.02,""shadow_pair_mirrored"":true,""shadow_seed"":11862628076760885400,""third_color"":""white""}}"
wm-bysa-classic__cv-of-sf-ma-pbw,wm-bysa-classic,wm-bysa-classic,BB34384AC53365954798F19FB94DE3DA1913138B3177DAE5077C623FA1FEE610,CC-BY-SA-3.0,content-vase__outline-face__shading-figure__material-ambiguous__polarity-outer-black_center-white,cv-of-sf-ma-pbw,vase,face,figure,ambiguous,outer-black_center-white,conflict,True,outline|shading,content,face,black,white,gray,gray,,0.03478497337193192,-0.03484313806123847,True,464253713710730757,78108,v1,png/wm-bysa-classic__cv-of-sf-ma-pbw.png,svg/wm-bysa-classic__cv-of-sf-ma-pbw.svg,bf4da27d15d0d58913d19726734f2aae8c24af6cc3945833c146db2db6941abb,521d6b06c6e8260e9849139443f2f23f5b3b52a52215a0224452f997a57bba69,0.4947926502601774,0.6939222105855457,0.006153011974584558,0.2798126716486525,2.0172240345292005,0.5784606810366129,"{""fixation_baked_in"":false,""palette_values"":{""black"":24,""gray"":133,""white"":232},""render"":{""background_color"":""white"",""content_face_accent_side"":"""",""figure_color"":""black"",""figure_region"":""face"",""fixation_baked_in"":false,""shade_color"":""gray"",""shadow_dx"":0.03478497337193192,""shadow_dy"":-0.03484313806123847,""shadow_max_radius"":0.065,""shadow_min_abs_component"":0.02,""shadow_pair_mirrored"":true,""shadow_seed"":464253713710730757,""third_color"":""gray""}}"
wm-bysa-classic__cv-of-sf-ma-pgb,wm-bysa-classic,wm-bysa-classic,BB34384AC53365954798F19FB94DE3DA1913138B3177DAE5077C623FA1FEE610,CC-BY-SA-3.0,content-vase__outline-face__shading-figure__material-ambiguous__polarity-outer-gray_center-black,cv-of-sf-ma-pgb,vase,face,figure,ambiguous,outer-gray_center-black,conflict,True,outline|shading,content,face,gray,black,white,white,,0.025698595101605933,0.02368031609117713,True,8588924674571116974,78108,v1,png/wm-bysa-classic__cv-of-sf-ma-pgb.png,svg/wm-bysa-classic__cv-of-sf-ma-pgb.svg,a999564c71eec6b594d427c86f9a8cc2c6a8f7df4fa2b24a2ef3ef43b3d1be49,e11d4458fc5e47c74d2b29ca642975744bd0a8e7ecdecf8f942e2e678d2eab7b,0.4667679805381626,0.6860144271105986,0.006179636138424089,0.2798126716486525,2.0172240345292005,0.5784606810366129,"{""fixation_baked_in"":false,""palette_values"":{""black"":24,""gray"":133,""white"":232},""render"":{""background_color"":""black"",""content_face_accent_side"":"""",""figure_color"":""gray"",""figure_region"":""face"",""fixation_baked_in"":false,""shade_color"":""white"",""shadow_dx"":0.025698595101605933,""shadow_dy"":0.02368031609117713,""shadow_max_radius"":0.065,""shadow_min_abs_component"":0.02,""shadow_pair_mirrored"":true,""shadow_seed"":8588924674571116974,""third_color"":""white""}}"
wm-bysa-classic__cv-of-sf-ma-pgw,wm-bysa-classic,wm-bysa-classic,BB34384AC53365954798F19FB94DE3DA1913138B3177DAE5077C623FA1FEE610,CC-BY-SA-3.0,content-vase__outline-face__shading-figure__material-ambiguous__polarity-outer-gray_center-white,cv-of-sf-ma-pgw,vase,face,figure,ambiguous,outer-gray_center-white,conflict,True,outline|shading,content,face,gray,white,black,black,,-0.040337946829608014,0.03062696303372904,True,16506008013958241703,78108,v1,png/wm-bysa-classic__cv-of-sf-ma-pgw.png,svg/wm-bysa-classic__cv-of-sf-ma-pgw.svg,1f690c366d56302b3da458ee24b546af40ac0e953b6ac7f31b3e3b23d11cdde0,8588c6fce01745081445b3277b8f5ef05d6110172eab99819a5780e844b5e69f,0.5818976944568112,0.5365894638854607,0.005929342044735785,0.2798126716486525,2.0172240345292005,0.5784606810366129,"{""fixation_baked_in"":false,""palette_values"":{""black"":24,""gray"":133,""white"":232},""render"":{""background_color"":""white"",""content_face_accent_side"":"""",""figure_color"":""gray"",""figure_region"":""face"",""fixation_baked_in"":false,""shade_color"":""black"",""shadow_dx"":-0.040337946829608014,""shadow_dy"":0.03062696303372904,""shadow_max_radius"":0.065,""shadow_min_abs_component"":0.02,""shadow_pair_mirrored"":true,""shadow_seed"":16506008013958241703,""third_color"":""black""}}"
wm-bysa-classic__cv-of-sf-ma-pwb,wm-bysa-classic,wm-bysa-classic,BB34384AC53365954798F19FB94DE3DA1913138B3177DAE5077C623FA1FEE610,CC-BY-SA-3.0,content-vase__outline-face__shading-figure__material-ambiguous__polarity-outer-white_center-black,cv-of-sf-ma-pwb,vase,face,figure,ambiguous,outer-white_center-black,conflict,True,outline|shading,content,face,white,black,gray,gray,,-0.04400900941293557,-0.02989312173499425,True,3940960158128816606,78108,v1,png/wm-bysa-classic__cv-of-sf-ma-pwb.png,svg/wm-bysa-classic__cv-of-sf-ma-pwb.svg,85eb7c840010436ad8863dfb5a1c12899547626b75340988e0e55b1bb3672377,5bc1a7f9006efbc48d94355f9adcc9c64b3b2495edad9ece0191afe37f48e194,0.4914278553981408,0.7312508139461704,0.005636906751336899,0.2798126716486525,2.0172240345292005,0.5784606810366129,"{""fixation_baked_in"":false,""palette_values"":{""black"":24,""gray"":133,""white"":232},""render"":{""background_color"":""black"",""content_face_accent_side"":"""",""figure_color"":""white"",""figure_region"":""face"",""fixation_baked_in"":false,""shade_color"":""gray"",""shadow_dx"":-0.04400900941293557,""shadow_dy"":-0.02989312173499425,""shadow_max_radius"":0.065,""shadow_min_abs_component"":0.02,""shadow_pair_mirrored"":true,""shadow_seed"":3940960158128816606,""third_color"":""gray""}}"
wm-bysa-classic__cv-of-sf-ma-pwg,wm-bysa-classic,wm-bysa-classic,BB34384AC53365954798F19FB94DE3DA1913138B3177DAE5077C623FA1FEE610,CC-BY-SA-3.0,content-vase__outline-face__shading-figure__material-ambiguous__polarity-outer-white_center-gray,cv-of-sf-ma-pwg,vase,face,figure,ambiguous,outer-white_center-gray,conflict,True,outline|shading,content,face,white,gray,black,black,,0.02846147547378302,-0.022287932980424665,True,15614572947880987650,78108,v1,png/wm-bysa-classic__cv-of-sf-ma-pwg.png,svg/wm-bysa-classic__cv-of-sf-ma-pwg.svg,728b4d37a2cc7c66223e27d5c46c89339797fe381305ae91c81daa2a9a9dea5c,b22e3edc4a47c4baa8a43da86dfaf621bc6bd9f72ed116a991a753ba3cea277a,0.5508545370662915,0.5806293595275087,0.01085197848384222,0.2798126716486525,2.0172240345292005,0.5784606810366129,"{""fixation_baked_in"":false,""palette_values"":{""black"":24,""gray"":133,""white"":232},""render"":{""background_color"":""gray"",""content_face_accent_side"":"""",""figure_color"":""white"",""figure_region"":""face"",""fixation_baked_in"":false,""shade_color"":""black"",""shadow_dx"":0.02846147547378302,""shadow_dy"":-0.022287932980424665,""shadow_max_radius"":0.065,""shadow_min_abs_component"":0.02,""shadow_pair_mirrored"":true,""shadow_seed"":15614572947880987650,""third_color"":""black""}}"
wm-bysa-klam__cf-oa-sn-ma-pbg,wm-bysa-klam,wm-bysa-klam,C00669A03066F139199AD755A4602B6BE1958669111B1CCAC726FDA7731591C8,CC-BY-SA-3.0,content-face__outline-ambiguous__shading-none__material-ambiguous__polarity-outer-black_center-gray,cf-oa-sn-ma-pbg,face,ambiguous,none,ambiguous,outer-black_center-gray,face,False,content,,vase,gray,black,white,,left,0.0,0.0,False,1663815453053900341,78108,v1,png/wm-bysa-klam__cf-oa-sn-ma-pbg.png,svg/wm-bysa-klam__cf-oa-sn-ma-pbg.svg,4cc66c4a28326ddc51bdf390b9bd29484be91711815f92efba999475e9a318a2,16ad6d8b5474b110629a88e5f4b02faf4e1e8d921d4d65e20c011afa3a7df8b7,0.4191354527192958,0.8484909167087683,0.0009941834138347421,0.19784773083591312,2.3154106170625615,0.34741866816820194,"{""fixation_baked_in"":false,""palette_values"":{""black"":24,""gray"":133,""white"":232},""render"":{""background_color"":""black"",""content_face_accent_side"":""left"",""figure_color"":""gray"",""figure_region"":""vase"",""fixation_baked_in"":false,""shade_color"":"""",""shadow_dx"":0.0,""shadow_dy"":0.0,""shadow_max_radius"":0.065,""shadow_min_abs_component"":0.02,""shadow_pair_mirrored"":false,""shadow_seed"":1663815453053900341,""third_color"":""white""}}"
wm-bysa-klam__cf-oa-sn-ma-pbw,wm-bysa-klam,wm-bysa-klam,C00669A03066F139199AD755A4602B6BE1958669111B1CCAC726FDA7731591C8,CC-BY-SA-3.0,content-face__outline-ambiguous__shading-none__material-ambiguous__polarity-outer-black_center-white,cf-oa-sn-ma-pbw,face,ambiguous,none,ambiguous,outer-black_center-white,face,False,content,,vase,white,black,gray,,left,0.0,0.0,False,14528619947017520549,78108,v1,png/wm-bysa-klam__cf-oa-sn-ma-pbw.png,svg/wm-bysa-klam__cf-oa-sn-ma-pbw.svg,195bd4cf9879b1a5d8a12b5cbc147a5c1a9ac6f6f3589f4580280eb57f29e22c,bc618a013e770576a6d402ddbe4ec4e873f2e972154df5861d62a960402eb264,0.38135633281632975,0.8395023890755816,0.0014715409700659344,0.19784773083591312,2.3154106170625615,0.34741866816820194,"{""fixation_baked_in"":false,""palette_values"":{""black"":24,""gray"":133,""white"":232},""render"":{""background_color"":""black"",""content_face_accent_side"":""left"",""figure_color"":""white"",""figure_region"":""vase"",""fixation_baked_in"":false,""shade_color"":"""",""shadow_dx"":0.0,""shadow_dy"":0.0,""shadow_max_radius"":0.065,""shadow_min_abs_component"":0.02,""shadow_pair_mirrored"":false,""shadow_seed"":14528619947017520549,""third_color"":""gray""}}"
wm-bysa-klam__cf-oa-sn-ma-pgb,wm-bysa-klam,wm-bysa-klam,C00669A03066F139199AD755A4602B6BE1958669111B1CCAC726FDA7731591C8,CC-BY-SA-3.0,content-face__outline-ambiguous__shading-none__material-ambiguous__polarity-outer-gray_center-black,cf-oa-sn-ma-pgb,face,ambiguous,none,ambiguous,outer-gray_center-black,face,False,content,,vase,black,gray,white,,left,0.0,0.0,False,8077081086266339883,78108,v1,png/wm-bysa-klam__cf-oa-sn-ma-pgb.png,svg/wm-bysa-klam__cf-oa-sn-ma-pgb.svg,aea1d7d26790a98320c4932fea64c8823b86a895f45de88133702301a8f7989c,8601c11465ad3b9fe630a9aee496241db1ad649a26a446984a86d18352cd6862,0.5515968958536785,0.5111038852343154,0.001219876735212658,0.19784773083591312,2.3154106170625615,0.34741866816820194,"{""fixation_baked_in"":false,""palette_values"":{""black"":24,""gray"":133,""white"":232},""render"":{""background_color"":""gray"",""content_face_accent_side"":""left"",""figure_color"":""black"",""figure_region"":""vase"",""fixation_baked_in"":false,""shade_color"":"""",""shadow_dx"":0.0,""shadow_dy"":0.0,""shadow_max_radius"":0.065,""shadow_min_abs_component"":0.02,""shadow_pair_mirrored"":false,""shadow_seed"":8077081086266339883,""third_color"":""white""}}"
wm-bysa-klam__cf-oa-sn-ma-pgw,wm-bysa-klam,wm-bysa-klam,C00669A03066F139199AD755A4602B6BE1958669111B1CCAC726FDA7731591C8,CC-BY-SA-3.0,content-face__outline-ambiguous__shading-none__material-ambiguous__polarity-outer-gray_center-white,cf-oa-sn-ma-pgw,face,ambiguous,none,ambiguous,outer-gray_center-white,face,False,content,,vase,white,gray,black,,left,0.0,0.0,False,3059335488274669652,78108,v1,png/wm-bysa-klam__cf-oa-sn-ma-pgw.png,svg/wm-bysa-klam__cf-oa-sn-ma-pgw.svg,3a9ca6e1daeddc5303584e80b247b81e72c2d96a3bfd37eda34003eb19108146,61c9daff146ad96b246ca40ee44a63b8ff717f94f5a345ce619fa0011f682c25,0.47222573523427935,0.6029478715835351,0.0011755287097732544,0.19784773083591312,2.3154106170625615,0.34741866816820194,"{""fixation_baked_in"":false,""palette_values"":{""black"":24,""gray"":133,""white"":232},""render"":{""background_color"":""gray"",""content_face_accent_side"":""left"",""figure_color"":""white"",""figure_region"":""vase"",""fixation_baked_in"":false,""shade_color"":"""",""shadow_dx"":0.0,""shadow_dy"":0.0,""shadow_max_radius"":0.065,""shadow_min_abs_component"":0.02,""shadow_pair_mirrored"":false,""shadow_seed"":3059335488274669652,""third_color"":""black""}}"
wm-bysa-klam__cf-oa-sn-ma-pwb,wm-bysa-klam,wm-bysa-klam,C00669A03066F139199AD755A4602B6BE1958669111B1CCAC726FDA7731591C8,CC-BY-SA-3.0,content-face__outline-ambiguous__shading-none__material-ambiguous__polarity-outer-white_center-black,cf-oa-sn-ma-pwb,face,ambiguous,none,ambiguous,outer-white_center-black,face,False,content,,vase,black,white,gray,,left,0.0,0.0,False,13421874799028338844,78108,v1,png/wm-bysa-klam__cf-oa-sn-ma-pwb.png,svg/wm-bysa-klam__cf-oa-sn-ma-pwb.svg,4bcffb2d366bda0a52d967c1ab22c11706f21b80203d0a59dfdbedd36f1f8542,2eadece47bee3ca6d8b17ec6c1f17d01747ca582ce1d447480575a62288ffd7e,0.6341292736577053,0.4976202119184079,0.0014831216577540106,0.19784773083591312,2.3154106170625615,0.34741866816820194,"{""fixation_baked_in"":false,""palette_values"":{""black"":24,""gray"":133,""white"":232},""render"":{""background_color"":""white"",""content_face_accent_side"":""left"",""figure_color"":""black"",""figure_region"":""vase"",""fixation_baked_in"":false,""shade_color"":"""",""shadow_dx"":0.0,""shadow_dy"":0.0,""shadow_max_radius"":0.065,""shadow_min_abs_component"":0.02,""shadow_pair_mirrored"":false,""shadow_seed"":13421874799028338844,""third_color"":""gray""}}"
wm-bysa-klam__cf-oa-sn-ma-pwg,wm-bysa-klam,wm-bysa-klam,C00669A03066F139199AD755A4602B6BE1958669111B1CCAC726FDA7731591C8,CC-BY-SA-3.0,content-face__outline-ambiguous__shading-none__material-ambiguous__polarity-outer-white_center-gray,cf-oa-sn-ma-pwg,face,ambiguous,none,ambiguous,outer-white_center-gray,face,False,content,,vase,gray,white,black,,left,0.0,0.0,False,10788639848787972425,78108,v1,png/wm-bysa-klam__cf-oa-sn-ma-pwg.png,svg/wm-bysa-klam__cf-oa-sn-ma-pwg.svg,53e0819504727803a66a7f31b9c19f94109fb8f3016d87f5c87e05d3d7a1d5c0,8bdedbd958e1d86e2d00381621d44ed9a7cceb9e1027274f22134e15e7d2c9a5,0.5925349516027115,0.5970193455625025,0.0009705765554022196,0.19784773083591312,2.3154106170625615,0.34741866816820194,"{""fixation_baked_in"":false,""palette_values"":{""black"":24,""gray"":133,""white"":232},""render"":{""background_color"":""white"",""content_face_accent_side"":""left"",""figure_color"":""gray"",""figure_region"":""vase"",""fixation_baked_in"":false,""shade_color"":"""",""shadow_dx"":0.0,""shadow_dy"":0.0,""shadow_max_radius"":0.065,""shadow_min_abs_component"":0.02,""shadow_pair_mirrored"":false,""shadow_seed"":10788639848787972425,""third_color"":""black""}}"
wm-bysa-klam__cf-oa-sn-mv-pbg,wm-bysa-klam,wm-bysa-klam,C00669A03066F139199AD755A4602B6BE1958669111B1CCAC726FDA7731591C8,CC-BY-SA-3.0,content-face__outline-ambiguous__shading-none__material-vase__polarity-outer-black_center-gray,cf-oa-sn-mv-pbg,face,ambiguous,none,vase,outer-black_center-gray,conflict,True,content,material,vase,gray,black,white,,left,0.0,0.0,False,17109566489270590086,78108,v1,png/wm-bysa-klam__cf-oa-sn-mv-pbg.png,svg/wm-bysa-klam__cf-oa-sn-mv-pbg.svg,6bc61c00e5689737491512c651d15849655b13994fae636ec8e1500ac99104c0,f673a117d88b8af1061ce3fc0cc93102851433f928ab5478b9bbe31228dead79,0.42935289121141634,0.8560912370428218,0.00253940690706879,0.19784773083591312,2.3154106170625615,0.34741866816820194,"{""fixation_baked_in"":false,""palette_values"":{""black"":24,""gray"":133,""white"":232},""render"":{""background_color"":""black"",""content_face_accent_side"":""left"",""figure_color"":""gray"",""figure_region"":""vase"",""fixation_baked_in"":false,""shade_color"":"""",""shadow_dx"":0.0,""shadow_dy"":0.0,""shadow_max_radius"":0.065,""shadow_min_abs_component"":0.02,""shadow_pair_mirrored"":false,""shadow_seed"":17109566489270590086,""third_color"":""white""}}"
wm-bysa-klam__cf-oa-sn-mv-pbw,wm-bysa-klam,wm-bysa-klam,C00669A03066F139199AD755A4602B6BE1958669111B1CCAC726FDA7731591C8,CC-BY-SA-3.0,content-face__outline-ambiguous__shading-none__material-vase__polarity-outer-black_center-white,cf-oa-sn-mv-pbw,face,ambiguous,none,vase,outer-black_center-white,conflict,True,content,material,vase,white,black,gray,,left,0.0,0.0,False,2230164225864725555,78108,v1,png/wm-bysa-klam__cf-oa-sn-mv-pbw.png,svg/wm-bysa-klam__cf-oa-sn-mv-pbw.svg,8b3d314fb832620129e53edb2ae72fb882277ff5ac232ae805056012b87f2ae5,1875dc29a9f0179b3f64ad92e21feedb44d497c75caf35fd5e4e9cc6ca4a07d6,0.3542129404404585,0.7953243844931489,0.002452711786388553,0.19784773083591312,2.3154106170625615,0.34741866816820194,"{""fixation_baked_in"":false,""palette_values"":{""black"":24,""gray"":133,""white"":232},""render"":{""background_color"":""black"",""content_face_accent_side"":""left"",""figure_color"":""white"",""figure_region"":""vase"",""fixation_baked_in"":false,""shade_color"":"""",""shadow_dx"":0.0,""shadow_dy"":0.0,""shadow_max_radius"":0.065,""shadow_min_abs_component"":0.02,""shadow_pair_mirrored"":false,""shadow_seed"":2230164225864725555,""third_color"":""gray""}}"
wm-bysa-klam__cf-oa-sn-mv-pgb,wm-bysa-klam,wm-bysa-klam,C00669A03066F139199AD755A4602B6BE1958669111B1CCAC726FDA7731591C8,CC-BY-SA-3.0,content-face__outline-ambiguous__shading-none__material-vase__polarity-outer-gray_center-black,cf-oa-sn-mv-pgb,face,ambiguous,none,vase,outer-gray_center-black,conflict,True,content,material,vase,black,gray,white,,left,0.0,0.0,False,6259571932223792131,78108,v1,png/wm-bysa-klam__cf-oa-sn-mv-pgb.png,svg/wm-bysa-klam__cf-oa-sn-mv-pgb.svg,9a7d946db23a2e6733acff0bd6473b763110160798ae827c93f903d7372c2590,71f10b940fc03a598de4a38c3ad0bed2ff431430dabfd42269907a2f27826d8e,0.5777884090647979,0.421672230602979,0.0021386799236434552,0.19784773083591312,2.3154106170625615,0.34741866816820194,"{""fixation_baked_in"":false,""palette_values"":{""black"":24,""gray"":133,""white"":232},""render"":{""background_color"":""gray"",""content_face_accent_side"":""left"",""figure_color"":""black"",""figure_region"":""vase"",""fixation_baked_in"":false,""shade_color"":"""",""shadow_dx"":0.0,""shadow_dy"":0.0,""shadow_max_radius"":0.065,""shadow_min_abs_component"":0.02,""shadow_pair_mirrored"":false,""shadow_seed"":6259571932223792131,""third_color"":""white""}}"
wm-bysa-klam__cf-oa-sn-mv-pgw,wm-bysa-klam,wm-bysa-klam,C00669A03066F139199AD755A4602B6BE1958669111B1CCAC726FDA7731591C8,CC-BY-SA-3.0,content-face__outline-ambiguous__shading-none__material-vase__polarity-outer-gray_center-white,cf-oa-sn-mv-pgw,face,ambiguous,none,vase,outer-gray_center-white,conflict,True,content,material,vase,white,gray,black,,left,0.0,0.0,False,10241334678527907945,78108,v1,png/wm-bysa-klam__cf-oa-sn-mv-pgw.png,svg/wm-bysa-klam__cf-oa-sn-mv-pgw.svg,68dd3c99470f948ecee611ec26aeb7bd98a8dfa98026dfdf31b51f730271a0ef,8a9d501e074259628347712bfd89cb8a7d891c84d8c24ae4e1d0c4c56d2dfc19,0.4449468837064855,0.563555604571789,0.002216895892032277,0.19784773083591312,2.3154106170625615,0.34741866816820194,"{""fixation_baked_in"":false,""palette_values"":{""black"":24,""gray"":133,""white"":232},""render"":{""background_color"":""gray"",""content_face_accent_side"":""left"",""figure_color"":""white"",""figure_region"":""vase"",""fixation_baked_in"":false,""shade_color"":"""",""shadow_dx"":0.0,""shadow_dy"":0.0,""shadow_max_radius"":0.065,""shadow_min_abs_component"":0.02,""shadow_pair_mirrored"":false,""shadow_seed"":10241334678527907945,""third_color"":""black""}}"
wm-bysa-klam__cf-oa-sn-mv-pwb,wm-bysa-klam,wm-bysa-klam,C00669A03066F139199AD755A4602B6BE1958669111B1CCAC726FDA7731591C8,CC-BY-SA-3.0,content-face__outline-ambiguous__shading-none__material-vase__polarity-outer-white_center-black,cf-oa-sn-mv-pwb,face,ambiguous,none,vase,outer-white_center-black,conflict,True,content,material,vase,black,white,gray,,left,0.0,0.0,False,9837613692576042922,78108,v1,png/wm-bysa-klam__cf-oa-sn-mv-pwb.png,svg/wm-bysa-klam__cf-oa-sn-mv-pwb.svg,cfe7fe60ccdaaf3b8d8290e3eb8a7f7a6e72384804f4cc5dd4ef75963922db45,e9e61041a3300a4c3cb9643c44c0e5c8d54e962f08d98a0203d82ea400dda6f0,0.6601983201270011,0.41518491469560836,0.0023827690747608918,0.19784773083591312,2.3154106170625615,0.34741866816820194,"{""fixation_baked_in"":false,""palette_values"":{""black"":24,""gray"":133,""white"":232},""render"":{""background_color"":""white"",""content_face_accent_side"":""left"",""figure_color"":""black"",""figure_region"":""vase"",""fixation_baked_in"":false,""shade_color"":"""",""shadow_dx"":0.0,""shadow_dy"":0.0,""shadow_max_radius"":0.065,""shadow_min_abs_component"":0.02,""shadow_pair_mirrored"":false,""shadow_seed"":9837613692576042922,""third_color"":""gray""}}"
wm-bysa-klam__cf-oa-sn-mv-pwg,wm-bysa-klam,wm-bysa-klam,C00669A03066F139199AD755A4602B6BE1958669111B1CCAC726FDA7731591C8,CC-BY-SA-3.0,content-face__outline-ambiguous__shading-none__material-vase__polarity-outer-white_center-gray,cf-oa-sn-mv-pwg,face,ambiguous,none,vase,outer-white_center-gray,conflict,True,content,material,vase,gray,white,black,,left,0.0,0.0,False,32121837642084539,78108,v1,png/wm-bysa-klam__cf-oa-sn-mv-pwg.png,svg/wm-bysa-klam__cf-oa-sn-mv-pwg.svg,f8c383c3e357a5f272fe90a9f6edab64f88cc33482b59f220135245eaae1133a,e1cf4b2b0740ab948b525c20c7177025ea5cee85cc0441bfac61f3bac89525f0,0.602495040145575,0.5990766153641187,0.0027021467341824313,0.19784773083591312,2.3154106170625615,0.34741866816820194,"{""fixation_baked_in"":false,""palette_values"":{""black"":24,""gray"":133,""white"":232},""render"":{""background_color"":""white"",""content_face_accent_side"":""left"",""figure_color"":""gray"",""figure_region"":""vase"",""fixation_baked_in"":false,""shade_color"":"""",""shadow_dx"":0.0,""shadow_dy"":0.0,""shadow_max_radius"":0.065,""shadow_min_abs_component"":0.02,""shadow_pair_mirrored"":false,""shadow_seed"":32121837642084539,""third_color"":""black""}}"
wm-bysa-klam__cf-of-sn-ma-pbg,wm-bysa-klam,wm-bysa-klam,C00669A03066F139199AD755A4602B6BE1958669111B1CCAC726FDA7731591C8,CC-BY-SA-3.0,content-face__outline-face__shading-none__material-ambiguous__polarity-outer-black_center-gray,cf-of-sn-ma-pbg,face,face,none,ambiguous,outer-black_center-gray,face,False,content|outline,,face,black,gray,white,,left,0.0,0.0,False,3532797171015619953,78108,v1,png/wm-bysa-klam__cf-of-sn-ma-pbg.png,svg/wm-bysa-klam__cf-of-sn-ma-pbg.svg,538c25ed9b80972033676cfbc278d80771ccebe42226004ea57106d8e6e99dfb,7bf1d5b222692ab6a1f1e9d867620a74ee748bff2d4ffb267e9b0bc926bbfa23,0.5103386935065776,0.6019029729507643,0.0007072380439834781,0.19784773083591312,2.3154106170625615,0.34741866816820194,"{""fixation_baked_in"":false,""palette_values"":{""black"":24,""gray"":133,""white"":232},""render"":{""background_color"":""gray"",""content_face_accent_side"":""left"",""figure_color"":""black"",""figure_region"":""face"",""fixation_baked_in"":false,""shade_color"":"""",""shadow_dx"":0.0,""shadow_dy"":0.0,""shadow_max_radius"":0.065,""shadow_min_abs_component"":0.02,""shadow_pair_mirrored"":false,""shadow_seed"":3532797171015619953,""third_color"":""white""}}"
wm-bysa-klam__cf-of-sn-ma-pbw,wm-bysa-klam,wm-bysa-klam,C00669A03066F139199AD755A4602B6BE1958669111B1CCAC726FDA7731591C8,CC-BY-SA-3.0,content-face__outline-face__shading-none__material-ambiguous__polarity-outer-black_center-white,cf-of-sn-ma-pbw,face,face,none,ambiguous,outer-black_center-white,face,False,content|outline,,face,black,white,gray,,left,0.0,0.0,False,6768287254221275611,78108,v1,png/wm-bysa-klam__cf-of-sn-ma-pbw.png,svg/wm-bysa-klam__cf-of-sn-ma-pbw.svg,0cf714509864927a85869562716020ac7bfdeb0733f072d88bd14b9f0b66f674,793254aa5c7e662f4c630904e06294a9a5b1393869172705d0a34beafc2092f4,0.5680494420668659,0.5960200263894747,0.0010891405606108524,0.19784773083591312,2.3154106170625615,0.34741866816820194,"{""fixation_baked_in"":false,""palette_values"":{""black"":24,""gray"":133,""white"":232},""render"":{""background_color"":""white"",""content_face_accent_side"":""left"",""figure_color"":""black"",""figure_region"":""face"",""fixation_baked_in"":false,""shade_color"":"""",""shadow_dx"":0.0,""shadow_dy"":0.0,""shadow_max_radius"":0.065,""shadow_min_abs_component"":0.02,""shadow_pair_mirrored"":false,""shadow_seed"":6768287254221275611,""third_color"":""gray""}}"
wm-bysa-klam__cf-of-sn-ma-pgb,wm-bysa-klam,wm-bysa-klam,C00669A03066F139199AD755A4602B6BE1958669111B1CCAC726FDA7731591C8,CC-BY-SA-3.0,content-face__outline-face__shading-none__material-ambiguous__polarity-outer-gray_center-black,cf-of-sn-ma-pgb,face,face,none,ambiguous,outer-gray_center-black,face,False,content|outline,,face,gray,black,white,,left,0.0,0.0,False,9400109050703646845,78108,v1,png/wm-bysa-klam__cf-of-sn-ma-pgb.png,svg/wm-bysa-klam__cf-of-sn-ma-pgb.svg,50b0577b72b2a7127d04dfa0f7e6cf4c2e0be47101db60b4a6d6e42ca236f398,4d7302123f759040f0cd6019e454800269dba52158275a5c522356acba6f7982,0.44690288468903194,0.7621683735303404,0.0010783104557194334,0.19784773083591312,2.3154106170625615,0.34741866816820194,"{""fixation_baked_in"":false,""palette_values"":{""black"":24,""gray"":133,""white"":232},""render"":{""background_color"":""black"",""content_face_accent_side"":""left"",""figure_color"":""gray"",""figure_region"":""face"",""fixation_baked_in"":false,""shade_color"":"""",""shadow_dx"":0.0,""shadow_dy"":0.0,""shadow_max_radius"":0.065,""shadow_min_abs_component"":0.02,""shadow_pair_mirrored"":false,""shadow_seed"":9400109050703646845,""third_color"":""white""}}"
wm-bysa-klam__cf-of-sn-ma-pgw,wm-bysa-klam,wm-bysa-klam,C00669A03066F139199AD755A4602B6BE1958669111B1CCAC726FDA7731591C8,CC-BY-SA-3.0,content-face__outline-face__shading-none__material-ambiguous__polarity-outer-gray_center-white,cf-of-sn-ma-pgw,face,face,none,ambiguous,outer-gray_center-white,face,False,content|outline,,face,gray,white,black,,left,0.0,0.0,False,1667288309664270077,78108,v1,png/wm-bysa-klam__cf-of-sn-ma-pgw.png,svg/wm-bysa-klam__cf-of-sn-ma-pgw.svg,6a8a92845cb6d9cf7ce8b39452c47976590c2f04260c2dabc411d539bab6c4f4,0e11c4c206f8e582b2593c5440b85c51c313aea7e1e6361d7b6f1b811cde82c2,0.5681544509588504,0.5960299697141099,0.0010442834116784544,0.19784773083591312,2.3154106170625615,0.34741866816820194,"{""fixation_baked_in"":false,""palette_values"":{""black"":24,""gray"":133,""white"":232},""render"":{""background_color"":""white"",""content_face_accent_side"":""left"",""figure_color"":""gray"",""figure_region"":""face"",""fixation_baked_in"":false,""shade_color"":"""",""shadow_dx"":0.0,""shadow_dy"":0.0,""shadow_max_radius"":0.065,""shadow_min_abs_component"":0.02,""shadow_pair_mirrored"":false,""shadow_seed"":1667288309664270077,""third_color"":""black""}}"
wm-bysa-klam__cf-of-sn-ma-pwb,wm-bysa-klam,wm-bysa-klam,C00669A03066F139199AD755A4602B6BE1958669111B1CCAC726FDA7731591C8,CC-BY-SA-3.0,content-face__outline-face__shading-none__material-ambiguous__polarity-outer-white_center-black,cf-of-sn-ma-pwb,face,face,none,ambiguous,outer-white_center-black,face,False,content|outline,,face,white,black,gray,,left,0.0,0.0,False,10824343810432846467,78108,v1,png/wm-bysa-klam__cf-of-sn-ma-pwb.png,svg/wm-bysa-klam__cf-of-sn-ma-pwb.svg,f2b597ca573e1677385ae331bdb962235588e6291361876f66104880353dfa82,92d3230bc0740668945347fd4701a1f19b94ff709d1cfbf579a86fd1f6a4201b,0.4469964046104282,0.7618676250272391,0.001113417515405478,0.19784773083591312,2.3154106170625615,0.34741866816820194,"{""fixation_baked_in"":false,""palette_values"":{""black"":24,""gray"":133,""white"":232},""render"":{""background_color"":""black"",""content_face_accent_side"":""left"",""figure_color"":""white"",""figure_region"":""face"",""fixation_baked_in"":false,""shade_color"":"""",""shadow_dx"":0.0,""shadow_dy"":0.0,""shadow_max_radius"":0.065,""shadow_min_abs_component"":0.02,""shadow_pair_mirrored"":false,""shadow_seed"":10824343810432846467,""third_color"":""gray""}}"
wm-bysa-klam__cf-of-sn-ma-pwg,wm-bysa-klam,wm-bysa-klam,C00669A03066F139199AD755A4602B6BE1958669111B1CCAC726FDA7731591C8,CC-BY-SA-3.0,content-face__outline-face__shading-none__material-ambiguous__polarity-outer-white_center-gray,cf-of-sn-ma-pwg,face,face,none,ambiguous,outer-white_center-gray,face,False,content|outline,,face,white,gray,black,,left,0.0,0.0,False,16475037862355825804,78108,v1,png/wm-bysa-klam__cf-of-sn-ma-pwg.png,svg/wm-bysa-klam__cf-of-sn-ma-pwg.svg,92059bae1ee810ab167a93ec7a9b556dfdbf7da3622ebff4e4464795117ee991,0d4290b60f7ff05aa16bd26e745c360146021469d1135fd7384aa4a812f8f547,0.5105391446281883,0.6016762729697307,0.0007072605053140514,0.19784773083591312,2.3154106170625615,0.34741866816820194,"{""fixation_baked_in"":false,""palette_values"":{""black"":24,""gray"":133,""white"":232},""render"":{""background_color"":""gray"",""content_face_accent_side"":""left"",""figure_color"":""white"",""figure_region"":""face"",""fixation_baked_in"":false,""shade_color"":"""",""shadow_dx"":0.0,""shadow_dy"":0.0,""shadow_max_radius"":0.065,""shadow_min_abs_component"":0.02,""shadow_pair_mirrored"":false,""shadow_seed"":16475037862355825804,""third_color"":""black""}}"
wm-bysa-klam__cf-of-sn-mv-pbg,wm-bysa-klam,wm-bysa-klam,C00669A03066F139199AD755A4602B6BE1958669111B1CCAC726FDA7731591C8,CC-BY-SA-3.0,content-face__outline-face__shading-none__material-vase__polarity-outer-black_center-gray,cf-of-sn-mv-pbg,face,face,none,vase,outer-black_center-gray,conflict,True,content|outline,material,face,black,gray,white,,left,0.0,0.0,False,3472282127436678243,78108,v1,png/wm-bysa-klam__cf-of-sn-mv-pbg.png,svg/wm-bysa-klam__cf-of-sn-mv-pbg.svg,433d4b34fea57816dcfe9194ecc08f01c0aa59fa8676742c7d4c706ca5817ebb,c422bcdc7a6fe1e5d6fdd52d252cfc8a57948663b7a793021d8fd174736cbcee,0.5204570770263672,0.6112323700940423,0.002311755706375903,0.19784773083591312,2.3154106170625615,0.34741866816820194,"{""fixation_baked_in"":false,""palette_values"":{""black"":24,""gray"":133,""white"":232},""render"":{""background_color"":""gray"",""content_face_accent_side"":""left"",""figure_color"":""black"",""figure_region"":""face"",""fixation_baked_in"":false,""shade_color"":"""",""shadow_dx"":0.0,""shadow_dy"":0.0,""shadow_max_radius"":0.065,""shadow_min_abs_component"":0.02,""shadow_pair_mirrored"":false,""shadow_seed"":3472282127436678243,""third_color"":""white""}}"
wm-bysa-klam__cf-of-sn-mv-pbw,wm-bysa-klam,wm-bysa-klam,C00669A03066F139199AD755A4602B6BE1958669111B1CCAC726FDA7731591C8,CC-BY-SA-3.0,content-face__outline-face__shading-none__material-vase__polarity-outer-black_center-white,cf-of-sn-mv-pbw,face,face,none,vase,outer-black_center-white,conflict,True,content|outline,material,face,black,white,gray,,left,0.0,0.0,False,4141307903140364119,78108,v1,png/wm-bysa-klam__cf-of-sn-mv-pbw.png,svg/wm-bysa-klam__cf-of-sn-mv-pbw.svg,da601b9bb4232dfd6c5c98a107c3a560b1096d52f846fec7a9dd3ab2bfe3eaa2,52c9517316a82531829e457efcd7e7f084e27cebe423045b7d5785bc424df8ec,0.5406994127759748,0.589697403088269,0.0022222061249353112,0.19784773083591312,2.3154106170625615,0.34741866816820194,"{""fixation_baked_in"":false,""palette_values"":{""black"":24,""gray"":133,""white"":232},""render"":{""background_color"":""white"",""content_face_accent_side"":""left"",""figure_color"":""black"",""figure_region"":""face"",""fixation_baked_in"":false,""shade_color"":"""",""shadow_dx"":0.0,""shadow_dy"":0.0,""shadow_max_radius"":0.065,""shadow_min_abs_component"":0.02,""shadow_pair_mirrored"":false,""shadow_seed"":4141307903140364119,""third_color"":""gray""}}"
wm-bysa-klam__cf-of-sn-mv-pgb,wm-bysa-klam,wm-bysa-klam,C00669A03066F139199AD755A4602B6BE1958669111B1CCAC726FDA7731591C8,CC-BY-SA-3.0,content-face__outline-face__shading-none__material-vase__polarity-outer-gray_center-black,cf-of-sn-mv-pgb,face,face,none,vase,outer-gray_center-black,conflict,True,content|outline,material,face,gray,black,white,,left,0.0,0.0,False,13410487707754956876,78108,v1,png/wm-bysa-klam__cf-of-sn-mv-pgb.png,svg/wm-bysa-klam__cf-of-sn-mv-pgb.svg,c60dd49210cb2652c911717b09dab09a3a1c1c6d050561a7ea79f470d9539242,0fec75f8542f88803045cdb0a25e10a42c0505fbe4ec91240c8a092d22d26710,0.47321137820973125,0.6726980881267531,0.00223898099531846,0.19784773083591312,2.3154106170625615,0.34741866816820194,"{""fixation_baked_in"":false,""palette_values"":{""black"":24,""gray"":133,""white"":232},""render"":{""background_color"":""black"",""content_face_accent_side"":""left"",""figure_color"":""gray"",""figure_region"":""face"",""fixation_baked_in"":false,""shade_color"":"""",""shadow_dx"":0.0,""shadow_dy"":0.0,""shadow_max_radius"":0.065,""shadow_min_abs_component"":0.02,""shadow_pair_mirrored"":false,""shadow_seed"":13410487707754956876,""third_color"":""white""}}"
wm-bysa-klam__cf-of-sn-mv-pgw,wm-bysa-klam,wm-bysa-klam,C00669A03066F139199AD755A4602B6BE1958669111B1CCAC726FDA7731591C8,CC-BY-SA-3.0,content-face__outline-face__shading-none__material-vase__polarity-outer-gray_center-white,cf-of-sn-mv-pgw,face,face,none,vase,outer-gray_center-white,conflict,True,content|outline,material,face,gray,white,black,,left,0.0,0.0,False,17954933142573901987,78108,v1,png/wm-bysa-klam__cf-of-sn-mv-pgw.png,svg/wm-bysa-klam__cf-of-sn-mv-pgw.svg,363fa1d787da5ddafb3af07ef65978b8eb7997afb3f8c64ac950f72ef58233c7,29cf632a128e037a94d119310d43963de4f633a9ac83df79d5ebc8fdeec64c7d,0.5407687243293314,0.5896734955777295,0.0022288303456768827,0.19784773083591312,2.3154106170625615,0.34741866816820194,"{""fixation_baked_in"":false,""palette_values"":{""black"":24,""gray"":133,""white"":232},""render"":{""background_color"":""white"",""content_face_accent_side"":""left"",""figure_color"":""gray"",""figure_region"":""face"",""fixation_baked_in"":false,""shade_color"":"""",""shadow_dx"":0.0,""shadow_dy"":0.0,""shadow_max_radius"":0.065,""shadow_min_abs_component"":0.02,""shadow_pair_mirrored"":false,""shadow_seed"":17954933142573901987,""third_color"":""black""}}"
wm-bysa-klam__cf-of-sn-mv-pwb,wm-bysa-klam,wm-bysa-klam,C00669A03066F139199AD755A4602B6BE1958669111B1CCAC726FDA7731591C8,CC-BY-SA-3.0,content-face__outline-face__shading-none__material-vase__polarity-outer-white_center-black,cf-of-sn-mv-pwb,face,face,none,vase,outer-white_center-black,conflict,True,content|outline,material,face,white,black,gray,,left,0.0,0.0,False,15076582930430700975,78108,v1,png/wm-bysa-klam__cf-of-sn-mv-pwb.png,svg/wm-bysa-klam__cf-of-sn-mv-pwb.svg,83e53db9a68f2ce403602929e35204a31252978800852eceec9a04263c249637,9e5f5fe18a8f051a6c8460ab75f22cfb1ec97de8d746051fe811426ea8e2468f,0.47327253678265746,0.6724798988810842,0.0022573917992783623,0.19784773083591312,2.3154106170625615,0.34741866816820194,"{""fixation_baked_in"":false,""palette_values"":{""black"":24,""gray"":133,""white"":232},""render"":{""background_color"":""black"",""content_face_accent_side"":""left"",""figure_color"":""white"",""figure_region"":""face"",""fixation_baked_in"":false,""shade_color"":"""",""shadow_dx"":0.0,""shadow_dy"":0.0,""shadow_max_radius"":0.065,""shadow_min_abs_component"":0.02,""shadow_pair_mirrored"":false,""shadow_seed"":15076582930430700975,""third_color"":""gray""}}"
wm-bysa-klam__cf-of-sn-mv-pwg,wm-bysa-klam,wm-bysa-klam,C00669A03066F139199AD755A4602B6BE1958669111B1CCAC726FDA7731591C8,CC-BY-SA-3.0,content-face__outline-face__shading-none__material-vase__polarity-outer-white_center-gray,cf-of-sn-mv-pwg,face,face,none,vase,outer-white_center-gray,conflict,True,content|outline,material,face,white,gray,black,,left,0.0,0.0,False,8384046497323539999,78108,v1,png/wm-bysa-klam__cf-of-sn-mv-pwg.png,svg/wm-bysa-klam__cf-of-sn-mv-pwg.svg,4bc1b001386aa63c96400cd299000277fcb1c82ebae2777c442e06f187382acb,7b9461ceaedbeeae9ed5e50368f9b5e920ed97104e052227ac37f21e251372df,0.5205873863369812,0.6109506858656838,0.002657278354584747,0.19784773083591312,2.3154106170625615,0.34741866816820194,"{""fixation_baked_in"":false,""palette_values"":{""black"":24,""gray"":133,""white"":232},""render"":{""background_color"":""gray"",""content_face_accent_side"":""left"",""figure_color"":""white"",""figure_region"":""face"",""fixation_baked_in"":false,""shade_color"":"""",""shadow_dx"":0.0,""shadow_dy"":0.0,""shadow_max_radius"":0.065,""shadow_min_abs_component"":0.02,""shadow_pair_mirrored"":false,""shadow_seed"":8384046497323539999,""third_color"":""black""}}"
wm-bysa-klam__ca-oa-sn-ma-pbg,wm-bysa-klam,wm-bysa-klam,C00669A03066F139199AD755A4602B6BE1958669111B1CCAC726FDA7731591C8,CC-BY-SA-3.0,content-ambiguous__outline-ambiguous__shading-none__material-ambiguous__polarity-outer-black_center-gray,ca-oa-sn-ma-pbg,ambiguous,ambiguous,none,ambiguous,outer-black_center-gray,ambiguous,False,,,vase,gray,black,white,,,0.0,0.0,False,6560527544545900613,78108,v1,png/wm-bysa-klam__ca-oa-sn-ma-pbg.png,svg/wm-bysa-klam__ca-oa-sn-ma-pbg.svg,ca5d250a878aa0f15ba538a27c87b82823bee8965e0ac7e8d64f6afd86b5809a,df41167910225947d920e0bf2c97f3d9f63d8a01922ea39005a2a3eedd47aa61,0.1786664775773591,0.9512106895993377,0.0008693470820635195,0.19784773083591312,2.3154106170625615,0.34741866816820194,"{""fixation_baked_in"":false,""palette_values"":{""black"":24,""gray"":133,""white"":232},""render"":{""background_color"":""black"",""content_face_accent_side"":"""",""figure_color"":""gray"",""figure_region"":""vase"",""fixation_baked_in"":false,""shade_color"":"""",""shadow_dx"":0.0,""shadow_dy"":0.0,""shadow_max_radius"":0.065,""shadow_min_abs_component"":0.02,""shadow_pair_mirrored"":false,""shadow_seed"":6560527544545900613,""third_color"":""white""}}"
wm-bysa-klam__ca-oa-sn-ma-pbw,wm-bysa-klam,wm-bysa-klam,C00669A03066F139199AD755A4602B6BE1958669111B1CCAC726FDA7731591C8,CC-BY-SA-3.0,content-ambiguous__outline-ambiguous__shading-none__material-ambiguous__polarity-outer-black_center-white,ca-oa-sn-ma-pbw,ambiguous,ambiguous,none,ambiguous,outer-black_center-white,ambiguous,False,,,vase,white,black,gray,,,0.0,0.0,False,12483973163464411844,78108,v1,png/wm-bysa-klam__ca-oa-sn-ma-pbw.png,svg/wm-bysa-klam__ca-oa-sn-ma-pbw.svg,fcc81565dcc0fbd8097fdf559ec0d97099c193526261e1761d0321ef135a28d4,843de6b7e6dd894c1b9c58e82f39faf884eadb2c487c88dfde1626bd0bcf6ccb,0.2554510415769091,1.269528911989562,0.001658933979261304,0.19784773083591312,2.3154106170625615,0.34741866816820194,"{""fixation_baked_in"":false,""palette_values"":{""black"":24,""gray"":133,""white"":232},""render"":{""background_color"":""black"",""content_face_accent_side"":"""",""figure_color"":""white"",""figure_region"":""vase"",""fixation_baked_in"":false,""shade_color"":"""",""shadow_dx"":0.0,""shadow_dy"":0.0,""shadow_max_radius"":0.065,""shadow_min_abs_component"":0.02,""shadow_pair_mirrored"":false,""shadow_seed"":12483973163464411844,""third_color"":""gray""}}"
wm-bysa-klam__ca-oa-sn-ma-pgb,wm-bysa-klam,wm-bysa-klam,C00669A03066F139199AD755A4602B6BE1958669111B1CCAC726FDA7731591C8,CC-BY-SA-3.0,content-ambiguous__outline-ambiguous__shading-none__material-ambiguous__polarity-outer-gray_center-black,ca-oa-sn-ma-pgb,ambiguous,ambiguous,none,ambiguous,outer-gray_center-black,ambiguous,False,,,vase,black,gray,white,,,0.0,0.0,False,9905023317977145531,78108,v1,png/wm-bysa-klam__ca-oa-sn-ma-pgb.png,svg/wm-bysa-klam__ca-oa-sn-ma-pgb.svg,26ff0e444e750a9bb882784eab53fcffe8a628694f60d4885a0137c22750f1ee,9d2e20f7514688d396a291cfa1fe2f42b3680fb537f9982de2484871d9fbf9f0,0.4370253581626743,0.3888701457030665,0.000869350825618615,0.19784773083591312,2.3154106170625615,0.34741866816820194,"{""fixation_baked_in"":false,""palette_values"":{""black"":24,""gray"":133,""white"":232},""render"":{""background_color"":""gray"",""content_face_accent_side"":"""",""figure_color"":""black"",""figure_region"":""vase"",""fixation_baked_in"":false,""shade_color"":"""",""shadow_dx"":0.0,""shadow_dy"":0.0,""shadow_max_radius"":0.065,""shadow_min_abs_component"":0.02,""shadow_pair_mirrored"":false,""shadow_seed"":9905023317977145531,""third_color"":""white""}}"
wm-bysa-klam__ca-oa-sn-ma-pgw,wm-bysa-klam,wm-bysa-klam,C00669A03066F139199AD755A4602B6BE1958669111B1CCAC726FDA7731591C8,CC-BY-SA-3.0,content-ambiguous__outline-ambiguous__shading-none__material-ambiguous__polarity-outer-gray_center-white,ca-oa-sn-ma-pgw,ambiguous,ambiguous,none,ambiguous,outer-gray_center-white,ambiguous,False,,,vase,white,gray,black,,,0.0,0.0,False,1147844579294272037,78108,v1,png/wm-bysa-klam__ca-oa-sn-ma-pgw.png,svg/wm-bysa-klam__ca-oa-sn-ma-pgw.svg,c4b88436eed331e2e077ce939d765996d244fa61997227a6ea4d99aa8128da1d,176c390ec6098da1fab2c9ccaddfc79da168680754d2bd97573f6eeeacbb4ef2,0.5983544293571922,0.2579641593779814,0.0007895794100875931,0.19784773083591312,2.3154106170625615,0.34741866816820194,"{""fixation_baked_in"":false,""palette_values"":{""black"":24,""gray"":133,""white"":232},""render"":{""background_color"":""gray"",""content_face_accent_side"":"""",""figure_color"":""white"",""figure_region"":""vase"",""fixation_baked_in"":false,""shade_color"":"""",""shadow_dx"":0.0,""shadow_dy"":0.0,""shadow_max_radius"":0.065,""shadow_min_abs_component"":0.02,""shadow_pair_mirrored"":false,""shadow_seed"":1147844579294272037,""third_color"":""black""}}"
wm-bysa-klam__ca-oa-sn-ma-pwb,wm-bysa-klam,wm-bysa-klam,C00669A03066F139199AD755A4602B6BE1958669111B1CCAC726FDA7731591C8,CC-BY-SA-3.0,content-ambiguous__outline-ambiguous__shading-none__material-ambiguous__polarity-outer-white_center-black,ca-oa-sn-ma-pwb,ambiguous,ambiguous,none,ambiguous,outer-white_center-black,ambiguous,False,,,vase,black,white,gray,,,0.0,0.0,False,10174668629555948797,78108,v1,png/wm-bysa-klam__ca-oa-sn-ma-pwb.png,svg/wm-bysa-klam__ca-oa-sn-ma-pwb.svg,98d8ce1d53bc168dd5e2ef3b9575b5b91b653c5e9decda3f232185e89f837a1f,cc0cad988833a8a4e4317f8c450241713025185b6bb754800de32b8fcadc1bfb,0.7484705270505421,0.43328691131993574,0.001658933979261304,0.19784773083591312,2.3154106170625615,0.34741866816820194,"{""fixation_baked_in"":false,""palette_values"":{""black"":24,""gray"":133,""white"":232},""render"":{""background_color"":""white"",""content_face_accent_side"":"""",""figure_color"":""black"",""figure_region"":""vase"",""fixation_baked_in"":false,""shade_color"":"""",""shadow_dx"":0.0,""shadow_dy"":0.0,""shadow_max_radius"":0.065,""shadow_min_abs_component"":0.02,""shadow_pair_mirrored"":false,""shadow_seed"":10174668629555948797,""third_color"":""gray""}}"
wm-bysa-klam__ca-oa-sn-ma-pwg,wm-bysa-klam,wm-bysa-klam,C00669A03066F139199AD755A4602B6BE1958669111B1CCAC726FDA7731591C8,CC-BY-SA-3.0,content-ambiguous__outline-ambiguous__shading-none__material-ambiguous__polarity-outer-white_center-gray,ca-oa-sn-ma-pwg,ambiguous,ambiguous,none,ambiguous,outer-white_center-gray,ambiguous,False,,,vase,gray,white,black,,,0.0,0.0,False,10512474910405513918,78108,v1,png/wm-bysa-klam__ca-oa-sn-ma-pwg.png,svg/wm-bysa-klam__ca-oa-sn-ma-pwg.svg,9872e146b833f51a2542e43d72ac12f4bf6c3428c1b8e2a848adff0207a873e2,91eecc1713aeeb135822e0184d088b97b0408cf960b64e5c381e8c50b70bd7fa,0.8330109278361004,0.18530024313806123,0.0007895906407528797,0.19784773083591312,2.3154106170625615,0.34741866816820194,"{""fixation_baked_in"":false,""palette_values"":{""black"":24,""gray"":133,""white"":232},""render"":{""background_color"":""white"",""content_face_accent_side"":"""",""figure_color"":""gray"",""figure_region"":""vase"",""fixation_baked_in"":false,""shade_color"":"""",""shadow_dx"":0.0,""shadow_dy"":0.0,""shadow_max_radius"":0.065,""shadow_min_abs_component"":0.02,""shadow_pair_mirrored"":false,""shadow_seed"":10512474910405513918,""third_color"":""black""}}"
wm-bysa-klam__ca-oa-sn-mv-pbg,wm-bysa-klam,wm-bysa-klam,C00669A03066F139199AD755A4602B6BE1958669111B1CCAC726FDA7731591C8,CC-BY-SA-3.0,content-ambiguous__outline-ambiguous__shading-none__material-vase__polarity-outer-black_center-gray,ca-oa-sn-mv-pbg,ambiguous,ambiguous,none,vase,outer-black_center-gray,vase,False,,material,vase,gray,black,white,,,0.0,0.0,False,10740730233392533425,78108,v1,png/wm-bysa-klam__ca-oa-sn-mv-pbg.png,svg/wm-bysa-klam__ca-oa-sn-mv-pbg.svg,e642e0b0cda5c208dba60352ebf82824edbc56ebc344b244f7e3446c0e223045,472f769062052337b4fe8ff699eca1f779752341169f153c0a4373dcd4d56bf8,0.1891265869140625,1.090665008644057,0.0025412412490656085,0.19784773083591312,2.3154106170625615,0.34741866816820194,"{""fixation_baked_in"":false,""palette_values"":{""black"":24,""gray"":133,""white"":232},""render"":{""background_color"":""black"",""content_face_accent_side"":"""",""figure_color"":""gray"",""figure_region"":""vase"",""fixation_baked_in"":false,""shade_color"":"""",""shadow_dx"":0.0,""shadow_dy"":0.0,""shadow_max_radius"":0.065,""shadow_min_abs_component"":0.02,""shadow_pair_mirrored"":false,""shadow_seed"":10740730233392533425,""third_color"":""white""}}"
wm-bysa-klam__ca-oa-sn-mv-pbw,wm-bysa-klam,wm-bysa-klam,C00669A03066F139199AD755A4602B6BE1958669111B1CCAC726FDA7731591C8,CC-BY-SA-3.0,content-ambiguous__outline-ambiguous__shading-none__material-vase__polarity-outer-black_center-white,ca-oa-sn-mv-pbw,ambiguous,ambiguous,none,vase,outer-black_center-white,vase,False,,material,vase,white,black,gray,,,0.0,0.0,False,15940832577629682789,78108,v1,png/wm-bysa-klam__ca-oa-sn-mv-pbw.png,svg/wm-bysa-klam__ca-oa-sn-mv-pbw.svg,5a03a39d9dceaa15865ea39929f84ecb6df88eae957b3e52c43a43c5a0f7d256,4d15ad601006a0c4c13d8fd140d7133e3eec9ef46d9d88872f4a04b70081e008,0.22837862500957415,1.2006379668203542,0.0026670396744963866,0.19784773083591312,2.3154106170625615,0.34741866816820194,"{""fixation_baked_in"":false,""palette_values"":{""black"":24,""gray"":133,""white"":232},""render"":{""background_color"":""black"",""content_face_accent_side"":"""",""figure_color"":""white"",""figure_region"":""vase"",""fixation_baked_in"":false,""shade_color"":"""",""shadow_dx"":0.0,""shadow_dy"":0.0,""shadow_max_radius"":0.065,""shadow_min_abs_component"":0.02,""shadow_pair_mirrored"":false,""shadow_seed"":15940832577629682789,""third_color"":""gray""}}"
wm-bysa-klam__ca-oa-sn-mv-pgb,wm-bysa-klam,wm-bysa-klam,C00669A03066F139199AD755A4602B6BE1958669111B1CCAC726FDA7731591C8,CC-BY-SA-3.0,content-ambiguous__outline-ambiguous__shading-none__material-vase__polarity-outer-gray_center-black,ca-oa-sn-mv-pgb,ambiguous,ambiguous,none,vase,outer-gray_center-black,vase,False,,material,vase,black,gray,white,,,0.0,0.0,False,7948217106758588458,78108,v1,png/wm-bysa-klam__ca-oa-sn-mv-pgb.png,svg/wm-bysa-klam__ca-oa-sn-mv-pgb.svg,6f59528732f5106e2f2e5335fc90280bf4f97b05f9d75945afad31c6d47f41c2,b92b6d0ac8c9e6fd86089d49efbc04c9bfabcb9ee4a26e72231f08bfcdbee602,0.46339213801365275,0.2626550475484232,0.0017966032179000634,0.19784773083591312,2.3154106170625615,0.34741866816820194,"{""fixation_baked_in"":false,""palette_values"":{""black"":24,""gray"":133,""white"":232},""render"":{""background_color"":""gray"",""content_face_accent_side"":"""",""figure_color"":""black"",""figure_region"":""vase"",""fixation_baked_in"":false,""shade_color"":"""",""shadow_dx"":0.0,""shadow_dy"":0.0,""shadow_max_radius"":0.065,""shadow_min_abs_component"":0.02,""shadow_pair_mirrored"":false,""shadow_seed"":7948217106758588458,""third_color"":""white""}}"
wm-bysa-klam__ca-oa-sn-mv-pgw,wm-bysa-klam,wm-bysa-klam,C00669A03066F139199AD755A4602B6BE1958669111B1CCAC726FDA7731591C8,CC-BY-SA-3.0,content-ambiguous__outline-ambiguous__shading-none__material-vase__polarity-outer-gray_center-white,ca-oa-sn-mv-pgw,ambiguous,ambiguous,none,vase,outer-gray_center-white,vase,False,,material,vase,white,gray,black,,,0.0,0.0,False,12622057304308180554,78108,v1,png/wm-bysa-klam__ca-oa-sn-mv-pgw.png,svg/wm-bysa-klam__ca-oa-sn-mv-pgw.svg,68c897558218e1d05c2d52bc310118348ef97394d2e1e76b3ef07a15a339d106,46f5a961a724a2e474366e0e177dd0cf5f278f8284b265365148a5d6c2327172,0.5708904453352386,0.1964776418172525,0.0018336307213501235,0.19784773083591312,2.3154106170625615,0.34741866816820194,"{""fixation_baked_in"":false,""palette_values"":{""black"":24,""gray"":133,""white"":232},""render"":{""background_color"":""gray"",""content_face_accent_side"":"""",""figure_color"":""white"",""figure_region"":""vase"",""fixation_baked_in"":false,""shade_color"":"""",""shadow_dx"":0.0,""shadow_dy"":0.0,""shadow_max_radius"":0.065,""shadow_min_abs_component"":0.02,""shadow_pair_mirrored"":false,""shadow_seed"":12622057304308180554,""third_color"":""black""}}"
wm-bysa-klam__ca-oa-sn-mv-pwb,wm-bysa-klam,wm-bysa-klam,C00669A03066F139199AD755A4602B6BE1958669111B1CCAC726FDA7731591C8,CC-BY-SA-3.0,content-ambiguous__outline-ambiguous__shading-none__material-vase__polarity-outer-white_center-black,ca-oa-sn-mv-pwb,ambiguous,ambiguous,none,vase,outer-white_center-black,vase,False,,material,vase,black,white,gray,,,0.0,0.0,False,2385341674078909130,78108,v1,png/wm-bysa-klam__ca-oa-sn-mv-pwb.png,svg/wm-bysa-klam__ca-oa-sn-mv-pwb.svg,6cdd3c527853b40c00dc676b7457067a35c8b38f90fe1363dd7b14d33460c85e,b208394ea3b26f010046094bf2735f45411760b5a0dedc8a39a575f99ab9f83e,0.7744815489825082,0.35301081474852747,0.0025802640673815956,0.19784773083591312,2.3154106170625615,0.34741866816820194,"{""fixation_baked_in"":false,""palette_values"":{""black"":24,""gray"":133,""white"":232},""render"":{""background_color"":""white"",""content_face_accent_side"":"""",""figure_color"":""black"",""figure_region"":""vase"",""fixation_baked_in"":false,""shade_color"":"""",""shadow_dx"":0.0,""shadow_dy"":0.0,""shadow_max_radius"":0.065,""shadow_min_abs_component"":0.02,""shadow_pair_mirrored"":false,""shadow_seed"":2385341674078909130,""third_color"":""gray""}}"
wm-bysa-klam__ca-oa-sn-mv-pwg,wm-bysa-klam,wm-bysa-klam,C00669A03066F139199AD755A4602B6BE1958669111B1CCAC726FDA7731591C8,CC-BY-SA-3.0,content-ambiguous__outline-ambiguous__shading-none__material-vase__polarity-outer-white_center-gray,ca-oa-sn-mv-pwg,ambiguous,ambiguous,none,vase,outer-white_center-gray,vase,False,,material,vase,gray,white,black,,,0.0,0.0,False,9023580774814087930,78108,v1,png/wm-bysa-klam__ca-oa-sn-mv-pwg.png,svg/wm-bysa-klam__ca-oa-sn-mv-pwg.svg,dd57c1b6f1feaae744bd735d73de0b563f3c56e1a56793917327acf97e7deefa,a43348dc909338c0076397789a02bc136d547eb01dce5becff36d697490f9f92,0.8427249609255325,0.1851417153563104,0.0023807026323481497,0.19784773083591312,2.3154106170625615,0.34741866816820194,"{""fixation_baked_in"":false,""palette_values"":{""black"":24,""gray"":133,""white"":232},""render"":{""background_color"":""white"",""content_face_accent_side"":"""",""figure_color"":""gray"",""figure_region"":""vase"",""fixation_baked_in"":false,""shade_color"":"""",""shadow_dx"":0.0,""shadow_dy"":0.0,""shadow_max_radius"":0.065,""shadow_min_abs_component"":0.02,""shadow_pair_mirrored"":false,""shadow_seed"":9023580774814087930,""third_color"":""black""}}"
wm-bysa-klam__ca-oa-sf-ma-pbg,wm-bysa-klam,wm-bysa-klam,C00669A03066F139199AD755A4602B6BE1958669111B1CCAC726FDA7731591C8,CC-BY-SA-3.0,content-ambiguous__outline-ambiguous__shading-figure__material-ambiguous__polarity-outer-black_center-gray,ca-oa-sf-ma-pbg,ambiguous,ambiguous,figure,ambiguous,outer-black_center-gray,vase,False,,shading,vase,gray,black,white,white,,-0.05332666723844868,0.03508151143909269,False,10123056768840354103,78108,v1,png/wm-bysa-klam__ca-oa-sf-ma-pbg.png,svg/wm-bysa-klam__ca-oa-sf-ma-pbg.svg,4347fceadbb80c42ddb5c35f9170026840d7f6ec7ee1cf8395a4faed9e89e1e2,d30da7afc6f11efef5cb8b9f7dec8fb7077b640ce0b620e129b2ef3f94c7b5c1,0.2324773751053156,1.0588053845541294,0.001696897371485251,0.19784773083591312,2.3154106170625615,0.34741866816820194,"{""fixation_baked_in"":false,""palette_values"":{""black"":24,""gray"":133,""white"":232},""render"":{""background_color"":""black"",""content_face_accent_side"":"""",""figure_color"":""gray"",""figure_region"":""vase"",""fixation_baked_in"":false,""shade_color"":""white"",""shadow_dx"":-0.05332666723844868,""shadow_dy"":0.03508151143909269,""shadow_max_radius"":0.065,""shadow_min_abs_component"":0.02,""shadow_pair_mirrored"":false,""shadow_seed"":10123056768840354103,""third_color"":""white""}}"
wm-bysa-klam__ca-oa-sf-ma-pbw,wm-bysa-klam,wm-bysa-klam,C00669A03066F139199AD755A4602B6BE1958669111B1CCAC726FDA7731591C8,CC-BY-SA-3.0,content-ambiguous__outline-ambiguous__shading-figure__material-ambiguous__polarity-outer-black_center-white,ca-oa-sf-ma-pbw,ambiguous,ambiguous,figure,ambiguous,outer-black_center-white,vase,False,,shading,vase,white,black,gray,gray,,-0.02437621449194759,0.023147387129075894,False,12499485159743438783,78108,v1,png/wm-bysa-klam__ca-oa-sf-ma-pbw.png,svg/wm-bysa-klam__ca-oa-sf-ma-pbw.svg,acf834efdd7c9777d52a6c8abd2210307a7d1b929c72d398b702e79bcd16247c,4598c80f91fb500c96dd0d857ea22fb61c3f6e72088bcc542b0d5fd08b2f4b1e,0.27147487565582873,1.2032556582465699,0.001679070562120254,0.19784773083591312,2.3154106170625615,0.34741866816820194,"{""fixation_baked_in"":false,""palette_values"":{""black"":24,""gray"":133,""white"":232},""render"":{""background_color"":""black"",""content_face_accent_side"":"""",""figure_color"":""white"",""figure_region"":""vase"",""fixation_baked_in"":false,""shade_color"":""gray"",""shadow_dx"":-0.02437621449194759,""shadow_dy"":0.023147387129075894,""shadow_max_radius"":0.065,""shadow_min_abs_component"":0.02,""shadow_pair_mirrored"":false,""shadow_seed"":12499485159743438783,""third_color"":""gray""}}"
wm-bysa-klam__ca-oa-sf-ma-pgb,wm-bysa-klam,wm-bysa-klam,C00669A03066F139199AD755A4602B6BE1958669111B1CCAC726FDA7731591C8,CC-BY-SA-3.0,content-ambiguous__outline-ambiguous__shading-figure__material-ambiguous__polarity-outer-gray_center-black,ca-oa-sf-ma-pgb,ambiguous,ambiguous,figure,ambiguous,outer-gray_center-black,vase,False,,shading,vase,black,gray,white,white,,0.02978949954751682,-0.04736220681552689,False,15243490569914027852,78108,v1,png/wm-bysa-klam__ca-oa-sf-ma-pgb.png,svg/wm-bysa-klam__ca-oa-sf-ma-pgb.svg,2d05dae2e4e994f5b2501a7e95a14c594380181e8057ff8e7834ecb6deffd944,c22171edf1f49ba34d85c6fc73a7df2ed4a8a2bd966692a3034631ca5ea180b7,0.46161632163851873,0.4429585080222168,0.0015948817515764858,0.19784773083591312,2.3154106170625615,0.34741866816820194,"{""fixation_baked_in"":false,""palette_values"":{""black"":24,""gray"":133,""white"":232},""render"":{""background_color"":""gray"",""content_face_accent_side"":"""",""figure_color"":""black"",""figure_region"":""vase"",""fixation_baked_in"":false,""shade_color"":""white"",""shadow_dx"":0.02978949954751682,""shadow_dy"":-0.04736220681552689,""shadow_max_radius"":0.065,""shadow_min_abs_component"":0.02,""shadow_pair_mirrored"":false,""shadow_seed"":15243490569914027852,""third_color"":""white""}}"
wm-bysa-klam__ca-oa-sf-ma-pgw,wm-bysa-klam,wm-bysa-klam,C00669A03066F139199AD755A4602B6BE1958669111B1CCAC726FDA7731591C8,CC-BY-SA-3.0,content-ambiguous__outline-ambiguous__shading-figure__material-ambiguous__polarity-outer-gray_center-white,ca-oa-sf-ma-pgw,ambiguous,ambiguous,figure,ambiguous,outer-gray_center-white,vase,False,,shading,vase,white,gray,black,black,,-0.02594194704865785,-0.026167195519037543,False,6944955026836405431,78108,v1,png/wm-bysa-klam__ca-oa-sf-ma-pgw.png,svg/wm-bysa-klam__ca-oa-sf-ma-pgw.svg,f317aa6ffc1a3b7cd8aa1cd73cafedf449b006a54e07ef09e62f234c92473f28,6db9d1110551a0f07c471c18590dceda60ac53e8f42e7b71725c25cb6ccb94d4,0.5807528589286056,0.3154447805814208,0.0016512447170950492,0.19784773083591312,2.3154106170625615,0.34741866816820194,"{""fixation_baked_in"":false,""palette_values"":{""black"":24,""gray"":133,""white"":232},""render"":{""background_color"":""gray"",""content_face_accent_side"":"""",""figure_color"":""white"",""figure_region"":""vase"",""fixation_baked_in"":false,""shade_color"":""black"",""shadow_dx"":-0.02594194704865785,""shadow_dy"":-0.026167195519037543,""shadow_max_radius"":0.065,""shadow_min_abs_component"":0.02,""shadow_pair_mirrored"":false,""shadow_seed"":6944955026836405431,""third_color"":""black""}}"
wm-bysa-klam__ca-oa-sf-ma-pwb,wm-bysa-klam,wm-bysa-klam,C00669A03066F139199AD755A4602B6BE1958669111B1CCAC726FDA7731591C8,CC-BY-SA-3.0,content-ambiguous__outline-ambiguous__shading-figure__material-ambiguous__polarity-outer-white_center-black,ca-oa-sf-ma-pwb,ambiguous,ambiguous,figure,ambiguous,outer-white_center-black,vase,False,,shading,vase,black,white,gray,gray,,-0.03517140835125488,-0.025537150589611476,False,8582049788883097150,78108,v1,png/wm-bysa-klam__ca-oa-sf-ma-pwb.png,svg/wm-bysa-klam__ca-oa-sf-ma-pwb.svg,4d6a2b043c4d8054544902fcda17a5ac651aa5f8d22164485d3fc389dfc2bf7d,33f9df1c709a6c9d4290f3972eff9877002baf5699b70c4abf0997f33ac6d026,0.7304387073890837,0.4459704844081719,0.0016830799096275851,0.19784773083591312,2.3154106170625615,0.34741866816820194,"{""fixation_baked_in"":false,""palette_values"":{""black"":24,""gray"":133,""white"":232},""render"":{""background_color"":""white"",""content_face_accent_side"":"""",""figure_color"":""black"",""figure_region"":""vase"",""fixation_baked_in"":false,""shade_color"":""gray"",""shadow_dx"":-0.03517140835125488,""shadow_dy"":-0.025537150589611476,""shadow_max_radius"":0.065,""shadow_min_abs_component"":0.02,""shadow_pair_mirrored"":false,""shadow_seed"":8582049788883097150,""third_color"":""gray""}}"
wm-bysa-klam__ca-oa-sf-ma-pwg,wm-bysa-klam,wm-bysa-klam,C00669A03066F139199AD755A4602B6BE1958669111B1CCAC726FDA7731591C8,CC-BY-SA-3.0,content-ambiguous__outline-ambiguous__shading-figure__material-ambiguous__polarity-outer-white_center-gray,ca-oa-sf-ma-pwg,ambiguous,ambiguous,figure,ambiguous,outer-white_center-gray,vase,False,,shading,vase,gray,white,black,black,,0.024335111850435964,-0.023715317622956828,False,15277646423072942269,78108,v1,png/wm-bysa-klam__ca-oa-sf-ma-pwg.png,svg/wm-bysa-klam__ca-oa-sf-ma-pwg.svg,8d9bf0d29de1cb742a7c3a09cc70a4a358a688ccfd6bb4e3585b63dc41ce226c,e83ef00291b990b1e356eccf22c137e5d363cefb87727a67504b9d605c1fa245,0.8020589230107328,0.25890929669675633,0.0016722011385199242,0.19784773083591312,2.3154106170625615,0.34741866816820194,"{""fixation_baked_in"":false,""palette_values"":{""black"":24,""gray"":133,""white"":232},""render"":{""background_color"":""white"",""content_face_accent_side"":"""",""figure_color"":""gray"",""figure_region"":""vase"",""fixation_baked_in"":false,""shade_color"":""black"",""shadow_dx"":0.024335111850435964,""shadow_dy"":-0.023715317622956828,""shadow_max_radius"":0.065,""shadow_min_abs_component"":0.02,""shadow_pair_mirrored"":false,""shadow_seed"":15277646423072942269,""third_color"":""black""}}"
wm-bysa-klam__ca-of-sn-ma-pbg,wm-bysa-klam,wm-bysa-klam,C00669A03066F139199AD755A4602B6BE1958669111B1CCAC726FDA7731591C8,CC-BY-SA-3.0,content-ambiguous__outline-face__shading-none__material-ambiguous__polarity-outer-black_center-gray,ca-of-sn-ma-pbg,ambiguous,face,none,ambiguous,outer-black_center-gray,face,False,outline,,face,black,gray,white,,,0.0,0.0,False,11418606796306069615,78108,v1,png/wm-bysa-klam__ca-of-sn-ma-pbg.png,svg/wm-bysa-klam__ca-of-sn-ma-pbg.svg,c5ead12f03eeb4488bb0e7bc885604c06d1e663228df1bce76547186a614679a,a817fb3759cc5558c11862bbbd392a5cb743eec55ffb98b3eae793bdf40777ef,0.2790363498762542,0.7581827859055045,0.0007414110866731836,0.19784773083591312,2.3154106170625615,0.34741866816820194,"{""fixation_baked_in"":false,""palette_values"":{""black"":24,""gray"":133,""white"":232},""render"":{""background_color"":""gray"",""content_face_accent_side"":"""",""figure_color"":""black"",""figure_region"":""face"",""fixation_baked_in"":false,""shade_color"":"""",""shadow_dx"":0.0,""shadow_dy"":0.0,""shadow_max_radius"":0.065,""shadow_min_abs_component"":0.02,""shadow_pair_mirrored"":false,""shadow_seed"":11418606796306069615,""third_color"":""white""}}"
wm-bysa-klam__ca-of-sn-ma-pbw,wm-bysa-klam,wm-bysa-klam,C00669A03066F139199AD755A4602B6BE1958669111B1CCAC726FDA7731591C8,CC-BY-SA-3.0,content-ambiguous__outline-face__shading-none__material-ambiguous__polarity-outer-black_center-white,ca-of-sn-ma-pbw,ambiguous,face,none,ambiguous,outer-black_center-white,face,False,outline,,face,black,white,gray,,,0.0,0.0,False,2890525261170244705,78108,v1,png/wm-bysa-klam__ca-of-sn-ma-pbw.png,svg/wm-bysa-klam__ca-of-sn-ma-pbw.svg,baf208cfcd9a12937d18c046f4320f158d62526557b280cabf8112c63eb7ee8a,a258dc28c15bca6d1cff19418fadcf098c7e144f62c9be46b4796af6ddfe7b71,0.4469859291525449,0.9031879576792772,0.001414824238590842,0.19784773083591312,2.3154106170625615,0.34741866816820194,"{""fixation_baked_in"":false,""palette_values"":{""black"":24,""gray"":133,""white"":232},""render"":{""background_color"":""white"",""content_face_accent_side"":"""",""figure_color"":""black"",""figure_region"":""face"",""fixation_baked_in"":false,""shade_color"":"""",""shadow_dx"":0.0,""shadow_dy"":0.0,""shadow_max_radius"":0.065,""shadow_min_abs_component"":0.02,""shadow_pair_mirrored"":false,""shadow_seed"":2890525261170244705,""third_color"":""gray""}}"
wm-bysa-klam__ca-of-sn-ma-pgb,wm-bysa-klam,wm-bysa-klam,C00669A03066F139199AD755A4602B6BE1958669111B1CCAC726FDA7731591C8,CC-BY-SA-3.0,content-ambiguous__outline-face__shading-none__material-ambiguous__polarity-outer-gray_center-black,ca-of-sn-ma-pgb,ambiguous,face,none,ambiguous,outer-gray_center-black,face,False,outline,,face,gray,black,white,,,0.0,0.0,False,7772695588240571721,78108,v1,png/wm-bysa-klam__ca-of-sn-ma-pgb.png,svg/wm-bysa-klam__ca-of-sn-ma-pgb.svg,d802ffedf1f3e02fe2f19532400b62ddb06bc041e34a60a3591a4d351000fe5b,f4e5238bbcb3aedc0cf8ce11782d2edff34e8c747651fd11f96558bc5cbe74a8,0.3366565966138653,0.6284135285760983,0.0007414335480037568,0.19784773083591312,2.3154106170625615,0.34741866816820194,"{""fixation_baked_in"":false,""palette_values"":{""black"":24,""gray"":133,""white"":232},""render"":{""background_color"":""black"",""content_face_accent_side"":"""",""figure_color"":""gray"",""figure_region"":""face"",""fixation_baked_in"":false,""shade_color"":"""",""shadow_dx"":0.0,""shadow_dy"":0.0,""shadow_max_radius"":0.065,""shadow_min_abs_component"":0.02,""shadow_pair_mirrored"":false,""shadow_seed"":7772695588240571721,""third_color"":""white""}}"
wm-bysa-klam__ca-of-sn-ma-pgw,wm-bysa-klam,wm-bysa-klam,C00669A03066F139199AD755A4602B6BE1958669111B1CCAC726FDA7731591C8,CC-BY-SA-3.0,content-ambiguous__outline-face__shading-none__material-ambiguous__polarity-outer-gray_center-white,ca-of-sn-ma-pgw,ambiguous,face,none,ambiguous,outer-gray_center-white,face,False,outline,,face,gray,white,black,,,0.0,0.0,False,2276504436978371103,78108,v1,png/wm-bysa-klam__ca-of-sn-ma-pgw.png,svg/wm-bysa-klam__ca-of-sn-ma-pgw.svg,88549e5c3ebbefe1a7d809f6c26f4b2ea53cd46695c1a2f00408037809976641,cd4dbbde7395610598f3cac25ac16e04d8f3901b36f6c7a584d0d9fd4228c123,0.6895173689898324,0.2786733477339202,0.0006734094083625629,0.19784773083591312,2.3154106170625615,0.34741866816820194,"{""fixation_baked_in"":false,""palette_values"":{""black"":24,""gray"":133,""white"":232},""render"":{""background_color"":""white"",""content_face_accent_side"":"""",""figure_color"":""gray"",""figure_region"":""face"",""fixation_baked_in"":false,""shade_color"":"""",""shadow_dx"":0.0,""shadow_dy"":0.0,""shadow_max_radius"":0.065,""shadow_min_abs_component"":0.02,""shadow_pair_mirrored"":false,""shadow_seed"":2276504436978371103,""third_color"":""black""}}"
wm-bysa-klam__ca-of-sn-ma-pwb,wm-bysa-klam,wm-bysa-klam,C00669A03066F139199AD755A4602B6BE1958669111B1CCAC726FDA7731591C8,CC-BY-SA-3.0,content-ambiguous__outline-face__shading-none__material-ambiguous__polarity-outer-white_center-black,ca-of-sn-ma-pwb,ambiguous,face,none,ambiguous,outer-white_center-black,face,False,outline,,face,white,black,gray,,,0.0,0.0,False,11692808981773028193,78108,v1,png/wm-bysa-klam__ca-of-sn-ma-pwb.png,svg/wm-bysa-klam__ca-of-sn-ma-pwb.svg,476af36f222cb1d5f20406f531a8302c108ee1e841ba1edb10172ee7c858e0cf,86db4bc640317d213a9b61111fdfa5508350fae86c13a9869997361839d4fc0c,0.5569356394749063,0.7248814402383941,0.0014148242385908418,0.19784773083591312,2.3154106170625615,0.34741866816820194,"{""fixation_baked_in"":false,""palette_values"":{""black"":24,""gray"":133,""white"":232},""render"":{""background_color"":""black"",""content_face_accent_side"":"""",""figure_color"":""white"",""figure_region"":""face"",""fixation_baked_in"":false,""shade_color"":"""",""shadow_dx"":0.0,""shadow_dy"":0.0,""shadow_max_radius"":0.065,""shadow_min_abs_component"":0.02,""shadow_pair_mirrored"":false,""shadow_seed"":11692808981773028193,""third_color"":""gray""}}"
wm-bysa-klam__ca-of-sn-ma-pwg,wm-bysa-klam,wm-bysa-klam,C00669A03066F139199AD755A4602B6BE1958669111B1CCAC726FDA7731591C8,CC-BY-SA-3.0,content-ambiguous__outline-face__shading-none__material-ambiguous__polarity-outer-white_center-gray,ca-of-sn-ma-pwg,ambiguous,face,none,ambiguous,outer-white_center-gray,face,False,outline,,face,white,gray,black,,,0.0,0.0,False,15866530416884161981,78108,v1,png/wm-bysa-klam__ca-of-sn-ma-pwg.png,svg/wm-bysa-klam__ca-of-sn-ma-pwg.svg,0d8fbb7efef161e0c62170689b41b058994624e254e38bddaa38983bbb8a6bc7,043224f3ba155591a0304ede22147752d39c120b38e6151093929d7a1b0ae1af,0.7418511558981504,0.25901510975052205,0.0006734094083625629,0.19784773083591312,2.3154106170625615,0.34741866816820194,"{""fixation_baked_in"":false,""palette_values"":{""black"":24,""gray"":133,""white"":232},""render"":{""background_color"":""gray"",""content_face_accent_side"":"""",""figure_color"":""white"",""figure_region"":""face"",""fixation_baked_in"":false,""shade_color"":"""",""shadow_dx"":0.0,""shadow_dy"":0.0,""shadow_max_radius"":0.065,""shadow_min_abs_component"":0.02,""shadow_pair_mirrored"":false,""shadow_seed"":15866530416884161981,""third_color"":""black""}}"
wm-bysa-klam__ca-of-sn-mv-pbg,wm-bysa-klam,wm-bysa-klam,C00669A03066F139199AD755A4602B6BE1958669111B1CCAC726FDA7731591C8,CC-BY-SA-3.0,content-ambiguous__outline-face__shading-none__material-vase__polarity-outer-black_center-gray,ca-of-sn-mv-pbg,ambiguous,face,none,vase,outer-black_center-gray,conflict,True,outline,material,face,black,gray,white,,,0.0,0.0,False,6053150471005223324,78108,v1,png/wm-bysa-klam__ca-of-sn-mv-pbg.png,svg/wm-bysa-klam__ca-of-sn-mv-pbg.svg,e4bd135587e35dd247725328f6de06a427ae32692d2e65ed0df2f9aad1cd602e,31b0b11d6eda42c7cc68d1c50f9d238760a147a993ff2c7a9021ca63163b8bd5,0.28938828636618225,0.8203250254954468,0.002466591016905296,0.19784773083591312,2.3154106170625615,0.34741866816820194,"{""fixation_baked_in"":false,""palette_values"":{""black"":24,""gray"":133,""white"":232},""render"":{""background_color"":""gray"",""content_face_accent_side"":"""",""figure_color"":""black"",""figure_region"":""face"",""fixation_baked_in"":false,""shade_color"":"""",""shadow_dx"":0.0,""shadow_dy"":0.0,""shadow_max_radius"":0.065,""shadow_min_abs_component"":0.02,""shadow_pair_mirrored"":false,""shadow_seed"":6053150471005223324,""third_color"":""white""}}"
wm-bysa-klam__ca-of-sn-mv-pbw,wm-bysa-klam,wm-bysa-klam,C00669A03066F139199AD755A4602B6BE1958669111B1CCAC726FDA7731591C8,CC-BY-SA-3.0,content-ambiguous__outline-face__shading-none__material-vase__polarity-outer-black_center-white,ca-of-sn-mv-pbw,ambiguous,face,none,vase,outer-black_center-white,conflict,True,outline,material,face,black,white,gray,,,0.0,0.0,False,16940798544481613813,78108,v1,png/wm-bysa-klam__ca-of-sn-mv-pbw.png,svg/wm-bysa-klam__ca-of-sn-mv-pbw.svg,80d267840b889582cd418a39bae21f6e961d02be706d28e9c18327253963a386,a30f3a9e85c0ea5cf7076eade82ff59a51d895c798f53d9e6943b65d6ff5e55a,0.4197050655589385,0.9021107003410326,0.002571242099601326,0.19784773083591312,2.3154106170625615,0.34741866816820194,"{""fixation_baked_in"":false,""palette_values"":{""black"":24,""gray"":133,""white"":232},""render"":{""background_color"":""white"",""content_face_accent_side"":"""",""figure_color"":""black"",""figure_region"":""face"",""fixation_baked_in"":false,""shade_color"":"""",""shadow_dx"":0.0,""shadow_dy"":0.0,""shadow_max_radius"":0.065,""shadow_min_abs_component"":0.02,""shadow_pair_mirrored"":false,""shadow_seed"":16940798544481613813,""third_color"":""gray""}}"
wm-bysa-klam__ca-of-sn-mv-pgb,wm-bysa-klam,wm-bysa-klam,C00669A03066F139199AD755A4602B6BE1958669111B1CCAC726FDA7731591C8,CC-BY-SA-3.0,content-ambiguous__outline-face__shading-none__material-vase__polarity-outer-gray_center-black,ca-of-sn-mv-pgb,ambiguous,face,none,vase,outer-gray_center-black,conflict,True,outline,material,face,gray,black,white,,,0.0,0.0,False,3877273424059902326,78108,v1,png/wm-bysa-klam__ca-of-sn-mv-pgb.png,svg/wm-bysa-klam__ca-of-sn-mv-pgb.svg,98c74f531c401f6b39ba8583fb115ded237845fab2e5bd90bdb8bc8a1bb941b1,7c7c6815f7668adf2f1f57ea4ee3f72d07db61afb76588860d6d0e54c6a76a18,0.36313202053892846,0.522171847892531,0.0019101901666091657,0.19784773083591312,2.3154106170625615,0.34741866816820194,"{""fixation_baked_in"":false,""palette_values"":{""black"":24,""gray"":133,""white"":232},""render"":{""background_color"":""black"",""content_face_accent_side"":"""",""figure_color"":""gray"",""figure_region"":""face"",""fixation_baked_in"":false,""shade_color"":"""",""shadow_dx"":0.0,""shadow_dy"":0.0,""shadow_max_radius"":0.065,""shadow_min_abs_component"":0.02,""shadow_pair_mirrored"":false,""shadow_seed"":3877273424059902326,""third_color"":""white""}}"
wm-bysa-klam__ca-of-sn-mv-pgw,wm-bysa-klam,wm-bysa-klam,C00669A03066F139199AD755A4602B6BE1958669111B1CCAC726FDA7731591C8,CC-BY-SA-3.0,content-ambiguous__outline-face__shading-none__material-vase__polarity-outer-gray_center-white,ca-of-sn-mv-pgw,ambiguous,face,none,vase,outer-gray_center-white,conflict,True,outline,material,face,gray,white,black,,,0.0,0.0,False,947658148720222776,78108,v1,png/wm-bysa-klam__ca-of-sn-mv-pgw.png,svg/wm-bysa-klam__ca-of-sn-mv-pgw.svg,61650dc8077788044c6595d6efc1d4af08d958caae524c2201c5b2c20c380b0c,0f0eb6214244a322f2d8ec1d0d665289332b34318b86f52f82f71b6fe59aca37,0.6619548760208429,0.2645731270680485,0.0018597158132558985,0.19784773083591312,2.3154106170625615,0.34741866816820194,"{""fixation_baked_in"":false,""palette_values"":{""black"":24,""gray"":133,""white"":232},""render"":{""background_color"":""white"",""content_face_accent_side"":"""",""figure_color"":""gray"",""figure_region"":""face"",""fixation_baked_in"":false,""shade_color"":"""",""shadow_dx"":0.0,""shadow_dy"":0.0,""shadow_max_radius"":0.065,""shadow_min_abs_component"":0.02,""shadow_pair_mirrored"":false,""shadow_seed"":947658148720222776,""third_color"":""black""}}"
wm-bysa-klam__ca-of-sn-mv-pwb,wm-bysa-klam,wm-bysa-klam,C00669A03066F139199AD755A4602B6BE1958669111B1CCAC726FDA7731591C8,CC-BY-SA-3.0,content-ambiguous__outline-face__shading-none__material-vase__polarity-outer-white_center-black,ca-of-sn-mv-pwb,ambiguous,face,none,vase,outer-white_center-black,conflict,True,outline,material,face,white,black,gray,,,0.0,0.0,False,7831201704071030478,78108,v1,png/wm-bysa-klam__ca-of-sn-mv-pwb.png,svg/wm-bysa-klam__ca-of-sn-mv-pwb.svg,aafe5fc498b6fb1f5b08828b6a3e71be26fdb62cb328d1e3d8a56403766ff919,ed659ef4571b0788094a4be67feee65cf9b0b572665fdacc87ed5d1349b5e66e,0.5831550074558634,0.647286465128474,0.002577505067276177,0.19784773083591312,2.3154106170625615,0.34741866816820194,"{""fixation_baked_in"":false,""palette_values"":{""black"":24,""gray"":133,""white"":232},""render"":{""background_color"":""black"",""content_face_accent_side"":"""",""figure_color"":""white"",""figure_region"":""face"",""fixation_baked_in"":false,""shade_color"":"""",""shadow_dx"":0.0,""shadow_dy"":0.0,""shadow_max_radius"":0.065,""shadow_min_abs_component"":0.02,""shadow_pair_mirrored"":false,""shadow_seed"":7831201704071030478,""third_color"":""gray""}}"
wm-bysa-klam__ca-of-sn-mv-pwg,wm-bysa-klam,wm-bysa-klam,C00669A03066F139199AD755A4602B6BE1958669111B1CCAC726FDA7731591C8,CC-BY-SA-3.0,content-ambiguous__outline-face__shading-none__material-vase__polarity-outer-white_center-gray,ca-of-sn-mv-pwg,ambiguous,face,none,vase,outer-white_center-gray,conflict,True,outline,material,face,white,gray,black,,,0.0,0.0,False,244322031222438428,78108,v1,png/wm-bysa-klam__ca-of-sn-mv-pwg.png,svg/wm-bysa-klam__ca-of-sn-mv-pwg.svg,2c59e6dcd272eed47686d737173ceb5eeef87e411cdd4daa7a90c058d40b5d3a,da1ce9761e1b86f1892f6736c0b2ff0b551cdac8094b4a777167668127883624,0.751662665722417,0.2633830343318179,0.0024880977409292163,0.19784773083591312,2.3154106170625615,0.34741866816820194,"{""fixation_baked_in"":false,""palette_values"":{""black"":24,""gray"":133,""white"":232},""render"":{""background_color"":""gray"",""content_face_accent_side"":"""",""figure_color"":""white"",""figure_region"":""face"",""fixation_baked_in"":false,""shade_color"":"""",""shadow_dx"":0.0,""shadow_dy"":0.0,""shadow_max_radius"":0.065,""shadow_min_abs_component"":0.02,""shadow_pair_mirrored"":false,""shadow_seed"":244322031222438428,""third_color"":""black""}}"
wm-bysa-klam__ca-of-sf-ma-pbg,wm-bysa-klam,wm-bysa-klam,C00669A03066F139199AD755A4602B6BE1958669111B1CCAC726FDA7731591C8,CC-BY-SA-3.0,content-ambiguous__outline-face__shading-figure__material-ambiguous__polarity-outer-black_center-gray,ca-of-sf-ma-pbg,ambiguous,face,figure,ambiguous,outer-black_center-gray,face,False,outline|shading,,face,black,gray,white,white,,0.02602159810427235,-0.02206335605047606,True,6188033654606354178,78108,v1,png/wm-bysa-klam__ca-of-sf-ma-pbg.png,svg/wm-bysa-klam__ca-of-sf-ma-pbg.svg,4e2cb2a5ccfa6bf16d4ee8b0621772e1d7545f15aa7461a567b889ec2e0a3c26,5017cbad6562c5cf5da75ac4ad74c8f1bf2bb0b283b9a8c2c15f3023e13d8e3b,0.29855340321858725,0.8286294444743848,0.0017581531635136947,0.19784773083591312,2.3154106170625615,0.34741866816820194,"{""fixation_baked_in"":false,""palette_values"":{""black"":24,""gray"":133,""white"":232},""render"":{""background_color"":""gray"",""content_face_accent_side"":"""",""figure_color"":""black"",""figure_region"":""face"",""fixation_baked_in"":false,""shade_color"":""white"",""shadow_dx"":0.02602159810427235,""shadow_dy"":-0.02206335605047606,""shadow_max_radius"":0.065,""shadow_min_abs_component"":0.02,""shadow_pair_mirrored"":true,""shadow_seed"":6188033654606354178,""third_color"":""white""}}"
wm-bysa-klam__ca-of-sf-ma-pbw,wm-bysa-klam,wm-bysa-klam,C00669A03066F139199AD755A4602B6BE1958669111B1CCAC726FDA7731591C8,CC-BY-SA-3.0,content-ambiguous__outline-face__shading-figure__material-ambiguous__polarity-outer-black_center-white,ca-of-sf-ma-pbw,ambiguous,face,figure,ambiguous,outer-black_center-white,face,False,outline|shading,,face,black,white,gray,gray,,0.03759905826939509,0.041475356859813683,True,6153369511731783535,78108,v1,png/wm-bysa-klam__ca-of-sf-ma-pbw.png,svg/wm-bysa-klam__ca-of-sf-ma-pbw.svg,b7af503dc887df36b901b75dc3733bfec7c39afd032de03f1f4ec7dabc66503e,ccacb63c09b41db8753694c6bf26d64c9f70067b4bbbf508303268c08aa485ab,0.4174491957122205,0.9164035629470302,0.0014525517868437697,0.19784773083591312,2.3154106170625615,0.34741866816820194,"{""fixation_baked_in"":false,""palette_values"":{""black"":24,""gray"":133,""white"":232},""render"":{""background_color"":""white"",""content_face_accent_side"":"""",""figure_color"":""black"",""figure_region"":""face"",""fixation_baked_in"":false,""shade_color"":""gray"",""shadow_dx"":0.03759905826939509,""shadow_dy"":0.041475356859813683,""shadow_max_radius"":0.065,""shadow_min_abs_component"":0.02,""shadow_pair_mirrored"":true,""shadow_seed"":6153369511731783535,""third_color"":""gray""}}"
wm-bysa-klam__ca-of-sf-ma-pgb,wm-bysa-klam,wm-bysa-klam,C00669A03066F139199AD755A4602B6BE1958669111B1CCAC726FDA7731591C8,CC-BY-SA-3.0,content-ambiguous__outline-face__shading-figure__material-ambiguous__polarity-outer-gray_center-black,ca-of-sf-ma-pgb,ambiguous,face,figure,ambiguous,outer-gray_center-black,face,False,outline|shading,,face,gray,black,white,white,,0.02197561530170002,-0.03383454238806987,True,6378130261046131385,78108,v1,png/wm-bysa-klam__ca-of-sf-ma-pgb.png,svg/wm-bysa-klam__ca-of-sf-ma-pgb.svg,37c5a8c22fafc0022aea8d1f482d76910cf1fc6769978106f519b35a5208da77,fbaae9cf58bc27934997f180a5a4d4f95831251ea79c53d33bc9f89e02b7fabe,0.3810715993245443,0.6279077698633242,0.001696639066183658,0.19784773083591312,2.3154106170625615,0.34741866816820194,"{""fixation_baked_in"":false,""palette_values"":{""black"":24,""gray"":133,""white"":232},""render"":{""background_color"":""black"",""content_face_accent_side"":"""",""figure_color"":""gray"",""figure_region"":""face"",""fixation_baked_in"":false,""shade_color"":""white"",""shadow_dx"":0.02197561530170002,""shadow_dy"":-0.03383454238806987,""shadow_max_radius"":0.065,""shadow_min_abs_component"":0.02,""shadow_pair_mirrored"":true,""shadow_seed"":6378130261046131385,""third_color"":""white""}}"
wm-bysa-klam__ca-of-sf-ma-pgw,wm-bysa-klam,wm-bysa-klam,C00669A03066F139199AD755A4602B6BE1958669111B1CCAC726FDA7731591C8,CC-BY-SA-3.0,content-ambiguous__outline-face__shading-figure__material-ambiguous__polarity-outer-gray_center-white,ca-of-sf-ma-pgw,ambiguous,face,figure,ambiguous,outer-gray_center-white,face,False,outline|shading,,face,gray,white,black,black,,0.04919509890772423,0.030090339935624735,True,12851888985456737164,78108,v1,png/wm-bysa-klam__ca-of-sf-ma-pgw.png,svg/wm-bysa-klam__ca-of-sf-ma-pgw.svg,3dfef05c807a5f7053b5f0e1f324ab0133d6094f64bbbbb3bfcdda908d1f6b88,31736337ac49e37dec5c5c917bd5c9c2a598a21b02aa2fe2b15828d798319c9f,0.6225173613604378,0.38476538450752845,0.0018131347572020013,0.19784773083591312,2.3154106170625615,0.34741866816820194,"{""fixation_baked_in"":false,""palette_values"":{""black"":24,""gray"":133,""white"":232},""render"":{""background_color"":""white"",""content_face_accent_side"":"""",""figure_color"":""gray"",""figure_region"":""face"",""fixation_baked_in"":false,""shade_color"":""black"",""shadow_dx"":0.04919509890772423,""shadow_dy"":0.030090339935624735,""shadow_max_radius"":0.065,""shadow_min_abs_component"":0.02,""shadow_pair_mirrored"":true,""shadow_seed"":12851888985456737164,""third_color"":""black""}}"
wm-bysa-klam__ca-of-sf-ma-pwb,wm-bysa-klam,wm-bysa-klam,C00669A03066F139199AD755A4602B6BE1958669111B1CCAC726FDA7731591C8,CC-BY-SA-3.0,content-ambiguous__outline-face__shading-figure__material-ambiguous__polarity-outer-white_center-black,ca-of-sf-ma-pwb,ambiguous,face,figure,ambiguous,outer-white_center-black,face,False,outline|shading,,face,white,black,gray,gray,,0.024906672292646894,-0.024533207726448708,True,11342356307841942002,78108,v1,png/wm-bysa-klam__ca-of-sf-ma-pwb.png,svg/wm-bysa-klam__ca-of-sf-ma-pwb.svg,d824c2e69d77972a53964fa297a5a08e739a562968e202c40a664b37f442aa9e,f83057b2761fee890b5dc0a90c9fe343125563418475238cf14737282ff1cecb,0.5785810844570984,0.673480677007355,0.0014560557544132024,0.19784773083591312,2.3154106170625615,0.34741866816820194,"{""fixation_baked_in"":false,""palette_values"":{""black"":24,""gray"":133,""white"":232},""render"":{""background_color"":""black"",""content_face_accent_side"":"""",""figure_color"":""white"",""figure_region"":""face"",""fixation_baked_in"":false,""shade_color"":""gray"",""shadow_dx"":0.024906672292646894,""shadow_dy"":-0.024533207726448708,""shadow_max_radius"":0.065,""shadow_min_abs_component"":0.02,""shadow_pair_mirrored"":true,""shadow_seed"":11342356307841942002,""third_color"":""gray""}}"
wm-bysa-klam__ca-of-sf-ma-pwg,wm-bysa-klam,wm-bysa-klam,C00669A03066F139199AD755A4602B6BE1958669111B1CCAC726FDA7731591C8,CC-BY-SA-3.0,content-ambiguous__outline-face__shading-figure__material-ambiguous__polarity-outer-white_center-gray,ca-of-sf-ma-pwg,ambiguous,face,figure,ambiguous,outer-white_center-gray,face,False,outline|shading,,face,white,gray,black,black,,-0.03299124647572222,0.039010449296743,True,7182422056878345422,78108,v1,png/wm-bysa-klam__ca-of-sf-ma-pwg.png,svg/wm-bysa-klam__ca-of-sf-ma-pwg.svg,6c4803769aebf3b00114af08f5df91340be55fa2678ed51da75a3fefb6612d0e,a9f8eab38f070253f4d35361f0f5dd5c9e1524f4da38b5fabfce16cbd97d0310,0.7315751805024989,0.2919898923975206,0.0010753474318613075,0.19784773083591312,2.3154106170625615,0.34741866816820194,"{""fixation_baked_in"":false,""palette_values"":{""black"":24,""gray"":133,""white"":232},""render"":{""background_color"":""gray"",""content_face_accent_side"":"""",""figure_color"":""white"",""figure_region"":""face"",""fixation_baked_in"":false,""shade_color"":""black"",""shadow_dx"":-0.03299124647572222,""shadow_dy"":0.039010449296743,""shadow_max_radius"":0.065,""shadow_min_abs_component"":0.02,""shadow_pair_mirrored"":true,""shadow_seed"":7182422056878345422,""third_color"":""black""}}"
wm-bysa-klam__cv-oa-sn-ma-pbg,wm-bysa-klam,wm-bysa-klam,C00669A03066F139199AD755A4602B6BE1958669111B1CCAC726FDA7731591C8,CC-BY-SA-3.0,content-vase__outline-ambiguous__shading-none__material-ambiguous__polarity-outer-black_center-gray,cv-oa-sn-ma-pbg,vase,ambiguous,none,ambiguous,outer-black_center-gray,vase,False,,content,vase,gray,black,white,,,0.0,0.0,False,2640507688260677218,78108,v1,png/wm-bysa-klam__cv-oa-sn-ma-pbg.png,svg/wm-bysa-klam__cv-oa-sn-ma-pbg.svg,7302b2d82d4808000bf57ab35434845a5ef83073ab858e6464b51fb82d4b1bc3,18a05f38c07b1332568025fd4987f607a4c27c424cd9a6506b77a65dd198d421,0.35097192128499355,0.9392783977431632,0.010257056451612904,0.19784773083591312,2.3154106170625615,0.34741866816820194,"{""fixation_baked_in"":false,""palette_values"":{""black"":24,""gray"":133,""white"":232},""render"":{""background_color"":""black"",""content_face_accent_side"":"""",""figure_color"":""gray"",""figure_region"":""vase"",""fixation_baked_in"":false,""shade_color"":"""",""shadow_dx"":0.0,""shadow_dy"":0.0,""shadow_max_radius"":0.065,""shadow_min_abs_component"":0.02,""shadow_pair_mirrored"":false,""shadow_seed"":2640507688260677218,""third_color"":""white""}}"
wm-bysa-klam__cv-oa-sn-ma-pbw,wm-bysa-klam,wm-bysa-klam,C00669A03066F139199AD755A4602B6BE1958669111B1CCAC726FDA7731591C8,CC-BY-SA-3.0,content-vase__outline-ambiguous__shading-none__material-ambiguous__polarity-outer-black_center-white,cv-oa-sn-ma-pbw,vase,ambiguous,none,ambiguous,outer-black_center-white,vase,False,,content,vase,white,black,gray,,,0.0,0.0,False,3159170684066319489,78108,v1,png/wm-bysa-klam__cv-oa-sn-ma-pbw.png,svg/wm-bysa-klam__cv-oa-sn-ma-pbw.svg,293491b3ce06e7c4634ce2b9112ce093b79dab93606ee390c09e31f9fa3468ef,2a58b9c0ecc6ab175ee1db9859d8a9f0223c3aa348f9019a34958d304eb83f2b,0.3455500845815622,0.9418032799136363,0.00639179837990915,0.19784773083591312,2.3154106170625615,0.34741866816820194,"{""fixation_baked_in"":false,""palette_values"":{""black"":24,""gray"":133,""white"":232},""render"":{""background_color"":""black"",""content_face_accent_side"":"""",""figure_color"":""white"",""figure_region"":""vase"",""fixation_baked_in"":false,""shade_color"":"""",""shadow_dx"":0.0,""shadow_dy"":0.0,""shadow_max_radius"":0.065,""shadow_min_abs_component"":0.02,""shadow_pair_mirrored"":false,""shadow_seed"":3159170684066319489,""third_color"":""gray""}}"
wm-bysa-klam__cv-oa-sn-ma-pgb,wm-bysa-klam,wm-bysa-klam,C00669A03066F139199AD755A4602B6BE1958669111B1CCAC726FDA7731591C8,CC-BY-SA-3.0,content-vase__outline-ambiguous__shading-none__material-ambiguous__polarity-outer-gray_center-black,cv-oa-sn-ma-pgb,vase,ambiguous,none,ambiguous,outer-gray_center-black,vase,False,,content,vase,black,gray,white,,,0.0,0.0,False,8458889713811845078,78108,v1,png/wm-bysa-klam__cv-oa-sn-ma-pgb.png,svg/wm-bysa-klam__cv-oa-sn-ma-pgb.svg,e45559f668bf60d8361003baa28ad8067c48e570fbaefb4e4131a5e6e282b1d5,30fde6a66c5be88217583473a90a07700fb655bb3af1d389d7a05c3952c96de6,0.5192489063038547,0.4997678213688557,0.005557056721148869,0.19784773083591312,2.3154106170625615,0.34741866816820194,"{""fixation_baked_in"":false,""palette_values"":{""black"":24,""gray"":133,""white"":232},""render"":{""background_color"":""gray"",""content_face_accent_side"":"""",""figure_color"":""black"",""figure_region"":""vase"",""fixation_baked_in"":false,""shade_color"":"""",""shadow_dx"":0.0,""shadow_dy"":0.0,""shadow_max_radius"":0.065,""shadow_min_abs_component"":0.02,""shadow_pair_mirrored"":false,""shadow_seed"":8458889713811845078,""third_color"":""white""}}"
wm-bysa-klam__cv-oa-sn-ma-pgw,wm-bysa-klam,wm-bysa-klam,C00669A03066F139199AD755A4602B6BE1958669111B1CCAC726FDA7731591C8,CC-BY-SA-3.0,content-vase__outline-ambiguous__shading-none__material-ambiguous__polarity-outer-gray_center-white,cv-oa-sn-ma-pgw,vase,ambiguous,none,ambiguous,outer-gray_center-white,vase,False,,content,vase,white,gray,black,,,0.0,0.0,False,9078040677018873555,78108,v1,png/wm-bysa-klam__cv-oa-sn-ma-pgw.png,svg/wm-bysa-klam__cv-oa-sn-ma-pgw.svg,687eca53f54bb1d2ca7c97c186e7704aad2f26d61eaa18ea3f730c93365c7f0b,b627898523261e5e748ee2dcaa3f402477f03d8f7ed03b67f548f5b780c26d3b,0.507808027080461,0.5117892736992803,0.005951170714497923,0.19784773083591312,2.3154106170625615,0.34741866816820194,"{""fixation_baked_in"":false,""palette_values"":{""black"":24,""gray"":133,""white"":232},""render"":{""background_color"":""gray"",""content_face_accent_side"":"""",""figure_color"":""white"",""figure_region"":""vase"",""fixation_baked_in"":false,""shade_color"":"""",""shadow_dx"":0.0,""shadow_dy"":0.0,""shadow_max_radius"":0.065,""shadow_min_abs_component"":0.02,""shadow_pair_mirrored"":false,""shadow_seed"":9078040677018873555,""third_color"":""black""}}"
wm-bysa-klam__cv-oa-sn-ma-pwb,wm-bysa-klam,wm-bysa-klam,C00669A03066F139199AD755A4602B6BE1958669111B1CCAC726FDA7731591C8,CC-BY-SA-3.0,content-vase__outline-ambiguous__shading-none__material-ambiguous__polarity-outer-white_center-black,cv-oa-sn-ma-pwb,vase,ambiguous,none,ambiguous,outer-white_center-black,vase,False,,content,vase,black,white,gray,,,0.0,0.0,False,17190955403449398596,78108,v1,png/wm-bysa-klam__cv-oa-sn-ma-pwb.png,svg/wm-bysa-klam__cv-oa-sn-ma-pwb.svg,60b07cad60459c9e431216bfe41150b186fcb0e33cb09cdcfa181f08dd6c553f,f7ddb9fba2fca9ad408ac7e234ef257ae1b558b57544da97d8c1e8d1cd6202a2,0.6666638617422068,0.48220546896961686,0.005953083671151745,0.19784773083591312,2.3154106170625615,0.34741866816820194,"{""fixation_baked_in"":false,""palette_values"":{""black"":24,""gray"":133,""white"":232},""render"":{""background_color"":""white"",""content_face_accent_side"":"""",""figure_color"":""black"",""figure_region"":""vase"",""fixation_baked_in"":false,""shade_color"":"""",""shadow_dx"":0.0,""shadow_dy"":0.0,""shadow_max_radius"":0.065,""shadow_min_abs_component"":0.02,""shadow_pair_mirrored"":false,""shadow_seed"":17190955403449398596,""third_color"":""gray""}}"
wm-bysa-klam__cv-oa-sn-ma-pwg,wm-bysa-klam,wm-bysa-klam,C00669A03066F139199AD755A4602B6BE1958669111B1CCAC726FDA7731591C8,CC-BY-SA-3.0,content-vase__outline-ambiguous__shading-none__material-ambiguous__polarity-outer-white_center-gray,cv-oa-sn-ma-pwg,vase,ambiguous,none,ambiguous,outer-white_center-gray,vase,False,,content,vase,gray,white,black,,,0.0,0.0,False,6179224835651511068,78108,v1,png/wm-bysa-klam__cv-oa-sn-ma-pwg.png,svg/wm-bysa-klam__cv-oa-sn-ma-pwg.svg,3cc3c72de2dd391402765fb2049780ce06c1c0d8420163a9bef82e0b2b721ecb,36990baf32129167c081a9eba6084b1d45d21fa2550babf10015f205c69a6bbc,0.6606912650314033,0.49345477056101883,0.010219085572278767,0.19784773083591312,2.3154106170625615,0.34741866816820194,"{""fixation_baked_in"":false,""palette_values"":{""black"":24,""gray"":133,""white"":232},""render"":{""background_color"":""white"",""content_face_accent_side"":"""",""figure_color"":""gray"",""figure_region"":""vase"",""fixation_baked_in"":false,""shade_color"":"""",""shadow_dx"":0.0,""shadow_dy"":0.0,""shadow_max_radius"":0.065,""shadow_min_abs_component"":0.02,""shadow_pair_mirrored"":false,""shadow_seed"":6179224835651511068,""third_color"":""black""}}"
wm-bysa-klam__cv-oa-sn-mv-pbg,wm-bysa-klam,wm-bysa-klam,C00669A03066F139199AD755A4602B6BE1958669111B1CCAC726FDA7731591C8,CC-BY-SA-3.0,content-vase__outline-ambiguous__shading-none__material-vase__polarity-outer-black_center-gray,cv-oa-sn-mv-pbg,vase,ambiguous,none,vase,outer-black_center-gray,vase,False,,content|material,vase,gray,black,white,,,0.0,0.0,False,5760037735849833622,78108,v1,png/wm-bysa-klam__cv-oa-sn-mv-pbg.png,svg/wm-bysa-klam__cv-oa-sn-mv-pbg.svg,22c22c545be790d9ceadf8361a8bf94426823c9eeb569d8c72630699059e1371,6ba4936b1b785818869b7b372a7ed81cac515a8c930c44a080ec8bead017c847,0.3613661934347714,0.9534024541367675,0.011953317418731913,0.19784773083591312,2.3154106170625615,0.34741866816820194,"{""fixation_baked_in"":false,""palette_values"":{""black"":24,""gray"":133,""white"":232},""render"":{""background_color"":""black"",""content_face_accent_side"":"""",""figure_color"":""gray"",""figure_region"":""vase"",""fixation_baked_in"":false,""shade_color"":"""",""shadow_dx"":0.0,""shadow_dy"":0.0,""shadow_max_radius"":0.065,""shadow_min_abs_component"":0.02,""shadow_pair_mirrored"":false,""shadow_seed"":5760037735849833622,""third_color"":""white""}}"
wm-bysa-klam__cv-oa-sn-mv-pbw,wm-bysa-klam,wm-bysa-klam,C00669A03066F139199AD755A4602B6BE1958669111B1CCAC726FDA7731591C8,CC-BY-SA-3.0,content-vase__outline-ambiguous__shading-none__material-vase__polarity-outer-black_center-white,cv-oa-sn-mv-pbw,vase,ambiguous,none,vase,outer-black_center-white,vase,False,,content|material,vase,white,black,gray,,,0.0,0.0,False,3990412564605210020,78108,v1,png/wm-bysa-klam__cv-oa-sn-mv-pbw.png,svg/wm-bysa-klam__cv-oa-sn-mv-pbw.svg,1e8d29f17b566d965c94cd34490ff14d2e008805ac0905e8d3f5b14e67e365ca,d339c1ee91861ea2b937ec0919375ae43d61e3365fe647181debfc17f34dd226,0.31855361788880593,0.8925509638355049,0.007368589236769979,0.19784773083591312,2.3154106170625615,0.34741866816820194,"{""fixation_baked_in"":false,""palette_values"":{""black"":24,""gray"":133,""white"":232},""render"":{""background_color"":""black"",""content_face_accent_side"":"""",""figure_color"":""white"",""figure_region"":""vase"",""fixation_baked_in"":false,""shade_color"":"""",""shadow_dx"":0.0,""shadow_dy"":0.0,""shadow_max_radius"":0.065,""shadow_min_abs_component"":0.02,""shadow_pair_mirrored"":false,""shadow_seed"":3990412564605210020,""third_color"":""gray""}}"
wm-bysa-klam__cv-oa-sn-mv-pgb,wm-bysa-klam,wm-bysa-klam,C00669A03066F139199AD755A4602B6BE1958669111B1CCAC726FDA7731591C8,CC-BY-SA-3.0,content-vase__outline-ambiguous__shading-none__material-vase__polarity-outer-gray_center-black,cv-oa-sn-mv-pgb,vase,ambiguous,none,vase,outer-gray_center-black,vase,False,,content|material,vase,black,gray,white,,,0.0,0.0,False,1437636840465594824,78108,v1,png/wm-bysa-klam__cv-oa-sn-mv-pgb.png,svg/wm-bysa-klam__cv-oa-sn-mv-pgb.svg,d7555d8aa821cc7600f883e73d58be7e1ceb40adcaf2fc28ddf2544f3bb6c1b9,79638e3c19cd25bb5de7aebdea0eefdc120fc56b002f639399b83960428835e9,0.5454650878906251,0.4055941079916544,0.0064724308131121466,0.19784773083591312,2.3154106170625615,0.34741866816820194,"{""fixation_baked_in"":false,""palette_values"":{""black"":24,""gray"":133,""white"":232},""render"":{""background_color"":""gray"",""content_face_accent_side"":"""",""figure_color"":""black"",""figure_region"":""vase"",""fixation_baked_in"":false,""shade_color"":"""",""shadow_dx"":0.0,""shadow_dy"":0.0,""shadow_max_radius"":0.065,""shadow_min_abs_component"":0.02,""shadow_pair_mirrored"":false,""shadow_seed"":1437636840465594824,""third_color"":""white""}}"
wm-bysa-klam__cv-oa-sn-mv-pgw,wm-bysa-klam,wm-bysa-klam,C00669A03066F139199AD755A4602B6BE1958669111B1CCAC726FDA7731591C8,CC-BY-SA-3.0,content-vase__outline-ambiguous__shading-none__material-vase__polarity-outer-gray_center-white,cv-oa-sn-mv-pgw,vase,ambiguous,none,vase,outer-gray_center-white,vase,False,,content|material,vase,white,gray,black,,,0.0,0.0,False,6781764054160368462,78108,v1,png/wm-bysa-klam__cv-oa-sn-mv-pgw.png,svg/wm-bysa-klam__cv-oa-sn-mv-pgw.svg,02eb3537fc90d23d152a2e0be77bbc24a5f904552997dee676fca5aa9ee50073,a3281fa280584a2e73102a929f5fec3f1c4e377846f25583ff519234f673e2d6,0.48049418879490274,0.47155885681389176,0.006957528169503385,0.19784773083591312,2.3154106170625615,0.34741866816820194,"{""fixation_baked_in"":false,""palette_values"":{""black"":24,""gray"":133,""white"":232},""render"":{""background_color"":""gray"",""content_face_accent_side"":"""",""figure_color"":""white"",""figure_region"":""vase"",""fixation_baked_in"":false,""shade_color"":"""",""shadow_dx"":0.0,""shadow_dy"":0.0,""shadow_max_radius"":0.065,""shadow_min_abs_component"":0.02,""shadow_pair_mirrored"":false,""shadow_seed"":6781764054160368462,""third_color"":""black""}}"
wm-bysa-klam__cv-oa-sn-mv-pwb,wm-bysa-klam,wm-bysa-klam,C00669A03066F139199AD755A4602B6BE1958669111B1CCAC726FDA7731591C8,CC-BY-SA-3.0,content-vase__outline-ambiguous__shading-none__material-vase__polarity-outer-white_center-black,cv-oa-sn-mv-pwb,vase,ambiguous,none,vase,outer-white_center-black,vase,False,,content|material,vase,black,white,gray,,,0.0,0.0,False,7133613230807340499,78108,v1,png/wm-bysa-klam__cv-oa-sn-mv-pwb.png,svg/wm-bysa-klam__cv-oa-sn-mv-pwb.svg,ddd3fa5d2ddd2762997ec4c4c23460b8640e5de1f8e31004b33024109e64cecb,2fecdbec8d82837c7069e9aaf8d6a41bb84489b76807692095937f40a6abb094,0.6925915437586168,0.40120347052817174,0.006853068008117225,0.19784773083591312,2.3154106170625615,0.34741866816820194,"{""fixation_baked_in"":false,""palette_values"":{""black"":24,""gray"":133,""white"":232},""render"":{""background_color"":""white"",""content_face_accent_side"":"""",""figure_color"":""black"",""figure_region"":""vase"",""fixation_baked_in"":false,""shade_color"":"""",""shadow_dx"":0.0,""shadow_dy"":0.0,""shadow_max_radius"":0.065,""shadow_min_abs_component"":0.02,""shadow_pair_mirrored"":false,""shadow_seed"":7133613230807340499,""third_color"":""gray""}}"
wm-bysa-klam__cv-oa-sn-mv-pwg,wm-bysa-klam,wm-bysa-klam,C00669A03066F139199AD755A4602B6BE1958669111B1CCAC726FDA7731591C8,CC-BY-SA-3.0,content-vase__outline-ambiguous__shading-none__material-vase__polarity-outer-white_center-gray,cv-oa-sn-mv-pwg,vase,ambiguous,none,vase,outer-white_center-gray,vase,False,,content|material,vase,gray,white,black,,,0.0,0.0,False,922847166939444235,78108,v1,png/wm-bysa-klam__cv-oa-sn-mv-pwg.png,svg/wm-bysa-klam__cv-oa-sn-mv-pwg.svg,3a1a2961750c6b8954aa499c51451a037ea22fb384727bf012de77f06f64b14b,6d4354006ef156dce5349155d7486651d94572d117e3d63fa9b406af575d6dbf,0.6704785664876304,0.49492849050537535,0.011770324958551358,0.19784773083591312,2.3154106170625615,0.34741866816820194,"{""fixation_baked_in"":false,""palette_values"":{""black"":24,""gray"":133,""white"":232},""render"":{""background_color"":""white"",""content_face_accent_side"":"""",""figure_color"":""gray"",""figure_region"":""vase"",""fixation_baked_in"":false,""shade_color"":"""",""shadow_dx"":0.0,""shadow_dy"":0.0,""shadow_max_radius"":0.065,""shadow_min_abs_component"":0.02,""shadow_pair_mirrored"":false,""shadow_seed"":922847166939444235,""third_color"":""black""}}"
wm-bysa-klam__cv-oa-sf-ma-pbg,wm-bysa-klam,wm-bysa-klam,C00669A03066F139199AD755A4602B6BE1958669111B1CCAC726FDA7731591C8,CC-BY-SA-3.0,content-vase__outline-ambiguous__shading-figure__material-ambiguous__polarity-outer-black_center-gray,cv-oa-sf-ma-pbg,vase,ambiguous,figure,ambiguous,outer-black_center-gray,vase,False,,content|shading,vase,gray,black,white,white,,-0.04431057608538644,0.022754645628323203,False,5365057321881747511,78108,v1,png/wm-bysa-klam__cv-oa-sf-ma-pbg.png,svg/wm-bysa-klam__cv-oa-sf-ma-pbg.svg,7a780805ecb3d9ea919706d2ae970eb12e7ab6c8b11fa96fcfcf23b2fbafd2af,cbdabb3415fc859e638fa378658693e77ee3c843bae499991fa43daa90ccda75,0.36055612377091956,0.9255766229283213,0.01048772682949035,0.19784773083591312,2.3154106170625615,0.34741866816820194,"{""fixation_baked_in"":false,""palette_values"":{""black"":24,""gray"":133,""white"":232},""render"":{""background_color"":""black"",""content_face_accent_side"":"""",""figure_color"":""gray"",""figure_region"":""vase"",""fixation_baked_in"":false,""shade_color"":""white"",""shadow_dx"":-0.04431057608538644,""shadow_dy"":0.022754645628323203,""shadow_max_radius"":0.065,""shadow_min_abs_component"":0.02,""shadow_pair_mirrored"":false,""shadow_seed"":5365057321881747511,""third_color"":""white""}}"
wm-bysa-klam__cv-oa-sf-ma-pbw,wm-bysa-klam,wm-bysa-klam,C00669A03066F139199AD755A4602B6BE1958669111B1CCAC726FDA7731591C8,CC-BY-SA-3.0,content-vase__outline-ambiguous__shading-figure__material-ambiguous__polarity-outer-black_center-white,cv-oa-sf-ma-pbw,vase,ambiguous,figure,ambiguous,outer-black_center-white,vase,False,,content|shading,vase,white,black,gray,gray,,-0.026653932122653164,-0.035197189929108086,False,4949245018253402852,78108,v1,png/wm-bysa-klam__cv-oa-sf-ma-pbw.png,svg/wm-bysa-klam__cv-oa-sf-ma-pbw.svg,4833192f97644ce57247acc915588ec2f3d2bba7e66ee52cbbaaa444e4f28f51,2242ecb509d42824ad76b9b61b273bb1a8682bbd7f75beb5af975927f01f3aa4,0.3564752541336359,0.9091212932076363,0.006394677173777626,0.19784773083591312,2.3154106170625615,0.34741866816820194,"{""fixation_baked_in"":false,""palette_values"":{""black"":24,""gray"":133,""white"":232},""render"":{""background_color"":""black"",""content_face_accent_side"":"""",""figure_color"":""white"",""figure_region"":""vase"",""fixation_baked_in"":false,""shade_color"":""gray"",""shadow_dx"":-0.026653932122653164,""shadow_dy"":-0.035197189929108086,""shadow_max_radius"":0.065,""shadow_min_abs_component"":0.02,""shadow_pair_mirrored"":false,""shadow_seed"":4949245018253402852,""third_color"":""gray""}}"
wm-bysa-klam__cv-oa-sf-ma-pgb,wm-bysa-klam,wm-bysa-klam,C00669A03066F139199AD755A4602B6BE1958669111B1CCAC726FDA7731591C8,CC-BY-SA-3.0,content-vase__outline-ambiguous__shading-figure__material-ambiguous__polarity-outer-gray_center-black,cv-oa-sf-ma-pgb,vase,ambiguous,figure,ambiguous,outer-gray_center-black,vase,False,,content|shading,vase,black,gray,white,white,,0.03853893726704151,-0.0302821493643151,False,13639354879120827966,78108,v1,png/wm-bysa-klam__cv-oa-sf-ma-pgb.png,svg/wm-bysa-klam__cv-oa-sf-ma-pgb.svg,e5addb99ba98556f1be0e2d74a0b5a3a7b02db1fc8062462d61c345ce685c1cd,9da11545961824c88eece1c4972b5eadfdaa190acd8381b5733d04ea0145e7d2,0.5278060464298024,0.5031469909108248,0.005845190669742971,0.19784773083591312,2.3154106170625615,0.34741866816820194,"{""fixation_baked_in"":false,""palette_values"":{""black"":24,""gray"":133,""white"":232},""render"":{""background_color"":""gray"",""content_face_accent_side"":"""",""figure_color"":""black"",""figure_region"":""vase"",""fixation_baked_in"":false,""shade_color"":""white"",""shadow_dx"":0.03853893726704151,""shadow_dy"":-0.0302821493643151,""shadow_max_radius"":0.065,""shadow_min_abs_component"":0.02,""shadow_pair_mirrored"":false,""shadow_seed"":13639354879120827966,""third_color"":""white""}}"
wm-bysa-klam__cv-oa-sf-ma-pgw,wm-bysa-klam,wm-bysa-klam,C00669A03066F139199AD755A4602B6BE1958669111B1CCAC726FDA7731591C8,CC-BY-SA-3.0,content-vase__outline-ambiguous__shading-figure__material-ambiguous__polarity-outer-gray_center-white,cv-oa-sf-ma-pgw,vase,ambiguous,figure,ambiguous,outer-gray_center-white,vase,False,,content|shading,vase,white,gray,black,black,,-0.021041220602128523,-0.0305069767438268,False,11126188039909602625,78108,v1,png/wm-bysa-klam__cv-oa-sf-ma-pgw.png,svg/wm-bysa-klam__cv-oa-sf-ma-pgw.svg,7084bb90bd90faf4efd94c1a40c917fdbb9008db596a3a60d79560db2084d106,0bfae990c5038f86624c1a07d94efb97f05b2558b9cf8e6053010f91e9fbf735,0.4983183505488378,0.5351844750005823,0.006275920375481574,0.19784773083591312,2.3154106170625615,0.34741866816820194,"{""fixation_baked_in"":false,""palette_values"":{""black"":24,""gray"":133,""white"":232},""render"":{""background_color"":""gray"",""content_face_accent_side"":"""",""figure_color"":""white"",""figure_region"":""vase"",""fixation_baked_in"":false,""shade_color"":""black"",""shadow_dx"":-0.021041220602128523,""shadow_dy"":-0.0305069767438268,""shadow_max_radius"":0.065,""shadow_min_abs_component"":0.02,""shadow_pair_mirrored"":false,""shadow_seed"":11126188039909602625,""third_color"":""black""}}"
wm-bysa-klam__cv-oa-sf-ma-pwb,wm-bysa-klam,wm-bysa-klam,C00669A03066F139199AD755A4602B6BE1958669111B1CCAC726FDA7731591C8,CC-BY-SA-3.0,content-vase__outline-ambiguous__shading-figure__material-ambiguous__polarity-outer-white_center-black,cv-oa-sf-ma-pwb,vase,ambiguous,figure,ambiguous,outer-white_center-black,vase,False,,content|shading,vase,black,white,gray,gray,,0.023618475770533134,0.0378934836853984,False,16241544040774600398,78108,v1,png/wm-bysa-klam__cv-oa-sf-ma-pwb.png,svg/wm-bysa-klam__cv-oa-sf-ma-pwb.svg,f775b3106ed5706096d22ee952fe6d870df283dd6f58a6231fa0684cf8cf2414,59cce78dfda99fd3753311562ccd1896564b7045ba7640919d20e91301486d72,0.6592515085257736,0.4859305834341931,0.005975938075010063,0.19784773083591312,2.3154106170625615,0.34741866816820194,"{""fixation_baked_in"":false,""palette_values"":{""black"":24,""gray"":133,""white"":232},""render"":{""background_color"":""white"",""content_face_accent_side"":"""",""figure_color"":""black"",""figure_region"":""vase"",""fixation_baked_in"":false,""shade_color"":""gray"",""shadow_dx"":0.023618475770533134,""shadow_dy"":0.0378934836853984,""shadow_max_radius"":0.065,""shadow_min_abs_component"":0.02,""shadow_pair_mirrored"":false,""shadow_seed"":16241544040774600398,""third_color"":""gray""}}"
wm-bysa-klam__cv-oa-sf-ma-pwg,wm-bysa-klam,wm-bysa-klam,C00669A03066F139199AD755A4602B6BE1958669111B1CCAC726FDA7731591C8,CC-BY-SA-3.0,content-vase__outline-ambiguous__shading-figure__material-ambiguous__polarity-outer-white_center-gray,cv-oa-sf-ma-pwg,vase,ambiguous,figure,ambiguous,outer-white_center-gray,vase,False,,content|shading,vase,gray,white,black,black,,0.023727867300392367,0.05322546995207815,False,595188869893556013,78108,v1,png/wm-bysa-klam__cv-oa-sf-ma-pwg.png,svg/wm-bysa-klam__cv-oa-sf-ma-pwg.svg,5f48fc3a1202ad05df70aedb242f95f884df12c9f83cbc2c9aa0c77b688c11e0,2cdbbbd500b1c4761f49e3c3feca53058f6eabb3112a6c940ee4f1ed2d7bcf06,0.6403973336313287,0.5230788898725413,0.010553003199691414,0.19784773083591312,2.3154106170625615,0.34741866816820194,"{""fixation_baked_in"":false,""palette_values"":{""black"":24,""gray"":133,""white"":232},""render"":{""background_color"":""white"",""content_face_accent_side"":"""",""figure_color"":""gray"",""figure_region"":""vase"",""fixation_baked_in"":false,""shade_color"":""black"",""shadow_dx"":0.023727867300392367,""shadow_dy"":0.05322546995207815,""shadow_max_radius"":0.065,""shadow_min_abs_component"":0.02,""shadow_pair_mirrored"":false,""shadow_seed"":595188869893556013,""third_color"":""black""}}"
wm-bysa-klam__cv-of-sn-ma-pbg,wm-bysa-klam,wm-bysa-klam,C00669A03066F139199AD755A4602B6BE1958669111B1CCAC726FDA7731591C8,CC-BY-SA-3.0,content-vase__outline-face__shading-none__material-ambiguous__polarity-outer-black_center-gray,cv-of-sn-ma-pbg,vase,face,none,ambiguous,outer-black_center-gray,conflict,True,outline,content,face,black,gray,white,,,0.0,0.0,False,13107362643240319896,78108,v1,png/wm-bysa-klam__cv-of-sn-ma-pbg.png,svg/wm-bysa-klam__cv-of-sn-ma-pbg.svg,0a058a14cd4f1b5aefe854d9f6dbeb3382c659858362088461965e61ce850dc7,82c019590167a6ec8cf15ab9fdc478a220bd19c53f035474e85b22657fe53331,0.44423254798440376,0.6729086962876609,0.0096616215523355,0.19784773083591312,2.3154106170625615,0.34741866816820194,"{""fixation_baked_in"":false,""palette_values"":{""black"":24,""gray"":133,""white"":232},""render"":{""background_color"":""gray"",""content_face_accent_side"":"""",""figure_color"":""black"",""figure_region"":""face"",""fixation_baked_in"":false,""shade_color"":"""",""shadow_dx"":0.0,""shadow_dy"":0.0,""shadow_max_radius"":0.065,""shadow_min_abs_component"":0.02,""shadow_pair_mirrored"":false,""shadow_seed"":13107362643240319896,""third_color"":""white""}}"
wm-bysa-klam__cv-of-sn-ma-pbw,wm-bysa-klam,wm-bysa-klam,C00669A03066F139199AD755A4602B6BE1958669111B1CCAC726FDA7731591C8,CC-BY-SA-3.0,content-vase__outline-face__shading-none__material-ambiguous__polarity-outer-black_center-white,cv-of-sn-ma-pbw,vase,face,none,ambiguous,outer-black_center-white,conflict,True,outline,content,face,black,white,gray,,,0.0,0.0,False,10891496910772047095,78108,v1,png/wm-bysa-klam__cv-of-sn-ma-pbw.png,svg/wm-bysa-klam__cv-of-sn-ma-pbw.svg,36bc006202014eaa4d0ec7b18bc29a96e71b805ce66301bf862c9a583c64a597,ca8ca23f3f767f4237337b06a4297d07787f9eae88a37ec07b9c4cce639a0cf0,0.5332841835769954,0.6785390978942237,0.005925186698579727,0.19784773083591312,2.3154106170625615,0.34741866816820194,"{""fixation_baked_in"":false,""palette_values"":{""black"":24,""gray"":133,""white"":232},""render"":{""background_color"":""white"",""content_face_accent_side"":"""",""figure_color"":""black"",""figure_region"":""face"",""fixation_baked_in"":false,""shade_color"":"""",""shadow_dx"":0.0,""shadow_dy"":0.0,""shadow_max_radius"":0.065,""shadow_min_abs_component"":0.02,""shadow_pair_mirrored"":false,""shadow_seed"":10891496910772047095,""third_color"":""gray""}}"
wm-bysa-klam__cv-of-sn-ma-pgb,wm-bysa-klam,wm-bysa-klam,C00669A03066F139199AD755A4602B6BE1958669111B1CCAC726FDA7731591C8,CC-BY-SA-3.0,content-vase__outline-face__shading-none__material-ambiguous__polarity-outer-gray_center-black,cv-of-sn-ma-pgb,vase,face,none,ambiguous,outer-gray_center-black,conflict,True,outline,content,face,gray,black,white,,,0.0,0.0,False,12009977728769918160,78108,v1,png/wm-bysa-klam__cv-of-sn-ma-pgb.png,svg/wm-bysa-klam__cv-of-sn-ma-pgb.svg,6e22a4ff1c2339c03a34294d7bbd652e5bc6d6ed09569606cb47514fc1bc45ed,e9330a6a8c5becd8e9543524678ba1167a306b089cf51459c99f94bf9bd6172d,0.4155743131450579,0.7523218965141423,0.005179470523546663,0.19784773083591312,2.3154106170625615,0.34741866816820194,"{""fixation_baked_in"":false,""palette_values"":{""black"":24,""gray"":133,""white"":232},""render"":{""background_color"":""black"",""content_face_accent_side"":"""",""figure_color"":""gray"",""figure_region"":""face"",""fixation_baked_in"":false,""shade_color"":"""",""shadow_dx"":0.0,""shadow_dy"":0.0,""shadow_max_radius"":0.065,""shadow_min_abs_component"":0.02,""shadow_pair_mirrored"":false,""shadow_seed"":12009977728769918160,""third_color"":""white""}}"
wm-bysa-klam__cv-of-sn-ma-pgw,wm-bysa-klam,wm-bysa-klam,C00669A03066F139199AD755A4602B6BE1958669111B1CCAC726FDA7731591C8,CC-BY-SA-3.0,content-vase__outline-face__shading-none__material-ambiguous__polarity-outer-gray_center-white,cv-of-sn-ma-pgw,vase,face,none,ambiguous,outer-gray_center-white,conflict,True,outline,content,face,gray,white,black,,,0.0,0.0,False,6567511117411207695,78108,v1,png/wm-bysa-klam__cv-of-sn-ma-pgw.png,svg/wm-bysa-klam__cv-of-sn-ma-pgw.svg,4daa572a6670df6ef375d2723c800c8065746663ac76acaeb0306fa7029d12b7,1961cdad6ccc4dc22d969d9f4976c023fcb9cc91b5b645d384b03df361638565,0.6026198966830385,0.5115107784622022,0.005559954232792826,0.19784773083591312,2.3154106170625615,0.34741866816820194,"{""fixation_baked_in"":false,""palette_values"":{""black"":24,""gray"":133,""white"":232},""render"":{""background_color"":""white"",""content_face_accent_side"":"""",""figure_color"":""gray"",""figure_region"":""face"",""fixation_baked_in"":false,""shade_color"":"""",""shadow_dx"":0.0,""shadow_dy"":0.0,""shadow_max_radius"":0.065,""shadow_min_abs_component"":0.02,""shadow_pair_mirrored"":false,""shadow_seed"":6567511117411207695,""third_color"":""black""}}"
wm-bysa-klam__cv-of-sn-ma-pwb,wm-bysa-klam,wm-bysa-klam,C00669A03066F139199AD755A4602B6BE1958669111B1CCAC726FDA7731591C8,CC-BY-SA-3.0,content-vase__outline-face__shading-none__material-ambiguous__polarity-outer-white_center-black,cv-of-sn-ma-pwb,vase,face,none,ambiguous,outer-white_center-black,conflict,True,outline,content,face,white,black,gray,,,0.0,0.0,False,2883640999947512465,78108,v1,png/wm-bysa-klam__cv-of-sn-ma-pwb.png,svg/wm-bysa-klam__cv-of-sn-ma-pwb.svg,cd906d3aa749ec2e1686964023b8907e1433425a7334b8bc1ac08b83a126b802,96aaa34e2cc7d8912102dd81b9578572e6b3be9fb9bfb3aaff65423162f3a7c0,0.4785899405385935,0.7575888944001067,0.005507409693471719,0.19784773083591312,2.3154106170625615,0.34741866816820194,"{""fixation_baked_in"":false,""palette_values"":{""black"":24,""gray"":133,""white"":232},""render"":{""background_color"":""black"",""content_face_accent_side"":"""",""figure_color"":""white"",""figure_region"":""face"",""fixation_baked_in"":false,""shade_color"":"""",""shadow_dx"":0.0,""shadow_dy"":0.0,""shadow_max_radius"":0.065,""shadow_min_abs_component"":0.02,""shadow_pair_mirrored"":false,""shadow_seed"":2883640999947512465,""third_color"":""gray""}}"
wm-bysa-klam__cv-of-sn-ma-pwg,wm-bysa-klam,wm-bysa-klam,C00669A03066F139199AD755A4602B6BE1958669111B1CCAC726FDA7731591C8,CC-BY-SA-3.0,content-vase__outline-face__shading-none__material-ambiguous__polarity-outer-white_center-gray,cv-of-sn-ma-pwg,vase,face,none,ambiguous,outer-white_center-gray,conflict,True,outline,content,face,white,gray,black,,,0.0,0.0,False,4236941171627591111,78108,v1,png/wm-bysa-klam__cv-of-sn-ma-pwg.png,svg/wm-bysa-klam__cv-of-sn-ma-pwg.svg,dd810f9f93ba9158410b2691270d3324bc5d66f5f70d693f447d84b40df215fb,813a3fd589235fd1872ac3631cf210086475852bb38ed73058bba762184549a2,0.5766352373010972,0.5118799257237507,0.009630224355749145,0.19784773083591312,2.3154106170625615,0.34741866816820194,"{""fixation_baked_in"":false,""palette_values"":{""black"":24,""gray"":133,""white"":232},""render"":{""background_color"":""gray"",""content_face_accent_side"":"""",""figure_color"":""white"",""figure_region"":""face"",""fixation_baked_in"":false,""shade_color"":"""",""shadow_dx"":0.0,""shadow_dy"":0.0,""shadow_max_radius"":0.065,""shadow_min_abs_component"":0.02,""shadow_pair_mirrored"":false,""shadow_seed"":4236941171627591111,""third_color"":""black""}}"
wm-bysa-klam__cv-of-sn-mv-pbg,wm-bysa-klam,wm-bysa-klam,C00669A03066F139199AD755A4602B6BE1958669111B1CCAC726FDA7731591C8,CC-BY-SA-3.0,content-vase__outline-face__shading-none__material-vase__polarity-outer-black_center-gray,cv-of-sn-mv-pbg,vase,face,none,vase,outer-black_center-gray,conflict,True,outline,content|material,face,black,gray,white,,,0.0,0.0,False,5142055557882682009,78108,v1,png/wm-bysa-klam__cv-of-sn-mv-pbg.png,svg/wm-bysa-klam__cv-of-sn-mv-pbg.svg,22b70de47488c14dad705979e4762bef0edb50c2293bfc8e5cb74037873d4c12,097d80361914065aa843e781ceebda2a62bf8a55286c6aa2ef368ce7fce030fa,0.45452076033049943,0.6870276979492298,0.011408136003057139,0.19784773083591312,2.3154106170625615,0.34741866816820194,"{""fixation_baked_in"":false,""palette_values"":{""black"":24,""gray"":133,""white"":232},""render"":{""background_color"":""gray"",""content_face_accent_side"":"""",""figure_color"":""black"",""figure_region"":""face"",""fixation_baked_in"":false,""shade_color"":"""",""shadow_dx"":0.0,""shadow_dy"":0.0,""shadow_max_radius"":0.065,""shadow_min_abs_component"":0.02,""shadow_pair_mirrored"":false,""shadow_seed"":5142055557882682009,""third_color"":""white""}}"
wm-bysa-klam__cv-of-sn-mv-pbw,wm-bysa-klam,wm-bysa-klam,C00669A03066F139199AD755A4602B6BE1958669111B1CCAC726FDA7731591C8,CC-BY-SA-3.0,content-vase__outline-face__shading-none__material-vase__polarity-outer-black_center-white,cv-of-sn-mv-pbw,vase,face,none,vase,outer-black_center-white,conflict,True,outline,content|material,face,black,white,gray,,,0.0,0.0,False,1907058318721698075,78108,v1,png/wm-bysa-klam__cv-of-sn-mv-pbw.png,svg/wm-bysa-klam__cv-of-sn-mv-pbw.svg,dc2d84634595b5a260d5fa4a1a81b81cdc4aef1d6e7c42b6b091be11e28d4391,484e68ceed942f70fe2b7f88915b13cff12b3d6b5eb32db898e6f66f53adfb7b,0.5060743818096087,0.6730815054551694,0.0070527754417994,0.19784773083591312,2.3154106170625615,0.34741866816820194,"{""fixation_baked_in"":false,""palette_values"":{""black"":24,""gray"":133,""white"":232},""render"":{""background_color"":""white"",""content_face_accent_side"":"""",""figure_color"":""black"",""figure_region"":""face"",""fixation_baked_in"":false,""shade_color"":"""",""shadow_dx"":0.0,""shadow_dy"":0.0,""shadow_max_radius"":0.065,""shadow_min_abs_component"":0.02,""shadow_pair_mirrored"":false,""shadow_seed"":1907058318721698075,""third_color"":""gray""}}"
wm-bysa-klam__cv-of-sn-mv-pgb,wm-bysa-klam,wm-bysa-klam,C00669A03066F139199AD755A4602B6BE1958669111B1CCAC726FDA7731591C8,CC-BY-SA-3.0,content-vase__outline-face__shading-none__material-vase__polarity-outer-gray_center-black,cv-of-sn-mv-pgb,vase,face,none,vase,outer-gray_center-black,conflict,True,outline,content|material,face,gray,black,white,,,0.0,0.0,False,2052843979644234763,78108,v1,png/wm-bysa-klam__cv-of-sn-mv-pgb.png,svg/wm-bysa-klam__cv-of-sn-mv-pgb.svg,4cbb7997db5cebfd0a7caa0c9c69d2582936a9e9c7b7fc01e379a3df07e6415e,c921a4f3011ddf8b0cbb5d79ec753703ca0fa05889e0c1b5f5076b800e0c4d28,0.4419077742333506,0.65875681362939,0.006337082578632626,0.19784773083591312,2.3154106170625615,0.34741866816820194,"{""fixation_baked_in"":false,""palette_values"":{""black"":24,""gray"":133,""white"":232},""render"":{""background_color"":""black"",""content_face_accent_side"":"""",""figure_color"":""gray"",""figure_region"":""face"",""fixation_baked_in"":false,""shade_color"":"""",""shadow_dx"":0.0,""shadow_dy"":0.0,""shadow_max_radius"":0.065,""shadow_min_abs_component"":0.02,""shadow_pair_mirrored"":false,""shadow_seed"":2052843979644234763,""third_color"":""white""}}"
wm-bysa-klam__cv-of-sn-mv-pgw,wm-bysa-klam,wm-bysa-klam,C00669A03066F139199AD755A4602B6BE1958669111B1CCAC726FDA7731591C8,CC-BY-SA-3.0,content-vase__outline-face__shading-none__material-vase__polarity-outer-gray_center-white,cv-of-sn-mv-pgw,vase,face,none,vase,outer-gray_center-white,conflict,True,outline,content|material,face,gray,white,black,,,0.0,0.0,False,16413840419745093911,78108,v1,png/wm-bysa-klam__cv-of-sn-mv-pgw.png,svg/wm-bysa-klam__cv-of-sn-mv-pgw.svg,eceedbee5ff8cdd33b301710e151478183fd373f00249f62c64860a0a95f653d,ae96d8fc6b26a4a3344bfcde530fd2aa4e04edd5a78910765af29f5b90c08769,0.5751993628109203,0.503761249738655,0.0067135569403714585,0.19784773083591312,2.3154106170625615,0.34741866816820194,"{""fixation_baked_in"":false,""palette_values"":{""black"":24,""gray"":133,""white"":232},""render"":{""background_color"":""white"",""content_face_accent_side"":"""",""figure_color"":""gray"",""figure_region"":""face"",""fixation_baked_in"":false,""shade_color"":"""",""shadow_dx"":0.0,""shadow_dy"":0.0,""shadow_max_radius"":0.065,""shadow_min_abs_component"":0.02,""shadow_pair_mirrored"":false,""shadow_seed"":16413840419745093911,""third_color"":""black""}}"
wm-bysa-klam__cv-of-sn-mv-pwb,wm-bysa-klam,wm-bysa-klam,C00669A03066F139199AD755A4602B6BE1958669111B1CCAC726FDA7731591C8,CC-BY-SA-3.0,content-vase__outline-face__shading-none__material-vase__polarity-outer-white_center-black,cv-of-sn-mv-pwb,vase,face,none,vase,outer-white_center-black,conflict,True,outline,content|material,face,white,black,gray,,,0.0,0.0,False,14841932454788541443,78108,v1,png/wm-bysa-klam__cv-of-sn-mv-pwb.png,svg/wm-bysa-klam__cv-of-sn-mv-pwb.svg,e9352da4f828e191bddcd9ea47da6f00028685a3627f6dcc87b735ca171f723c,32a8d796d4adf0d44b4fd754a340168b73bb7045a6ef0113812a3088b0932988,0.5047312231624828,0.6721016235165524,0.006650391935244283,0.19784773083591312,2.3154106170625615,0.34741866816820194,"{""fixation_baked_in"":false,""palette_values"":{""black"":24,""gray"":133,""white"":232},""render"":{""background_color"":""black"",""content_face_accent_side"":"""",""figure_color"":""white"",""figure_region"":""face"",""fixation_baked_in"":false,""shade_color"":"""",""shadow_dx"":0.0,""shadow_dy"":0.0,""shadow_max_radius"":0.065,""shadow_min_abs_component"":0.02,""shadow_pair_mirrored"":false,""shadow_seed"":14841932454788541443,""third_color"":""gray""}}"
wm-bysa-klam__cv-of-sn-mv-pwg,wm-bysa-klam,wm-bysa-klam,C00669A03066F139199AD755A4602B6BE1958669111B1CCAC726FDA7731591C8,CC-BY-SA-3.0,content-vase__outline-face__shading-none__material-vase__polarity-outer-white_center-gray,cv-of-sn-mv-pwg,vase,face,none,vase,outer-white_center-gray,conflict,True,outline,content|material,face,white,gray,black,,,0.0,0.0,False,14159086042298022294,78108,v1,png/wm-bysa-klam__cv-of-sn-mv-pwg.png,svg/wm-bysa-klam__cv-of-sn-mv-pwg.svg,664d4995c479ad1fa2eb78da93555bf98fd142adfa7126cc5c52718628d52788,7d8546c0ae40c11da19188f24b509ac796bb9262a5eebcf000be8b72751c72e8,0.5865172554464901,0.518871805760828,0.011409195429149178,0.19784773083591312,2.3154106170625615,0.34741866816820194,"{""fixation_baked_in"":false,""palette_values"":{""black"":24,""gray"":133,""white"":232},""render"":{""background_color"":""gray"",""content_face_accent_side"":"""",""figure_color"":""white"",""figure_region"":""face"",""fixation_baked_in"":false,""shade_color"":"""",""shadow_dx"":0.0,""shadow_dy"":0.0,""shadow_max_radius"":0.065,""shadow_min_abs_component"":0.02,""shadow_pair_mirrored"":false,""shadow_seed"":14159086042298022294,""third_color"":""black""}}"
wm-bysa-klam__cv-of-sf-ma-pbg,wm-bysa-klam,wm-bysa-klam,C00669A03066F139199AD755A4602B6BE1958669111B1CCAC726FDA7731591C8,CC-BY-SA-3.0,content-vase__outline-face__shading-figure__material-ambiguous__polarity-outer-black_center-gray,cv-of-sf-ma-pbg,vase,face,figure,ambiguous,outer-black_center-gray,conflict,True,outline|shading,content,face,black,gray,white,white,,-0.026471818084193098,-0.021675297703701375,True,2521425382840182281,78108,v1,png/wm-bysa-klam__cv-of-sf-ma-pbg.png,svg/wm-bysa-klam__cv-of-sf-ma-pbg.svg,9fdc7dafaf930545350833fd3bda8f2b6605b09935588042892d9880df472c45,fe411bb49b9480e013c55c1e290d76b2cf0b1fd645daec30372c24622bbdec6c,0.448569720399146,0.674943976583009,0.009928709234182435,0.19784773083591312,2.3154106170625615,0.34741866816820194,"{""fixation_baked_in"":false,""palette_values"":{""black"":24,""gray"":133,""white"":232},""render"":{""background_color"":""gray"",""content_face_accent_side"":"""",""figure_color"":""black"",""figure_region"":""face"",""fixation_baked_in"":false,""shade_color"":""white"",""shadow_dx"":-0.026471818084193098,""shadow_dy"":-0.021675297703701375,""shadow_max_radius"":0.065,""shadow_min_abs_component"":0.02,""shadow_pair_mirrored"":true,""shadow_seed"":2521425382840182281,""third_color"":""white""}}"
wm-bysa-klam__cv-of-sf-ma-pbw,wm-bysa-klam,wm-bysa-klam,C00669A03066F139199AD755A4602B6BE1958669111B1CCAC726FDA7731591C8,CC-BY-SA-3.0,content-vase__outline-face__shading-figure__material-ambiguous__polarity-outer-black_center-white,cv-of-sf-ma-pbw,vase,face,figure,ambiguous,outer-black_center-white,conflict,True,outline|shading,content,face,black,white,gray,gray,,-0.04677025522179798,0.022614371676867442,True,11233003161136004877,78108,v1,png/wm-bysa-klam__cv-of-sf-ma-pbw.png,svg/wm-bysa-klam__cv-of-sf-ma-pbw.svg,4232d7022774eb616fbece7d15f8c344c7cc9716b84f1cc8e46affddff0be3e9,424f67c82c15d6afe2b89027bf4a1f7992bea5ab18c0a3cace988ce55065d7f4,0.5290425356696634,0.6799705699349348,0.0059421150547217935,0.19784773083591312,2.3154106170625615,0.34741866816820194,"{""fixation_baked_in"":false,""palette_values"":{""black"":24,""gray"":133,""white"":232},""render"":{""background_color"":""white"",""content_face_accent_side"":"""",""figure_color"":""black"",""figure_region"":""face"",""fixation_baked_in"":false,""shade_color"":""gray"",""shadow_dx"":-0.04677025522179798,""shadow_dy"":0.022614371676867442,""shadow_max_radius"":0.065,""shadow_min_abs_component"":0.02,""shadow_pair_mirrored"":true,""shadow_seed"":11233003161136004877,""third_color"":""gray""}}"
wm-bysa-klam__cv-of-sf-ma-pgb,wm-bysa-klam,wm-bysa-klam,C00669A03066F139199AD755A4602B6BE1958669111B1CCAC726FDA7731591C8,CC-BY-SA-3.0,content-vase__outline-face__shading-figure__material-ambiguous__polarity-outer-gray_center-black,cv-of-sf-ma-pgb,vase,face,figure,ambiguous,outer-gray_center-black,conflict,True,outline|shading,content,face,gray,black,white,white,,-0.04587405952000207,0.03537310381067451,True,1857022379759999655,78108,v1,png/wm-bysa-klam__cv-of-sf-ma-pgb.png,svg/wm-bysa-klam__cv-of-sf-ma-pgb.svg,5fb11c82361a976c412a1d5a3a79802714e8639edfdccbe0cde402c0c247349d,1c50149aae00b29540f534af22d10e9a908f4844ddbb5cd3108f8401b3d9a8e7,0.4309898413863837,0.7340291445687025,0.005437229266095491,0.19784773083591312,2.3154106170625615,0.34741866816820194,"{""fixation_baked_in"":false,""palette_values"":{""black"":24,""gray"":133,""white"":232},""render"":{""background_color"":""black"",""content_face_accent_side"":"""",""figure_color"":""gray"",""figure_region"":""face"",""fixation_baked_in"":false,""shade_color"":""white"",""shadow_dx"":-0.04587405952000207,""shadow_dy"":0.03537310381067451,""shadow_max_radius"":0.065,""shadow_min_abs_component"":0.02,""shadow_pair_mirrored"":true,""shadow_seed"":1857022379759999655,""third_color"":""white""}}"
wm-bysa-klam__cv-of-sf-ma-pgw,wm-bysa-klam,wm-bysa-klam,C00669A03066F139199AD755A4602B6BE1958669111B1CCAC726FDA7731591C8,CC-BY-SA-3.0,content-vase__outline-face__shading-figure__material-ambiguous__polarity-outer-gray_center-white,cv-of-sf-ma-pgw,vase,face,figure,ambiguous,outer-gray_center-white,conflict,True,outline|shading,content,face,gray,white,black,black,,-0.02567549833878034,-0.05850041207447889,True,1376429672125347142,78108,v1,png/wm-bysa-klam__cv-of-sf-ma-pgw.png,svg/wm-bysa-klam__cv-of-sf-ma-pgw.svg,760c369c4713990329dfd6761988c4228fa212709b99dafce71530a4511d4bc1,2e1f034e204192a1144030de550929a6a90fc606e50f7d54c7fe2a6a24279a9b,0.5684395173016717,0.5579625963619529,0.006061654256032816,0.19784773083591312,2.3154106170625615,0.34741866816820194,"{""fixation_baked_in"":false,""palette_values"":{""black"":24,""gray"":133,""white"":232},""render"":{""background_color"":""white"",""content_face_accent_side"":"""",""figure_color"":""gray"",""figure_region"":""face"",""fixation_baked_in"":false,""shade_color"":""black"",""shadow_dx"":-0.02567549833878034,""shadow_dy"":-0.05850041207447889,""shadow_max_radius"":0.065,""shadow_min_abs_component"":0.02,""shadow_pair_mirrored"":true,""shadow_seed"":1376429672125347142,""third_color"":""black""}}"
wm-bysa-klam__cv-of-sf-ma-pwb,wm-bysa-klam,wm-bysa-klam,C00669A03066F139199AD755A4602B6BE1958669111B1CCAC726FDA7731591C8,CC-BY-SA-3.0,content-vase__outline-face__shading-figure__material-ambiguous__polarity-outer-white_center-black,cv-of-sf-ma-pwb,vase,face,figure,ambiguous,outer-white_center-black,conflict,True,outline|shading,content,face,white,black,gray,gray,,0.022039214438876763,0.04072747048764119,True,17243754123874458537,78108,v1,png/wm-bysa-klam__cv-of-sf-ma-pwb.png,svg/wm-bysa-klam__cv-of-sf-ma-pwb.svg,8a639dcce261a3cd68c188e021d6604885cdbd25f31efa6cf3093dee15046ee4,b584608140f61081bb4bbb8861084dd35aca5f91b129bdfcde96a249183ebd16,0.5038602828979493,0.6940129868414576,0.005590475437486823,0.19784773083591312,2.3154106170625615,0.34741866816820194,"{""fixation_baked_in"":false,""palette_values"":{""black"":24,""gray"":133,""white"":232},""render"":{""background_color"":""black"",""content_face_accent_side"":"""",""figure_color"":""white"",""figure_region"":""face"",""fixation_baked_in"":false,""shade_color"":""gray"",""shadow_dx"":0.022039214438876763,""shadow_dy"":0.04072747048764119,""shadow_max_radius"":0.065,""shadow_min_abs_component"":0.02,""shadow_pair_mirrored"":true,""shadow_seed"":17243754123874458537,""third_color"":""gray""}}"
wm-bysa-klam__cv-of-sf-ma-pwg,wm-bysa-klam,wm-bysa-klam,C00669A03066F139199AD755A4602B6BE1958669111B1CCAC726FDA7731591C8,CC-BY-SA-3.0,content-vase__outline-face__shading-figure__material-ambiguous__polarity-outer-white_center-gray,cv-of-sf-ma-pwg,vase,face,figure,ambiguous,outer-white_center-gray,conflict,True,outline|shading,content,face,white,gray,black,black,,0.02681959154558684,0.049602349046183415,True,16965177017312470548,78108,v1,png/wm-bysa-klam__cv-of-sf-ma-pwg.png,svg/wm-bysa-klam__cv-of-sf-ma-pwg.svg,1e0bb72c53de4e3be9b24e1091cff76584a432e5c5a1bcbf2d28c968a751f565,125e0b526ba92e92ede99ce7c09b5dfb7533f96e5d0f1b1fe276f2dce2403d7b,0.5460440317789714,0.5862510811694472,0.01038237944554655,0.19784773083591312,2.3154106170625615,0.34741866816820194,"{""fixation_baked_in"":false,""palette_values"":{""black"":24,""gray"":133,""white"":232},""render"":{""background_color"":""gray"",""content_face_accent_side"":"""",""figure_color"":""white"",""figure_region"":""face"",""fixation_baked_in"":false,""shade_color"":""black"",""shadow_dx"":0.02681959154558684,""shadow_dy"":0.049602349046183415,""shadow_max_radius"":0.065,""shadow_min_abs_component"":0.02,""shadow_pair_mirrored"":true,""shadow_seed"":16965177017312470548,""third_color"":""black""}}"
oc-274578-heads__cf-oa-sn-ma-pbg,oc-274578-heads,oc-274578-heads,8CAE2F5E0D4DF810EFF9F4C745FB3573574F75BAB604F6038E3833CFE0C473F4,CC0-1.0,content-face__outline-ambiguous__shading-none__material-ambiguous__polarity-outer-black_center-gray,cf-oa-sn-ma-pbg,face,ambiguous,none,ambiguous,outer-black_center-gray,face,False,content,,vase,gray,black,white,,left,0.0,0.0,False,6483922219538455506,78108,v1,png/oc-274578-heads__cf-oa-sn-ma-pbg.png,svg/oc-274578-heads__cf-oa-sn-ma-pbg.svg,63f84ccaab7873c9ce59a624f0ace2de94a899b21942d9b1bc14aba7b6610f34,928fb53e1d92888583b79da1deb9cecedc8fc7775dd084c191e3ad809dd570de,0.4396158068787819,0.7978852288200846,0.001025805223726832,0.23705722438062043,2.424020042956634,0.40572954830772384,"{""fixation_baked_in"":false,""palette_values"":{""black"":24,""gray"":133,""white"":232},""render"":{""background_color"":""black"",""content_face_accent_side"":""left"",""figure_color"":""gray"",""figure_region"":""vase"",""fixation_baked_in"":false,""shade_color"":"""",""shadow_dx"":0.0,""shadow_dy"":0.0,""shadow_max_radius"":0.065,""shadow_min_abs_component"":0.02,""shadow_pair_mirrored"":false,""shadow_seed"":6483922219538455506,""third_color"":""white""}}"
oc-274578-heads__cf-oa-sn-ma-pbw,oc-274578-heads,oc-274578-heads,8CAE2F5E0D4DF810EFF9F4C745FB3573574F75BAB604F6038E3833CFE0C473F4,CC0-1.0,content-face__outline-ambiguous__shading-none__material-ambiguous__polarity-outer-black_center-white,cf-oa-sn-ma-pbw,face,ambiguous,none,ambiguous,outer-black_center-white,face,False,content,,vase,white,black,gray,,left,0.0,0.0,False,16238467761939377554,78108,v1,png/oc-274578-heads__cf-oa-sn-ma-pbw.png,svg/oc-274578-heads__cf-oa-sn-ma-pbw.svg,614a9c1d97cebb8225ebb3533f09ad1aea7726aa436ec78e7a3ec25b0f2a3b22,2e33fd7c7ed0f263ee59b3188b7655bc8bb2a4a9babdccd4e2ff9e2f67980ffa,0.4152662352019666,0.7947668765212456,0.0015401547196346773,0.23705722438062043,2.424020042956634,0.40572954830772384,"{""fixation_baked_in"":false,""palette_values"":{""black"":24,""gray"":133,""white"":232},""render"":{""background_color"":""black"",""content_face_accent_side"":""left"",""figure_color"":""white"",""figure_region"":""vase"",""fixation_baked_in"":false,""shade_color"":"""",""shadow_dx"":0.0,""shadow_dy"":0.0,""shadow_max_radius"":0.065,""shadow_min_abs_component"":0.02,""shadow_pair_mirrored"":false,""shadow_seed"":16238467761939377554,""third_color"":""gray""}}"
oc-274578-heads__cf-oa-sn-ma-pgb,oc-274578-heads,oc-274578-heads,8CAE2F5E0D4DF810EFF9F4C745FB3573574F75BAB604F6038E3833CFE0C473F4,CC0-1.0,content-face__outline-ambiguous__shading-none__material-ambiguous__polarity-outer-gray_center-black,cf-oa-sn-ma-pgb,face,ambiguous,none,ambiguous,outer-gray_center-black,face,False,content,,vase,black,gray,white,,left,0.0,0.0,False,14950495593105642076,78108,v1,png/oc-274578-heads__cf-oa-sn-ma-pgb.png,svg/oc-274578-heads__cf-oa-sn-ma-pgb.svg,39bb36e406e0dfd86016b59f0e79467aa961cb9081f531cf1721c97c28440a21,1ef5cd48c4b7e7b70b5a8aa8c10ddc0042a994cb2a0cd6dcfa1aa41f4d9d5bd1,0.5366305145562864,0.5529667610940749,0.0012748976362294676,0.23705722438062043,2.424020042956634,0.40572954830772384,"{""fixation_baked_in"":false,""palette_values"":{""black"":24,""gray"":133,""white"":232},""render"":{""background_color"":""gray"",""content_face_accent_side"":""left"",""figure_color"":""black"",""figure_region"":""vase"",""fixation_baked_in"":false,""shade_color"":"""",""shadow_dx"":0.0,""shadow_dy"":0.0,""shadow_max_radius"":0.065,""shadow_min_abs_component"":0.02,""shadow_pair_mirrored"":false,""shadow_seed"":14950495593105642076,""third_color"":""white""}}"
oc-274578-heads__cf-oa-sn-ma-pgw,oc-274578-heads,oc-274578-heads,8CAE2F5E0D4DF810EFF9F4C745FB3573574F75BAB604F6038E3833CFE0C473F4,CC0-1.0,content-face__outline-ambiguous__shading-none__material-ambiguous__polarity-outer-gray_center-white,cf-oa-sn-ma-pgw,face,ambiguous,none,ambiguous,outer-gray_center-white,face,False,content,,vase,white,gray,black,,left,0.0,0.0,False,1464625974344040697,78108,v1,png/oc-274578-heads__cf-oa-sn-ma-pgw.png,svg/oc-274578-heads__cf-oa-sn-ma-pgw.svg,ecf1026f2efb59922fce15bd7d6340204a065c55657bfa421744b60ecbebdc56,d8083426be55da60a7d5fe2bbfbc8e1423710a631e988d75085e5f073e7685cd,0.48547683042638445,0.6144684224277343,0.0012270213101125103,0.23705722438062043,2.424020042956634,0.40572954830772384,"{""fixation_baked_in"":false,""palette_values"":{""black"":24,""gray"":133,""white"":232},""render"":{""background_color"":""gray"",""content_face_accent_side"":""left"",""figure_color"":""white"",""figure_region"":""vase"",""fixation_baked_in"":false,""shade_color"":"""",""shadow_dx"":0.0,""shadow_dy"":0.0,""shadow_max_radius"":0.065,""shadow_min_abs_component"":0.02,""shadow_pair_mirrored"":false,""shadow_seed"":1464625974344040697,""third_color"":""black""}}"
oc-274578-heads__cf-oa-sn-ma-pwb,oc-274578-heads,oc-274578-heads,8CAE2F5E0D4DF810EFF9F4C745FB3573574F75BAB604F6038E3833CFE0C473F4,CC0-1.0,content-face__outline-ambiguous__shading-none__material-ambiguous__polarity-outer-white_center-black,cf-oa-sn-ma-pwb,face,ambiguous,none,ambiguous,outer-white_center-black,face,False,content,,vase,black,white,gray,,left,0.0,0.0,False,14558339018574318691,78108,v1,png/oc-274578-heads__cf-oa-sn-ma-pwb.png,svg/oc-274578-heads__cf-oa-sn-ma-pwb.svg,6a1e5c938724977a500d82a64534124c2e0cee486d780487b62cd5034592373a,92d08c8219dc79c74c3d00ba9a21bc46475b39ebcc345d23da80b98c78c515c0,0.6003986957026464,0.5441883293837686,0.0015531822913671823,0.23705722438062043,2.424020042956634,0.40572954830772384,"{""fixation_baked_in"":false,""palette_values"":{""black"":24,""gray"":133,""white"":232},""render"":{""background_color"":""white"",""content_face_accent_side"":""left"",""figure_color"":""black"",""figure_region"":""vase"",""fixation_baked_in"":false,""shade_color"":"""",""shadow_dx"":0.0,""shadow_dy"":0.0,""shadow_max_radius"":0.065,""shadow_min_abs_component"":0.02,""shadow_pair_mirrored"":false,""shadow_seed"":14558339018574318691,""third_color"":""gray""}}"
oc-274578-heads__cf-oa-sn-ma-pwg,oc-274578-heads,oc-274578-heads,8CAE2F5E0D4DF810EFF9F4C745FB3573574F75BAB604F6038E3833CFE0C473F4,CC0-1.0,content-face__outline-ambiguous__shading-none__material-ambiguous__polarity-outer-white_center-gray,cf-oa-sn-ma-pwg,face,ambiguous,none,ambiguous,outer-white_center-gray,face,False,content,,vase,gray,white,black,,left,0.0,0.0,False,3668119532133156432,78108,v1,png/oc-274578-heads__cf-oa-sn-ma-pwg.png,svg/oc-274578-heads__cf-oa-sn-ma-pwg.svg,99b25d3c1503f02e375f826d7e3e36c023923dfd5c9ce1b06522b09b82e0ae86,63d0c0b1b77211b52a12771bd861bda0a5ede8c88bcf541dc4db0eb1c23eadd4,0.5735912061205098,0.6084325660232096,0.0010008095063538613,0.23705722438062043,2.424020042956634,0.40572954830772384,"{""fixation_baked_in"":false,""palette_values"":{""black"":24,""gray"":133,""white"":232},""render"":{""background_color"":""white"",""content_face_accent_side"":""left"",""figure_color"":""gray"",""figure_region"":""vase"",""fixation_baked_in"":false,""shade_color"":"""",""shadow_dx"":0.0,""shadow_dy"":0.0,""shadow_max_radius"":0.065,""shadow_min_abs_component"":0.02,""shadow_pair_mirrored"":false,""shadow_seed"":3668119532133156432,""third_color"":""black""}}"
oc-274578-heads__cf-oa-sn-mv-pbg,oc-274578-heads,oc-274578-heads,8CAE2F5E0D4DF810EFF9F4C745FB3573574F75BAB604F6038E3833CFE0C473F4,CC0-1.0,content-face__outline-ambiguous__shading-none__material-vase__polarity-outer-black_center-gray,cf-oa-sn-mv-pbg,face,ambiguous,none,vase,outer-black_center-gray,conflict,True,content,material,vase,gray,black,white,,left,0.0,0.0,False,13620681558852593600,78108,v1,png/oc-274578-heads__cf-oa-sn-mv-pbg.png,svg/oc-274578-heads__cf-oa-sn-mv-pbg.svg,be84e17a817b20e3b11bb0c661c42f3fc7a06d7a1e0df76b1273937ea7d7af1a,e53770949468183d9ae766d49d09f7da6becb6cbc06b03b154fb57f3f404911b,0.45634357227998623,0.7999173499217976,0.0023881785118739576,0.23705722438062043,2.424020042956634,0.40572954830772384,"{""fixation_baked_in"":false,""palette_values"":{""black"":24,""gray"":133,""white"":232},""render"":{""background_color"":""black"",""content_face_accent_side"":""left"",""figure_color"":""gray"",""figure_region"":""vase"",""fixation_baked_in"":false,""shade_color"":"""",""shadow_dx"":0.0,""shadow_dy"":0.0,""shadow_max_radius"":0.065,""shadow_min_abs_component"":0.02,""shadow_pair_mirrored"":false,""shadow_seed"":13620681558852593600,""third_color"":""white""}}"
oc-274578-heads__cf-oa-sn-mv-pbw,oc-274578-heads,oc-274578-heads,8CAE2F5E0D4DF810EFF9F4C745FB3573574F75BAB604F6038E3833CFE0C473F4,CC0-1.0,content-face__outline-ambiguous__shading-none__material-vase__polarity-outer-black_center-white,cf-oa-sn-mv-pbw,face,ambiguous,none,vase,outer-black_center-white,conflict,True,content,material,vase,white,black,gray,,left,0.0,0.0,False,17500248442324269017,78108,v1,png/oc-274578-heads__cf-oa-sn-mv-pbw.png,svg/oc-274578-heads__cf-oa-sn-mv-pbw.svg,73acfac083241f559e3d2bd2def7a5fed1cab6db253d39bbd26d442fe77614e0,0273c4f5fde039fb35649e7b9254c14f95913ef2f74f4611d5f74c2c9e47afea,0.38543561673631854,0.756969714339997,0.002359087345226458,0.23705722438062043,2.424020042956634,0.40572954830772384,"{""fixation_baked_in"":false,""palette_values"":{""black"":24,""gray"":133,""white"":232},""render"":{""background_color"":""black"",""content_face_accent_side"":""left"",""figure_color"":""white"",""figure_region"":""vase"",""fixation_baked_in"":false,""shade_color"":"""",""shadow_dx"":0.0,""shadow_dy"":0.0,""shadow_max_radius"":0.065,""shadow_min_abs_component"":0.02,""shadow_pair_mirrored"":false,""shadow_seed"":17500248442324269017,""third_color"":""gray""}}"
oc-274578-heads__cf-oa-sn-mv-pgb,oc-274578-heads,oc-274578-heads,8CAE2F5E0D4DF810EFF9F4C745FB3573574F75BAB604F6038E3833CFE0C473F4,CC0-1.0,content-face__outline-ambiguous__shading-none__material-vase__polarity-outer-gray_center-black,cf-oa-sn-mv-pgb,face,ambiguous,none,vase,outer-gray_center-black,conflict,True,content,material,vase,black,gray,white,,left,0.0,0.0,False,68902925962520123,78108,v1,png/oc-274578-heads__cf-oa-sn-mv-pgb.png,svg/oc-274578-heads__cf-oa-sn-mv-pgb.svg,5bb9e06f217a9c993197af4352c2052614e517bee3eda662f08f958eef594d05,daca8ae33f8fd68a8a2edd2d511311b120c84150aef4588ca53913caa5d1cdfa,0.5702911489150104,0.44034842829165727,0.002284234961090986,0.23705722438062043,2.424020042956634,0.40572954830772384,"{""fixation_baked_in"":false,""palette_values"":{""black"":24,""gray"":133,""white"":232},""render"":{""background_color"":""gray"",""content_face_accent_side"":""left"",""figure_color"":""black"",""figure_region"":""vase"",""fixation_baked_in"":false,""shade_color"":"""",""shadow_dx"":0.0,""shadow_dy"":0.0,""shadow_max_radius"":0.065,""shadow_min_abs_component"":0.02,""shadow_pair_mirrored"":false,""shadow_seed"":68902925962520123,""third_color"":""white""}}"
oc-274578-heads__cf-oa-sn-mv-pgw,oc-274578-heads,oc-274578-heads,8CAE2F5E0D4DF810EFF9F4C745FB3573574F75BAB604F6038E3833CFE0C473F4,CC0-1.0,content-face__outline-ambiguous__shading-none__material-vase__polarity-outer-gray_center-white,cf-oa-sn-mv-pgw,face,ambiguous,none,vase,outer-gray_center-white,conflict,True,content,material,vase,white,gray,black,,left,0.0,0.0,False,12789586484184755868,78108,v1,png/oc-274578-heads__cf-oa-sn-mv-pgw.png,svg/oc-274578-heads__cf-oa-sn-mv-pgw.svg,f2b8bc4d98f8f7df6dd403fc848844065d6224cb067f7029f2084505da29f8ab,f6b1b5ab48c6443fd751f6c2ba9963988f0c17608a4e7893e83ca4ce05359788,0.4556024401795631,0.5779175685688911,0.002106341222950568,0.23705722438062043,2.424020042956634,0.40572954830772384,"{""fixation_baked_in"":false,""palette_values"":{""black"":24,""gray"":133,""white"":232},""render"":{""background_color"":""gray"",""content_face_accent_side"":""left"",""figure_color"":""white"",""figure_region"":""vase"",""fixation_baked_in"":false,""shade_color"":"""",""shadow_dx"":0.0,""shadow_dy"":0.0,""shadow_max_radius"":0.065,""shadow_min_abs_component"":0.02,""shadow_pair_mirrored"":false,""shadow_seed"":12789586484184755868,""third_color"":""black""}}"
oc-274578-heads__cf-oa-sn-mv-pwb,oc-274578-heads,oc-274578-heads,8CAE2F5E0D4DF810EFF9F4C745FB3573574F75BAB604F6038E3833CFE0C473F4,CC0-1.0,content-face__outline-ambiguous__shading-none__material-vase__polarity-outer-white_center-black,cf-oa-sn-mv-pwb,face,ambiguous,none,vase,outer-white_center-black,conflict,True,content,material,vase,black,white,gray,,left,0.0,0.0,False,4556439217534641315,78108,v1,png/oc-274578-heads__cf-oa-sn-mv-pwb.png,svg/oc-274578-heads__cf-oa-sn-mv-pwb.svg,c98320c32b69801f56bfef9b4e4005223c1cf16b29f917d180cf3e1c7d1e01d7,e876faf5957b726fd400ea032eb25fac483099bf238503407e4e17938edea136,0.6340201957553042,0.43905901156536375,0.00253807045789968,0.23705722438062043,2.424020042956634,0.40572954830772384,"{""fixation_baked_in"":false,""palette_values"":{""black"":24,""gray"":133,""white"":232},""render"":{""background_color"":""white"",""content_face_accent_side"":""left"",""figure_color"":""black"",""figure_region"":""vase"",""fixation_baked_in"":false,""shade_color"":"""",""shadow_dx"":0.0,""shadow_dy"":0.0,""shadow_max_radius"":0.065,""shadow_min_abs_component"":0.02,""shadow_pair_mirrored"":false,""shadow_seed"":4556439217534641315,""third_color"":""gray""}}"
oc-274578-heads__cf-oa-sn-mv-pwg,oc-274578-heads,oc-274578-heads,8CAE2F5E0D4DF810EFF9F4C745FB3573574F75BAB604F6038E3833CFE0C473F4,CC0-1.0,content-face__outline-ambiguous__shading-none__material-vase__polarity-outer-white_center-gray,cf-oa-sn-mv-pwg,face,ambiguous,none,vase,outer-white_center-gray,conflict,True,content,material,vase,gray,white,black,,left,0.0,0.0,False,9016518228876618652,78108,v1,png/oc-274578-heads__cf-oa-sn-mv-pwg.png,svg/oc-274578-heads__cf-oa-sn-mv-pwg.svg,c2c491cb1e3c1c6412ebcf87158c3462c783284fb4ecc642199360b1b1593de7,078b31ce55c110b8b4f42a0bd9340333ea7b58de7fe5055e8833c4f3a9d96f3c,0.5902379166846182,0.6049297525587274,0.00275560470094685,0.23705722438062043,2.424020042956634,0.40572954830772384,"{""fixation_baked_in"":false,""palette_values"":{""black"":24,""gray"":133,""white"":232},""render"":{""background_color"":""white"",""content_face_accent_side"":""left"",""figure_color"":""gray"",""figure_region"":""vase"",""fixation_baked_in"":false,""shade_color"":"""",""shadow_dx"":0.0,""shadow_dy"":0.0,""shadow_max_radius"":0.065,""shadow_min_abs_component"":0.02,""shadow_pair_mirrored"":false,""shadow_seed"":9016518228876618652,""third_color"":""black""}}"
oc-274578-heads__cf-of-sn-ma-pbg,oc-274578-heads,oc-274578-heads,8CAE2F5E0D4DF810EFF9F4C745FB3573574F75BAB604F6038E3833CFE0C473F4,CC0-1.0,content-face__outline-face__shading-none__material-ambiguous__polarity-outer-black_center-gray,cf-of-sn-ma-pbg,face,face,none,ambiguous,outer-black_center-gray,face,False,content|outline,,face,black,gray,white,,left,0.0,0.0,False,12209200712134480317,78108,v1,png/oc-274578-heads__cf-of-sn-ma-pbg.png,svg/oc-274578-heads__cf-of-sn-ma-pbg.svg,3c859990d182bd079a5befdaac8df2c8e655926f488a9a831a7350414ffa5357,8e6c5e65d4c7cad4d17c700e58968accfba918dc811501ca35ff9c6cab4270b5,0.5097424077052697,0.6192340407273472,0.0007533043612117378,0.23705722438062043,2.424020042956634,0.40572954830772384,"{""fixation_baked_in"":false,""palette_values"":{""black"":24,""gray"":133,""white"":232},""render"":{""background_color"":""gray"",""content_face_accent_side"":""left"",""figure_color"":""black"",""figure_region"":""face"",""fixation_baked_in"":false,""shade_color"":"""",""shadow_dx"":0.0,""shadow_dy"":0.0,""shadow_max_radius"":0.065,""shadow_min_abs_component"":0.02,""shadow_pair_mirrored"":false,""shadow_seed"":12209200712134480317,""third_color"":""white""}}"
oc-274578-heads__cf-of-sn-ma-pbw,oc-274578-heads,oc-274578-heads,8CAE2F5E0D4DF810EFF9F4C745FB3573574F75BAB604F6038E3833CFE0C473F4,CC0-1.0,content-face__outline-face__shading-none__material-ambiguous__polarity-outer-black_center-white,cf-of-sn-ma-pbw,face,face,none,ambiguous,outer-black_center-white,face,False,content|outline,,face,black,white,gray,,left,0.0,0.0,False,11028093714210548264,78108,v1,png/oc-274578-heads__cf-of-sn-ma-pbw.png,svg/oc-274578-heads__cf-of-sn-ma-pbw.svg,0d86aa8441a4486dc2de82a3ab5493a2ffb737969015f4804ce9eee5047475b4,fa233a00fb7a2c5f1492e50ee0a98b9a304ec7211797b29bb234a559e637ddfc,0.5490897646137314,0.6155025150491886,0.0011526218961435994,0.23705722438062043,2.424020042956634,0.40572954830772384,"{""fixation_baked_in"":false,""palette_values"":{""black"":24,""gray"":133,""white"":232},""render"":{""background_color"":""white"",""content_face_accent_side"":""left"",""figure_color"":""black"",""figure_region"":""face"",""fixation_baked_in"":false,""shade_color"":"""",""shadow_dx"":0.0,""shadow_dy"":0.0,""shadow_max_radius"":0.065,""shadow_min_abs_component"":0.02,""shadow_pair_mirrored"":false,""shadow_seed"":11028093714210548264,""third_color"":""gray""}}"
oc-274578-heads__cf-of-sn-ma-pgb,oc-274578-heads,oc-274578-heads,8CAE2F5E0D4DF810EFF9F4C745FB3573574F75BAB604F6038E3833CFE0C473F4,CC0-1.0,content-face__outline-face__shading-none__material-ambiguous__polarity-outer-gray_center-black,cf-of-sn-ma-pgb,face,face,none,ambiguous,outer-gray_center-black,face,False,content|outline,,face,gray,black,white,,left,0.0,0.0,False,13812861001569797780,78108,v1,png/oc-274578-heads__cf-of-sn-ma-pgb.png,svg/oc-274578-heads__cf-of-sn-ma-pgb.svg,cd9a17ca12277dc5a83a41b38a9bad71eb35103814398204c29b5e3fa66542b7,547c32e6c1432236fb3006bdd3f53480c43107b965410e34b0b5b9cba66f5cab,0.46650319566913684,0.7276428489975607,0.0011481932704655664,0.23705722438062043,2.424020042956634,0.40572954830772384,"{""fixation_baked_in"":false,""palette_values"":{""black"":24,""gray"":133,""white"":232},""render"":{""background_color"":""black"",""content_face_accent_side"":""left"",""figure_color"":""gray"",""figure_region"":""face"",""fixation_baked_in"":false,""shade_color"":"""",""shadow_dx"":0.0,""shadow_dy"":0.0,""shadow_max_radius"":0.065,""shadow_min_abs_component"":0.02,""shadow_pair_mirrored"":false,""shadow_seed"":13812861001569797780,""third_color"":""white""}}"
oc-274578-heads__cf-of-sn-ma-pgw,oc-274578-heads,oc-274578-heads,8CAE2F5E0D4DF810EFF9F4C745FB3573574F75BAB604F6038E3833CFE0C473F4,CC0-1.0,content-face__outline-face__shading-none__material-ambiguous__polarity-outer-gray_center-white,cf-of-sn-ma-pgw,face,face,none,ambiguous,outer-gray_center-white,face,False,content|outline,,face,gray,white,black,,left,0.0,0.0,False,10568843485687660739,78108,v1,png/oc-274578-heads__cf-of-sn-ma-pgw.png,svg/oc-274578-heads__cf-of-sn-ma-pgw.svg,8c2a3a732148d7a8aa7769efa59cc9f7eb6f73cbf3374b0330083f00d74e2c04,7e0f4742b89511d47295eff7749fb4a6c69b50271609bd5a96b7d1655e41e9f2,0.5491698433371153,0.6155109320773028,0.0011119706313610488,0.23705722438062043,2.424020042956634,0.40572954830772384,"{""fixation_baked_in"":false,""palette_values"":{""black"":24,""gray"":133,""white"":232},""render"":{""background_color"":""white"",""content_face_accent_side"":""left"",""figure_color"":""gray"",""figure_region"":""face"",""fixation_baked_in"":false,""shade_color"":"""",""shadow_dx"":0.0,""shadow_dy"":0.0,""shadow_max_radius"":0.065,""shadow_min_abs_component"":0.02,""shadow_pair_mirrored"":false,""shadow_seed"":10568843485687660739,""third_color"":""black""}}"
oc-274578-heads__cf-of-sn-ma-pwb,oc-274578-heads,oc-274578-heads,8CAE2F5E0D4DF810EFF9F4C745FB3573574F75BAB604F6038E3833CFE0C473F4,CC0-1.0,content-face__outline-face__shading-none__material-ambiguous__polarity-outer-white_center-black,cf-of-sn-ma-pwb,face,face,none,ambiguous,outer-white_center-black,face,False,content|outline,,face,white,black,gray,,left,0.0,0.0,False,4464655274515614252,78108,v1,png/oc-274578-heads__cf-of-sn-ma-pwb.png,svg/oc-274578-heads__cf-of-sn-ma-pwb.svg,faf0e31b5525664dc6dab9d1a36fd739bb02d698c4e86d9efd883914e522f56e,d56733bb220dfcc23370d75b68de2e66afb7abebef87d1594c987da8485bf0de,0.46657516629088164,0.7274219939918057,0.0011789840111264447,0.23705722438062043,2.424020042956634,0.40572954830772384,"{""fixation_baked_in"":false,""palette_values"":{""black"":24,""gray"":133,""white"":232},""render"":{""background_color"":""black"",""content_face_accent_side"":""left"",""figure_color"":""white"",""figure_region"":""face"",""fixation_baked_in"":false,""shade_color"":"""",""shadow_dx"":0.0,""shadow_dy"":0.0,""shadow_max_radius"":0.065,""shadow_min_abs_component"":0.02,""shadow_pair_mirrored"":false,""shadow_seed"":4464655274515614252,""third_color"":""gray""}}"
oc-274578-heads__cf-of-sn-ma-pwg,oc-274578-heads,oc-274578-heads,8CAE2F5E0D4DF810EFF9F4C745FB3573574F75BAB604F6038E3833CFE0C473F4,CC0-1.0,content-face__outline-face__shading-none__material-ambiguous__polarity-outer-white_center-gray,cf-of-sn-ma-pwg,face,face,none,ambiguous,outer-white_center-gray,face,False,content|outline,,face,white,gray,black,,left,0.0,0.0,False,12799541665492562204,78108,v1,png/oc-274578-heads__cf-of-sn-ma-pwg.png,svg/oc-274578-heads__cf-of-sn-ma-pwg.svg,1ba65f5e430805d6d71c2521af2d77dd37eac73b6ff1f7792028a84b5289fd3b,5d6154082f397a3579a19b57fe9e89b830dc7d0fe1d7e853e3b267b203b47f2d,0.5098976546642827,0.6190521811405442,0.000753311848321929,0.23705722438062043,2.424020042956634,0.40572954830772384,"{""fixation_baked_in"":false,""palette_values"":{""black"":24,""gray"":133,""white"":232},""render"":{""background_color"":""gray"",""content_face_accent_side"":""left"",""figure_color"":""white"",""figure_region"":""face"",""fixation_baked_in"":false,""shade_color"":"""",""shadow_dx"":0.0,""shadow_dy"":0.0,""shadow_max_radius"":0.065,""shadow_min_abs_component"":0.02,""shadow_pair_mirrored"":false,""shadow_seed"":12799541665492562204,""third_color"":""black""}}"
oc-274578-heads__cf-of-sn-mv-pbg,oc-274578-heads,oc-274578-heads,8CAE2F5E0D4DF810EFF9F4C745FB3573574F75BAB604F6038E3833CFE0C473F4,CC0-1.0,content-face__outline-face__shading-none__material-vase__polarity-outer-black_center-gray,cf-of-sn-mv-pbg,face,face,none,vase,outer-black_center-gray,conflict,True,content|outline,material,face,black,gray,white,,left,0.0,0.0,False,4402629758528264862,78108,v1,png/oc-274578-heads__cf-of-sn-mv-pbg.png,svg/oc-274578-heads__cf-of-sn-mv-pbg.svg,612f3104fbf334a629f87a0056ce20aa5334dd3b5025762ca6d2dccb910abc63,9614206b125efbdb06d05b40dd15a8061b8f5c7242dbaec335692ac99f55c727,0.5264717438641717,0.6227893306004351,0.0022102061590765338,0.23705722438062043,2.424020042956634,0.40572954830772384,"{""fixation_baked_in"":false,""palette_values"":{""black"":24,""gray"":133,""white"":232},""render"":{""background_color"":""gray"",""content_face_accent_side"":""left"",""figure_color"":""black"",""figure_region"":""face"",""fixation_baked_in"":false,""shade_color"":"""",""shadow_dx"":0.0,""shadow_dy"":0.0,""shadow_max_radius"":0.065,""shadow_min_abs_component"":0.02,""shadow_pair_mirrored"":false,""shadow_seed"":4402629758528264862,""third_color"":""white""}}"
oc-274578-heads__cf-of-sn-mv-pbw,oc-274578-heads,oc-274578-heads,8CAE2F5E0D4DF810EFF9F4C745FB3573574F75BAB604F6038E3833CFE0C473F4,CC0-1.0,content-face__outline-face__shading-none__material-vase__polarity-outer-black_center-white,cf-of-sn-mv-pbw,face,face,none,vase,outer-black_center-white,conflict,True,content|outline,material,face,black,white,gray,,left,0.0,0.0,False,7907231753167939725,78108,v1,png/oc-274578-heads__cf-of-sn-mv-pbw.png,svg/oc-274578-heads__cf-of-sn-mv-pbw.svg,1f8582cf09820424eddfc964c8f3b359f1dfc97bb707927ac4fe0fe60b93e71c,1c25d01f269b7331894249ff0165a2f2facfe223fb792da71e3269f80cadcc9f,0.5192591461480833,0.604120403786043,0.00219130869295421,0.23705722438062043,2.424020042956634,0.40572954830772384,"{""fixation_baked_in"":false,""palette_values"":{""black"":24,""gray"":133,""white"":232},""render"":{""background_color"":""white"",""content_face_accent_side"":""left"",""figure_color"":""black"",""figure_region"":""face"",""fixation_baked_in"":false,""shade_color"":"""",""shadow_dx"":0.0,""shadow_dy"":0.0,""shadow_max_radius"":0.065,""shadow_min_abs_component"":0.02,""shadow_pair_mirrored"":false,""shadow_seed"":7907231753167939725,""third_color"":""gray""}}"
oc-274578-heads__cf-of-sn-mv-pgb,oc-274578-heads,oc-274578-heads,8CAE2F5E0D4DF810EFF9F4C745FB3573574F75BAB604F6038E3833CFE0C473F4,CC0-1.0,content-face__outline-face__shading-none__material-vase__polarity-outer-gray_center-black,cf-of-sn-mv-pgb,face,face,none,vase,outer-gray_center-black,conflict,True,content|outline,material,face,gray,black,white,,left,0.0,0.0,False,14838382859322367407,78108,v1,png/oc-274578-heads__cf-of-sn-mv-pgb.png,svg/oc-274578-heads__cf-of-sn-mv-pgb.svg,82d754c92ca204914212422ff200179c02c6e90705a8c6f4e71d8785719a6b05,7fb6d6681ea3d6a54ebb1ab24dcf63b65eaa07479e6878a68708c373b11cb204,0.500163153106091,0.616099790966751,0.002311570400398673,0.23705722438062043,2.424020042956634,0.40572954830772384,"{""fixation_baked_in"":false,""palette_values"":{""black"":24,""gray"":133,""white"":232},""render"":{""background_color"":""black"",""content_face_accent_side"":""left"",""figure_color"":""gray"",""figure_region"":""face"",""fixation_baked_in"":false,""shade_color"":"""",""shadow_dx"":0.0,""shadow_dy"":0.0,""shadow_max_radius"":0.065,""shadow_min_abs_component"":0.02,""shadow_pair_mirrored"":false,""shadow_seed"":14838382859322367407,""third_color"":""white""}}"
oc-274578-heads__cf-of-sn-mv-pgw,oc-274578-heads,oc-274578-heads,8CAE2F5E0D4DF810EFF9F4C745FB3573574F75BAB604F6038E3833CFE0C473F4,CC0-1.0,content-face__outline-face__shading-none__material-vase__polarity-outer-gray_center-white,cf-of-sn-mv-pgw,face,face,none,vase,outer-gray_center-white,conflict,True,content|outline,material,face,gray,white,black,,left,0.0,0.0,False,17014280808501096449,78108,v1,png/oc-274578-heads__cf-of-sn-mv-pgw.png,svg/oc-274578-heads__cf-of-sn-mv-pgw.svg,2e94193a540ce20e7eb3316894287abdcaf2792c30cbc3aa7e6cf9e02aa720ba,507893572c5c525ddb4340136fa131dc025198c5f63917ea06745eadb70bf360,0.5192968293732287,0.604068861863524,0.0022109885620915032,0.23705722438062043,2.424020042956634,0.40572954830772384,"{""fixation_baked_in"":false,""palette_values"":{""black"":24,""gray"":133,""white"":232},""render"":{""background_color"":""white"",""content_face_accent_side"":""left"",""figure_color"":""gray"",""figure_region"":""face"",""fixation_baked_in"":false,""shade_color"":"""",""shadow_dx"":0.0,""shadow_dy"":0.0,""shadow_max_radius"":0.065,""shadow_min_abs_component"":0.02,""shadow_pair_mirrored"":false,""shadow_seed"":17014280808501096449,""third_color"":""black""}}"
oc-274578-heads__cf-of-sn-mv-pwb,oc-274578-heads,oc-274578-heads,8CAE2F5E0D4DF810EFF9F4C745FB3573574F75BAB604F6038E3833CFE0C473F4,CC0-1.0,content-face__outline-face__shading-none__material-vase__polarity-outer-white_center-black,cf-of-sn-mv-pwb,face,face,none,vase,outer-white_center-black,conflict,True,content|outline,material,face,white,black,gray,,left,0.0,0.0,False,2915338994888880715,78108,v1,png/oc-274578-heads__cf-of-sn-mv-pwb.png,svg/oc-274578-heads__cf-of-sn-mv-pwb.svg,8e6c41197d42fbea327bf5d7685c6ae383257b60e1a303f04d209396f1757c2e,75aaca58ad3b5dc0e7f3a395b34bb01b2e6c801e2b3c0dc5f19ecb3ebdb1ab4a,0.5001966663435394,0.6159645128292515,0.00231759378054741,0.23705722438062043,2.424020042956634,0.40572954830772384,"{""fixation_baked_in"":false,""palette_values"":{""black"":24,""gray"":133,""white"":232},""render"":{""background_color"":""black"",""content_face_accent_side"":""left"",""figure_color"":""white"",""figure_region"":""face"",""fixation_baked_in"":false,""shade_color"":"""",""shadow_dx"":0.0,""shadow_dy"":0.0,""shadow_max_radius"":0.065,""shadow_min_abs_component"":0.02,""shadow_pair_mirrored"":false,""shadow_seed"":2915338994888880715,""third_color"":""gray""}}"
oc-274578-heads__cf-of-sn-mv-pwg,oc-274578-heads,oc-274578-heads,8CAE2F5E0D4DF810EFF9F4C745FB3573574F75BAB604F6038E3833CFE0C473F4,CC0-1.0,content-face__outline-face__shading-none__material-vase__polarity-outer-white_center-gray,cf-of-sn-mv-pwg,face,face,none,vase,outer-white_center-gray,conflict,True,content|outline,material,face,white,gray,black,,left,0.0,0.0,False,3025799699401258510,78108,v1,png/oc-274578-heads__cf-of-sn-mv-pwg.png,svg/oc-274578-heads__cf-of-sn-mv-pwg.svg,df8b38213ab02ca311e467f28693d9cbff2305fe767e7561bd07c4352d5098ef,4a38343a26f70eceacbdf8b8d2b4c8d8c2df74e263c93c609d827ff6a52bd6e6,0.5265435835894418,0.6225385609043909,0.002620709436633891,0.23705722438062043,2.424020042956634,0.40572954830772384,"{""fixation_baked_in"":false,""palette_values"":{""black"":24,""gray"":133,""white"":232},""render"":{""background_color"":""gray"",""content_face_accent_side"":""left"",""figure_color"":""white"",""figure_region"":""face"",""fixation_baked_in"":false,""shade_color"":"""",""shadow_dx"":0.0,""shadow_dy"":0.0,""shadow_max_radius"":0.065,""shadow_min_abs_component"":0.02,""shadow_pair_mirrored"":false,""shadow_seed"":3025799699401258510,""third_color"":""black""}}"
oc-274578-heads__ca-oa-sn-ma-pbg,oc-274578-heads,oc-274578-heads,8CAE2F5E0D4DF810EFF9F4C745FB3573574F75BAB604F6038E3833CFE0C473F4,CC0-1.0,content-ambiguous__outline-ambiguous__shading-none__material-ambiguous__polarity-outer-black_center-gray,ca-oa-sn-ma-pbg,ambiguous,ambiguous,none,ambiguous,outer-black_center-gray,ambiguous,False,,,vase,gray,black,white,,,0.0,0.0,False,13851207202459394724,78108,v1,png/oc-274578-heads__ca-oa-sn-ma-pbg.png,svg/oc-274578-heads__ca-oa-sn-ma-pbg.svg,f7bc5f255a7eeda1b4ef5de3a86b0ad8715f462442634816f2b4d6d2323f8407,dd77867d7916e9644945733c48d88c08cbdf431028c25d7069365bb2114a50d3,0.19541043300254674,0.9291951665390112,0.0009167629509037244,0.23705722438062043,2.424020042956634,0.40572954830772384,"{""fixation_baked_in"":false,""palette_values"":{""black"":24,""gray"":133,""white"":232},""render"":{""background_color"":""black"",""content_face_accent_side"":"""",""figure_color"":""gray"",""figure_region"":""vase"",""fixation_baked_in"":false,""shade_color"":"""",""shadow_dx"":0.0,""shadow_dy"":0.0,""shadow_max_radius"":0.065,""shadow_min_abs_component"":0.02,""shadow_pair_mirrored"":false,""shadow_seed"":13851207202459394724,""third_color"":""white""}}"
oc-274578-heads__ca-oa-sn-ma-pbw,oc-274578-heads,oc-274578-heads,8CAE2F5E0D4DF810EFF9F4C745FB3573574F75BAB604F6038E3833CFE0C473F4,CC0-1.0,content-ambiguous__outline-ambiguous__shading-none__material-ambiguous__polarity-outer-black_center-white,ca-oa-sn-ma-pbw,ambiguous,ambiguous,none,ambiguous,outer-black_center-white,ambiguous,False,,,vase,white,black,gray,,,0.0,0.0,False,4105067321892345219,78108,v1,png/oc-274578-heads__ca-oa-sn-ma-pbw.png,svg/oc-274578-heads__ca-oa-sn-ma-pbw.svg,db4e2a6b63ef8f352c56d5d53a93b1f4b009e251d5eed1bfc1862df92125ba75,88ae7fe4c5a89aa8a8095e53885c8880031e20b54fbd1677a1aa619ab9148ebd,0.2874046550077551,1.205570619128549,0.0017494044752554003,0.23705722438062043,2.424020042956634,0.40572954830772384,"{""fixation_baked_in"":false,""palette_values"":{""black"":24,""gray"":133,""white"":232},""render"":{""background_color"":""black"",""content_face_accent_side"":"""",""figure_color"":""white"",""figure_region"":""vase"",""fixation_baked_in"":false,""shade_color"":"""",""shadow_dx"":0.0,""shadow_dy"":0.0,""shadow_max_radius"":0.065,""shadow_min_abs_component"":0.02,""shadow_pair_mirrored"":false,""shadow_seed"":4105067321892345219,""third_color"":""gray""}}"
oc-274578-heads__ca-oa-sn-ma-pgb,oc-274578-heads,oc-274578-heads,8CAE2F5E0D4DF810EFF9F4C745FB3573574F75BAB604F6038E3833CFE0C473F4,CC0-1.0,content-ambiguous__outline-ambiguous__shading-none__material-ambiguous__polarity-outer-gray_center-black,ca-oa-sn-ma-pgb,ambiguous,ambiguous,none,ambiguous,outer-gray_center-black,ambiguous,False,,,vase,black,gray,white,,,0.0,0.0,False,7610629723475142233,78108,v1,png/oc-274578-heads__ca-oa-sn-ma-pgb.png,svg/oc-274578-heads__ca-oa-sn-ma-pgb.svg,f6c3b4e1ee5a73b8e13166efff825a6842f48ff19b048d38ec099af28c3d7391,012b2c06517ea25e6ada5ad73450358e3324062094d0aa250f45a48c4c73a414,0.4202793719721776,0.4320255836188093,0.0009167554637935331,0.23705722438062043,2.424020042956634,0.40572954830772384,"{""fixation_baked_in"":false,""palette_values"":{""black"":24,""gray"":133,""white"":232},""render"":{""background_color"":""gray"",""content_face_accent_side"":"""",""figure_color"":""black"",""figure_region"":""vase"",""fixation_baked_in"":false,""shade_color"":"""",""shadow_dx"":0.0,""shadow_dy"":0.0,""shadow_max_radius"":0.065,""shadow_min_abs_component"":0.02,""shadow_pair_mirrored"":false,""shadow_seed"":7610629723475142233,""third_color"":""white""}}"
oc-274578-heads__ca-oa-sn-ma-pgw,oc-274578-heads,oc-274578-heads,8CAE2F5E0D4DF810EFF9F4C745FB3573574F75BAB604F6038E3833CFE0C473F4,CC0-1.0,content-ambiguous__outline-ambiguous__shading-none__material-ambiguous__polarity-outer-gray_center-white,ca-oa-sn-ma-pgw,ambiguous,ambiguous,none,ambiguous,outer-gray_center-white,ambiguous,False,,,vase,white,gray,black,,,0.0,0.0,False,13099029098799791848,78108,v1,png/oc-274578-heads__ca-oa-sn-ma-pgw.png,svg/oc-274578-heads__ca-oa-sn-ma-pgw.svg,ce22ddd71e8bbc1e3760e73cbaee3b57db5f499302eb3329efe9475f3753ef87,3bebb190ec6f35e8850ffd9f30defad99ac82107b6fb36c2d662220ee34f5308,0.6135645698098576,0.26877916929997087,0.000832649011461867,0.23705722438062043,2.424020042956634,0.40572954830772384,"{""fixation_baked_in"":false,""palette_values"":{""black"":24,""gray"":133,""white"":232},""render"":{""background_color"":""gray"",""content_face_accent_side"":"""",""figure_color"":""white"",""figure_region"":""vase"",""fixation_baked_in"":false,""shade_color"":"""",""shadow_dx"":0.0,""shadow_dy"":0.0,""shadow_max_radius"":0.065,""shadow_min_abs_component"":0.02,""shadow_pair_mirrored"":false,""shadow_seed"":13099029098799791848,""third_color"":""black""}}"
oc-274578-heads__ca-oa-sn-ma-pwb,oc-274578-heads,oc-274578-heads,8CAE2F5E0D4DF810EFF9F4C745FB3573574F75BAB604F6038E3833CFE0C473F4,CC0-1.0,content-ambiguous__outline-ambiguous__shading-none__material-ambiguous__polarity-outer-white_center-black,ca-oa-sn-ma-pwb,ambiguous,ambiguous,none,ambiguous,outer-white_center-black,ambiguous,False,,,vase,black,white,gray,,,0.0,0.0,False,16625077502409579651,78108,v1,png/oc-274578-heads__ca-oa-sn-ma-pwb.png,svg/oc-274578-heads__ca-oa-sn-ma-pwb.svg,f031c8682910f4728211610da8a454155890958f2da8cb17510ee2dc04970dd6,fbaedc3e38da954a0738da5fd390bc0d062144083ce35ce5830de93f161cea3f,0.716516913619696,0.4835707312584531,0.0017494044752554003,0.23705722438062043,2.424020042956634,0.40572954830772384,"{""fixation_baked_in"":false,""palette_values"":{""black"":24,""gray"":133,""white"":232},""render"":{""background_color"":""white"",""content_face_accent_side"":"""",""figure_color"":""black"",""figure_region"":""vase"",""fixation_baked_in"":false,""shade_color"":"""",""shadow_dx"":0.0,""shadow_dy"":0.0,""shadow_max_radius"":0.065,""shadow_min_abs_component"":0.02,""shadow_pair_mirrored"":false,""shadow_seed"":16625077502409579651,""third_color"":""gray""}}"
oc-274578-heads__ca-oa-sn-ma-pwg,oc-274578-heads,oc-274578-heads,8CAE2F5E0D4DF810EFF9F4C745FB3573574F75BAB604F6038E3833CFE0C473F4,CC0-1.0,content-ambiguous__outline-ambiguous__shading-none__material-ambiguous__polarity-outer-white_center-gray,ca-oa-sn-ma-pwg,ambiguous,ambiguous,none,ambiguous,outer-white_center-gray,ambiguous,False,,,vase,gray,white,black,,,0.0,0.0,False,548837508986794032,78108,v1,png/oc-274578-heads__ca-oa-sn-ma-pwg.png,svg/oc-274578-heads__ca-oa-sn-ma-pwg.svg,478c663b1cbab9a4886e2c3075cc1fee4db07d81f6a606bbc6d8f358067b3857,f50a13d64f944415939f23c8857494702cd6f1566d4516684402b1559173bcf3,0.8178033566942404,0.20165663830583264,0.0008326527550169627,0.23705722438062043,2.424020042956634,0.40572954830772384,"{""fixation_baked_in"":false,""palette_values"":{""black"":24,""gray"":133,""white"":232},""render"":{""background_color"":""white"",""content_face_accent_side"":"""",""figure_color"":""gray"",""figure_region"":""vase"",""fixation_baked_in"":false,""shade_color"":"""",""shadow_dx"":0.0,""shadow_dy"":0.0,""shadow_max_radius"":0.065,""shadow_min_abs_component"":0.02,""shadow_pair_mirrored"":false,""shadow_seed"":548837508986794032,""third_color"":""black""}}"
oc-274578-heads__ca-oa-sn-mv-pbg,oc-274578-heads,oc-274578-heads,8CAE2F5E0D4DF810EFF9F4C745FB3573574F75BAB604F6038E3833CFE0C473F4,CC0-1.0,content-ambiguous__outline-ambiguous__shading-none__material-vase__polarity-outer-black_center-gray,ca-oa-sn-mv-pbg,ambiguous,ambiguous,none,vase,outer-black_center-gray,vase,False,,material,vase,gray,black,white,,,0.0,0.0,False,15388335227686237655,78108,v1,png/oc-274578-heads__ca-oa-sn-mv-pbg.png,svg/oc-274578-heads__ca-oa-sn-mv-pbg.svg,b26ac7ca00209f973903431c6b5b594e604684b8e6ad3a0822540e828c3bf2c0,757a3835aecf96bc4a41aae84d53f55faa3de2ca04afb36a27d046fc49726ebf,0.21238981882731123,1.068135697151456,0.0024308924755141546,0.23705722438062043,2.424020042956634,0.40572954830772384,"{""fixation_baked_in"":false,""palette_values"":{""black"":24,""gray"":133,""white"":232},""render"":{""background_color"":""black"",""content_face_accent_side"":"""",""figure_color"":""gray"",""figure_region"":""vase"",""fixation_baked_in"":false,""shade_color"":"""",""shadow_dx"":0.0,""shadow_dy"":0.0,""shadow_max_radius"":0.065,""shadow_min_abs_component"":0.02,""shadow_pair_mirrored"":false,""shadow_seed"":15388335227686237655,""third_color"":""white""}}"
oc-274578-heads__ca-oa-sn-mv-pbw,oc-274578-heads,oc-274578-heads,8CAE2F5E0D4DF810EFF9F4C745FB3573574F75BAB604F6038E3833CFE0C473F4,CC0-1.0,content-ambiguous__outline-ambiguous__shading-none__material-vase__polarity-outer-black_center-white,ca-oa-sn-mv-pbw,ambiguous,ambiguous,none,vase,outer-black_center-white,vase,False,,material,vase,white,black,gray,,,0.0,0.0,False,4725922039937974161,78108,v1,png/oc-274578-heads__ca-oa-sn-mv-pbw.png,svg/oc-274578-heads__ca-oa-sn-mv-pbw.svg,005797917de7de5103e8610f4f270248d1c0a5149467348366008c5ccbe28164,b32d58f4fb6764c1cb34c6c26aacc059dc83c92967a0ea6d8d097ea33448c098,0.25764417461320466,1.155274441818189,0.002600980901280355,0.23705722438062043,2.424020042956634,0.40572954830772384,"{""fixation_baked_in"":false,""palette_values"":{""black"":24,""gray"":133,""white"":232},""render"":{""background_color"":""black"",""content_face_accent_side"":"""",""figure_color"":""white"",""figure_region"":""vase"",""fixation_baked_in"":false,""shade_color"":"""",""shadow_dx"":0.0,""shadow_dy"":0.0,""shadow_max_radius"":0.065,""shadow_min_abs_component"":0.02,""shadow_pair_mirrored"":false,""shadow_seed"":4725922039937974161,""third_color"":""gray""}}"
oc-274578-heads__ca-oa-sn-mv-pgb,oc-274578-heads,oc-274578-heads,8CAE2F5E0D4DF810EFF9F4C745FB3573574F75BAB604F6038E3833CFE0C473F4,CC0-1.0,content-ambiguous__outline-ambiguous__shading-none__material-vase__polarity-outer-gray_center-black,ca-oa-sn-mv-pgb,ambiguous,ambiguous,none,vase,outer-gray_center-black,vase,False,,material,vase,black,gray,white,,,0.0,0.0,False,10376649221967040699,78108,v1,png/oc-274578-heads__ca-oa-sn-mv-pgb.png,svg/oc-274578-heads__ca-oa-sn-mv-pgb.svg,00741507ee25c296cfda8ba4214aceba2fccbe27b69ee6d0e6c12925b6d2bc16,a8f2ca0cea4291871bb4d319ee44f8f9a93220365ae834daa824b127f01dacee,0.45412553151448576,0.27742098023891226,0.001932194783460794,0.23705722438062043,2.424020042956634,0.40572954830772384,"{""fixation_baked_in"":false,""palette_values"":{""black"":24,""gray"":133,""white"":232},""render"":{""background_color"":""gray"",""content_face_accent_side"":"""",""figure_color"":""black"",""figure_region"":""vase"",""fixation_baked_in"":false,""shade_color"":"""",""shadow_dx"":0.0,""shadow_dy"":0.0,""shadow_max_radius"":0.065,""shadow_min_abs_component"":0.02,""shadow_pair_mirrored"":false,""shadow_seed"":10376649221967040699,""third_color"":""white""}}"
oc-274578-heads__ca-oa-sn-mv-pgw,oc-274578-heads,oc-274578-heads,8CAE2F5E0D4DF810EFF9F4C745FB3573574F75BAB604F6038E3833CFE0C473F4,CC0-1.0,content-ambiguous__outline-ambiguous__shading-none__material-vase__polarity-outer-gray_center-white,ca-oa-sn-mv-pgw,ambiguous,ambiguous,none,vase,outer-gray_center-white,vase,False,,material,vase,white,gray,black,,,0.0,0.0,False,8532094870932671535,78108,v1,png/oc-274578-heads__ca-oa-sn-mv-pgw.png,svg/oc-274578-heads__ca-oa-sn-mv-pgw.svg,aba39ab4be459e7889bfda3b87f3d483d5a4589a0621ca6ea28e4c157efe5494,a3c8aa5fe7a85f46166e47cedbe8fa8da0c726845044c2f1887a1095d34988d9,0.583494597790288,0.2117670038742703,0.0017132230152569331,0.23705722438062043,2.424020042956634,0.40572954830772384,"{""fixation_baked_in"":false,""palette_values"":{""black"":24,""gray"":133,""white"":232},""render"":{""background_color"":""gray"",""content_face_accent_side"":"""",""figure_color"":""white"",""figure_region"":""vase"",""fixation_baked_in"":false,""shade_color"":"""",""shadow_dx"":0.0,""shadow_dy"":0.0,""shadow_max_radius"":0.065,""shadow_min_abs_component"":0.02,""shadow_pair_mirrored"":false,""shadow_seed"":8532094870932671535,""third_color"":""black""}}"
oc-274578-heads__ca-oa-sn-mv-pwb,oc-274578-heads,oc-274578-heads,8CAE2F5E0D4DF810EFF9F4C745FB3573574F75BAB604F6038E3833CFE0C473F4,CC0-1.0,content-ambiguous__outline-ambiguous__shading-none__material-vase__polarity-outer-white_center-black,ca-oa-sn-mv-pwb,ambiguous,ambiguous,none,vase,outer-white_center-black,vase,False,,material,vase,black,white,gray,,,0.0,0.0,False,4117146889564948218,78108,v1,png/oc-274578-heads__ca-oa-sn-mv-pwb.png,svg/oc-274578-heads__ca-oa-sn-mv-pwb.svg,b17d7c4c2597b07298a2b858becd8dc23bd6077e6fa89f295a08f248a6259547,759e2ec4b55e6ccbbb2e73b669d72636705a24c566dd3877df941e12bc70498e,0.7500820085114126,0.38398388325520166,0.002759954711967876,0.23705722438062043,2.424020042956634,0.40572954830772384,"{""fixation_baked_in"":false,""palette_values"":{""black"":24,""gray"":133,""white"":232},""render"":{""background_color"":""white"",""content_face_accent_side"":"""",""figure_color"":""black"",""figure_region"":""vase"",""fixation_baked_in"":false,""shade_color"":"""",""shadow_dx"":0.0,""shadow_dy"":0.0,""shadow_max_radius"":0.065,""shadow_min_abs_component"":0.02,""shadow_pair_mirrored"":false,""shadow_seed"":4117146889564948218,""third_color"":""gray""}}"
oc-274578-heads__ca-oa-sn-mv-pwg,oc-274578-heads,oc-274578-heads,8CAE2F5E0D4DF810EFF9F4C745FB3573574F75BAB604F6038E3833CFE0C473F4,CC0-1.0,content-ambiguous__outline-ambiguous__shading-none__material-vase__polarity-outer-white_center-gray,ca-oa-sn-mv-pwg,ambiguous,ambiguous,none,vase,outer-white_center-gray,vase,False,,material,vase,gray,white,black,,,0.0,0.0,False,11345962171133468885,78108,v1,png/oc-274578-heads__ca-oa-sn-mv-pwg.png,svg/oc-274578-heads__ca-oa-sn-mv-pwg.svg,de339a071e9557ffb52dba90e8605c3cac6d16fb92c8791d29045042b23f509c,ba0379a9dc345465d2752c3d3ab1a3598da3cd2350078e5d108093b4134a4bff,0.8341947518143001,0.18929526800706384,0.0024248915566959916,0.23705722438062043,2.424020042956634,0.40572954830772384,"{""fixation_baked_in"":false,""palette_values"":{""black"":24,""gray"":133,""white"":232},""render"":{""background_color"":""white"",""content_face_accent_side"":"""",""figure_color"":""gray"",""figure_region"":""vase"",""fixation_baked_in"":false,""shade_color"":"""",""shadow_dx"":0.0,""shadow_dy"":0.0,""shadow_max_radius"":0.065,""shadow_min_abs_component"":0.02,""shadow_pair_mirrored"":false,""shadow_seed"":11345962171133468885,""third_color"":""black""}}"
oc-274578-heads__ca-oa-sf-ma-pbg,oc-274578-heads,oc-274578-heads,8CAE2F5E0D4DF810EFF9F4C745FB3573574F75BAB604F6038E3833CFE0C473F4,CC0-1.0,content-ambiguous__outline-ambiguous__shading-figure__material-ambiguous__polarity-outer-black_center-gray,ca-oa-sf-ma-pbg,ambiguous,ambiguous,figure,ambiguous,outer-black_center-gray,vase,False,,shading,vase,gray,black,white,white,,0.0367572073388255,0.028305931224673026,False,9523636478396390027,78108,v1,png/oc-274578-heads__ca-oa-sf-ma-pbg.png,svg/oc-274578-heads__ca-oa-sf-ma-pbg.svg,78d896393985ffc40726fbc60c50a6f79e6acd2d19572a5b2dbe85b05a67d957,573da543fc1a463615e1010e8ed4d264390b9be82812857eb9f4ddd53dea4047,0.2374849282059015,1.004273910351513,0.0017641840307726223,0.23705722438062043,2.424020042956634,0.40572954830772384,"{""fixation_baked_in"":false,""palette_values"":{""black"":24,""gray"":133,""white"":232},""render"":{""background_color"":""black"",""content_face_accent_side"":"""",""figure_color"":""gray"",""figure_region"":""vase"",""fixation_baked_in"":false,""shade_color"":""white"",""shadow_dx"":0.0367572073388255,""shadow_dy"":0.028305931224673026,""shadow_max_radius"":0.065,""shadow_min_abs_component"":0.02,""shadow_pair_mirrored"":false,""shadow_seed"":9523636478396390027,""third_color"":""white""}}"
oc-274578-heads__ca-oa-sf-ma-pbw,oc-274578-heads,oc-274578-heads,8CAE2F5E0D4DF810EFF9F4C745FB3573574F75BAB604F6038E3833CFE0C473F4,CC0-1.0,content-ambiguous__outline-ambiguous__shading-figure__material-ambiguous__polarity-outer-black_center-white,ca-oa-sf-ma-pbw,ambiguous,ambiguous,figure,ambiguous,outer-black_center-white,vase,False,,shading,vase,white,black,gray,gray,,0.040772994579854636,0.024698227686501074,False,8761322791856532918,78108,v1,png/oc-274578-heads__ca-oa-sf-ma-pbw.png,svg/oc-274578-heads__ca-oa-sf-ma-pbw.svg,fb48af0f5edc3039cc297e4e697c1eff16c60e351cb39629b1bb457837dace35,272c7a94c462716a8f8cfb4f3d78c14e547b0ff2c2f5a37ad5fcfe92628eab81,0.3095059226540958,1.121512981315059,0.0018136551113602823,0.23705722438062043,2.424020042956634,0.40572954830772384,"{""fixation_baked_in"":false,""palette_values"":{""black"":24,""gray"":133,""white"":232},""render"":{""background_color"":""black"",""content_face_accent_side"":"""",""figure_color"":""white"",""figure_region"":""vase"",""fixation_baked_in"":false,""shade_color"":""gray"",""shadow_dx"":0.040772994579854636,""shadow_dy"":0.024698227686501074,""shadow_max_radius"":0.065,""shadow_min_abs_component"":0.02,""shadow_pair_mirrored"":false,""shadow_seed"":8761322791856532918,""third_color"":""gray""}}"
oc-274578-heads__ca-oa-sf-ma-pgb,oc-274578-heads,oc-274578-heads,8CAE2F5E0D4DF810EFF9F4C745FB3573574F75BAB604F6038E3833CFE0C473F4,CC0-1.0,content-ambiguous__outline-ambiguous__shading-figure__material-ambiguous__polarity-outer-gray_center-black,ca-oa-sf-ma-pgb,ambiguous,ambiguous,figure,ambiguous,outer-gray_center-black,vase,False,,shading,vase,black,gray,white,white,,-0.024579586213706907,0.03753726133664783,False,7406240547904760764,78108,v1,png/oc-274578-heads__ca-oa-sf-ma-pgb.png,svg/oc-274578-heads__ca-oa-sf-ma-pgb.svg,23f78054ac2e529e5d604db5cd3a4df2cf0256adffce4a37de58d7b62852c040,a929c1285c01794ee328601213c0424e9490f2b893e60e6a126d0f35b7a6c60f,0.44032209433761293,0.4778262400701839,0.0017774848820271021,0.23705722438062043,2.424020042956634,0.40572954830772384,"{""fixation_baked_in"":false,""palette_values"":{""black"":24,""gray"":133,""white"":232},""render"":{""background_color"":""gray"",""content_face_accent_side"":"""",""figure_color"":""black"",""figure_region"":""vase"",""fixation_baked_in"":false,""shade_color"":""white"",""shadow_dx"":-0.024579586213706907,""shadow_dy"":0.03753726133664783,""shadow_max_radius"":0.065,""shadow_min_abs_component"":0.02,""shadow_pair_mirrored"":false,""shadow_seed"":7406240547904760764,""third_color"":""white""}}"
oc-274578-heads__ca-oa-sf-ma-pgw,oc-274578-heads,oc-274578-heads,8CAE2F5E0D4DF810EFF9F4C745FB3573574F75BAB604F6038E3833CFE0C473F4,CC0-1.0,content-ambiguous__outline-ambiguous__shading-figure__material-ambiguous__polarity-outer-gray_center-white,ca-oa-sf-ma-pgw,ambiguous,ambiguous,figure,ambiguous,outer-gray_center-white,vase,False,,shading,vase,white,gray,black,black,,-0.02015730247329591,0.027413056549878693,False,16022433340781567918,78108,v1,png/oc-274578-heads__ca-oa-sf-ma-pgw.png,svg/oc-274578-heads__ca-oa-sf-ma-pgw.svg,c4c3563611caba0a5a950e8dd44e654ba1bd94f67e5532c427c17458ddd4db72,28bf4c70f251a49c15ee02fa7629f4703e8319e11ae1ab58e589060e1389f9f3,0.5965238271975051,0.3232448734194622,0.0017517778891859776,0.23705722438062043,2.424020042956634,0.40572954830772384,"{""fixation_baked_in"":false,""palette_values"":{""black"":24,""gray"":133,""white"":232},""render"":{""background_color"":""gray"",""content_face_accent_side"":"""",""figure_color"":""white"",""figure_region"":""vase"",""fixation_baked_in"":false,""shade_color"":""black"",""shadow_dx"":-0.02015730247329591,""shadow_dy"":0.027413056549878693,""shadow_max_radius"":0.065,""shadow_min_abs_component"":0.02,""shadow_pair_mirrored"":false,""shadow_seed"":16022433340781567918,""third_color"":""black""}}"
oc-274578-heads__ca-oa-sf-ma-pwb,oc-274578-heads,oc-274578-heads,8CAE2F5E0D4DF810EFF9F4C745FB3573574F75BAB604F6038E3833CFE0C473F4,CC0-1.0,content-ambiguous__outline-ambiguous__shading-figure__material-ambiguous__polarity-outer-white_center-black,ca-oa-sf-ma-pwb,ambiguous,ambiguous,figure,ambiguous,outer-white_center-black,vase,False,,shading,vase,black,white,gray,gray,,0.02774926044555633,0.029445116739747416,False,10370848120276528067,78108,v1,png/oc-274578-heads__ca-oa-sf-ma-pwb.png,svg/oc-274578-heads__ca-oa-sf-ma-pwb.svg,df80c99e2b7f3668811d65c1b5c01c29b8feab10edbc1f2c58497bf5d5d54a58,f0d48d9377930c3a9579d871d7e606f2fd2c5678a639ce6845794669cb80a6d6,0.6985081728766948,0.49548848998787365,0.001818693936518889,0.23705722438062043,2.424020042956634,0.40572954830772384,"{""fixation_baked_in"":false,""palette_values"":{""black"":24,""gray"":133,""white"":232},""render"":{""background_color"":""white"",""content_face_accent_side"":"""",""figure_color"":""black"",""figure_region"":""vase"",""fixation_baked_in"":false,""shade_color"":""gray"",""shadow_dx"":0.02774926044555633,""shadow_dy"":0.029445116739747416,""shadow_max_radius"":0.065,""shadow_min_abs_component"":0.02,""shadow_pair_mirrored"":false,""shadow_seed"":10370848120276528067,""third_color"":""gray""}}"
oc-274578-heads__ca-oa-sf-ma-pwg,oc-274578-heads,oc-274578-heads,8CAE2F5E0D4DF810EFF9F4C745FB3573574F75BAB604F6038E3833CFE0C473F4,CC0-1.0,content-ambiguous__outline-ambiguous__shading-figure__material-ambiguous__polarity-outer-white_center-gray,ca-oa-sf-ma-pwg,ambiguous,ambiguous,figure,ambiguous,outer-white_center-gray,vase,False,,shading,vase,gray,white,black,black,,0.02213696862734581,0.029930209764641665,False,8109810233378016408,78108,v1,png/oc-274578-heads__ca-oa-sf-ma-pwg.png,svg/oc-274578-heads__ca-oa-sf-ma-pwg.svg,0151b87b25d02a911b16005c44d39dab7607ead2dbf5b8410090c701b04c4818,a42311479e97a252a8d3f51e06e22587481086bd30c57def4911f89fb29d2153,0.7824975593417299,0.28003878589042613,0.0018218871890153911,0.23705722438062043,2.424020042956634,0.40572954830772384,"{""fixation_baked_in"":false,""palette_values"":{""black"":24,""gray"":133,""white"":232},""render"":{""background_color"":""white"",""content_face_accent_side"":"""",""figure_color"":""gray"",""figure_region"":""vase"",""fixation_baked_in"":false,""shade_color"":""black"",""shadow_dx"":0.02213696862734581,""shadow_dy"":0.029930209764641665,""shadow_max_radius"":0.065,""shadow_min_abs_component"":0.02,""shadow_pair_mirrored"":false,""shadow_seed"":8109810233378016408,""third_color"":""black""}}"
oc-274578-heads__ca-of-sn-ma-pbg,oc-274578-heads,oc-274578-heads,8CAE2F5E0D4DF810EFF9F4C745FB3573574F75BAB604F6038E3833CFE0C473F4,CC0-1.0,content-ambiguous__outline-face__shading-none__material-ambiguous__polarity-outer-black_center-gray,ca-of-sn-ma-pbg,ambiguous,face,none,ambiguous,outer-black_center-gray,face,False,outline,,face,black,gray,white,,,0.0,0.0,False,610142699250174278,78108,v1,png/oc-274578-heads__ca-of-sn-ma-pbg.png,svg/oc-274578-heads__ca-of-sn-ma-pbg.svg,0ff89345fbe89ca4f03904876c4331f5b2cb517ecffd97a51d71fc0167e673b8,71cfde36a9af1c94f67138e7ec129d718ae1f3960d57808827e81fda398c08ff,0.2655365700815238,0.7883391904141888,0.0007895681794223067,0.23705722438062043,2.424020042956634,0.40572954830772384,"{""fixation_baked_in"":false,""palette_values"":{""black"":24,""gray"":133,""white"":232},""render"":{""background_color"":""gray"",""content_face_accent_side"":"""",""figure_color"":""black"",""figure_region"":""face"",""fixation_baked_in"":false,""shade_color"":"""",""shadow_dx"":0.0,""shadow_dy"":0.0,""shadow_max_radius"":0.065,""shadow_min_abs_component"":0.02,""shadow_pair_mirrored"":false,""shadow_seed"":610142699250174278,""third_color"":""white""}}"
oc-274578-heads__ca-of-sn-ma-pbw,oc-274578-heads,oc-274578-heads,8CAE2F5E0D4DF810EFF9F4C745FB3573574F75BAB604F6038E3833CFE0C473F4,CC0-1.0,content-ambiguous__outline-face__shading-none__material-ambiguous__polarity-outer-black_center-white,ca-of-sn-ma-pbw,ambiguous,face,none,ambiguous,outer-black_center-white,face,False,outline,,face,black,white,gray,,,0.0,0.0,False,4727839857324690791,78108,v1,png/oc-274578-heads__ca-of-sn-ma-pbw.png,svg/oc-274578-heads__ca-of-sn-ma-pbw.svg,9fffb4dfd3f79f6c3c7b7e85fe650a71e1e04b0f45489fde9e713c8d35da77b5,d5974a13673f29b33270842d302997c09b2299f325a0430976b9d76511ec284f,0.4212281844195198,0.9483258459846752,0.00150670605485596,0.23705722438062043,2.424020042956634,0.40572954830772384,"{""fixation_baked_in"":false,""palette_values"":{""black"":24,""gray"":133,""white"":232},""render"":{""background_color"":""white"",""content_face_accent_side"":"""",""figure_color"":""black"",""figure_region"":""face"",""fixation_baked_in"":false,""shade_color"":"""",""shadow_dx"":0.0,""shadow_dy"":0.0,""shadow_max_radius"":0.065,""shadow_min_abs_component"":0.02,""shadow_pair_mirrored"":false,""shadow_seed"":4727839857324690791,""third_color"":""gray""}}"
oc-274578-heads__ca-of-sn-ma-pgb,oc-274578-heads,oc-274578-heads,8CAE2F5E0D4DF810EFF9F4C745FB3573574F75BAB604F6038E3833CFE0C473F4,CC0-1.0,content-ambiguous__outline-face__shading-none__material-ambiguous__polarity-outer-gray_center-black,ca-of-sn-ma-pgb,ambiguous,face,none,ambiguous,outer-gray_center-black,face,False,outline,,face,gray,black,white,,,0.0,0.0,False,2907843511463875612,78108,v1,png/oc-274578-heads__ca-of-sn-ma-pgb.png,svg/oc-274578-heads__ca-of-sn-ma-pgb.svg,ef49a31740aa666420d26c7631679f1a08bfbef2f14f9d690d78e05bba56f076,3e78178a723b2b242560dc4c4a74696950ae4a910e900e2cf9c96c9a01bb57a4,0.3501529992795458,0.5978310821694166,0.0007895756665324977,0.23705722438062043,2.424020042956634,0.40572954830772384,"{""fixation_baked_in"":false,""palette_values"":{""black"":24,""gray"":133,""white"":232},""render"":{""background_color"":""black"",""content_face_accent_side"":"""",""figure_color"":""gray"",""figure_region"":""face"",""fixation_baked_in"":false,""shade_color"":"""",""shadow_dx"":0.0,""shadow_dy"":0.0,""shadow_max_radius"":0.065,""shadow_min_abs_component"":0.02,""shadow_pair_mirrored"":false,""shadow_seed"":2907843511463875612,""third_color"":""white""}}"
oc-274578-heads__ca-of-sn-ma-pgw,oc-274578-heads,oc-274578-heads,8CAE2F5E0D4DF810EFF9F4C745FB3573574F75BAB604F6038E3833CFE0C473F4,CC0-1.0,content-ambiguous__outline-face__shading-none__material-ambiguous__polarity-outer-gray_center-white,ca-of-sn-ma-pgw,ambiguous,face,none,ambiguous,outer-gray_center-white,face,False,outline,,face,gray,white,black,,,0.0,0.0,False,13313387642806733306,78108,v1,png/oc-274578-heads__ca-of-sn-ma-pgw.png,svg/oc-274578-heads__ca-of-sn-ma-pgw.svg,e596e65ca8989ee06142821d75c7cbfb9170253a887da9cb7decb7381718e71d,ffdb0a620aca1979f078a956584a7c64a18775c08a65e35786821f45a3a251ab,0.6772573134478401,0.28073063406692733,0.0007171378754336534,0.23705722438062043,2.424020042956634,0.40572954830772384,"{""fixation_baked_in"":false,""palette_values"":{""black"":24,""gray"":133,""white"":232},""render"":{""background_color"":""white"",""content_face_accent_side"":"""",""figure_color"":""gray"",""figure_region"":""face"",""fixation_baked_in"":false,""shade_color"":"""",""shadow_dx"":0.0,""shadow_dy"":0.0,""shadow_max_radius"":0.065,""shadow_min_abs_component"":0.02,""shadow_pair_mirrored"":false,""shadow_seed"":13313387642806733306,""third_color"":""black""}}"
oc-274578-heads__ca-of-sn-ma-pwb,oc-274578-heads,oc-274578-heads,8CAE2F5E0D4DF810EFF9F4C745FB3573574F75BAB604F6038E3833CFE0C473F4,CC0-1.0,content-ambiguous__outline-face__shading-none__material-ambiguous__polarity-outer-white_center-black,ca-of-sn-ma-pwb,ambiguous,face,none,ambiguous,outer-white_center-black,face,False,outline,,face,white,black,gray,,,0.0,0.0,False,9258376777995184847,78108,v1,png/oc-274578-heads__ca-of-sn-ma-pwb.png,svg/oc-274578-heads__ca-of-sn-ma-pwb.svg,11ac8acd20f07a514a79f3e7ff5feeff8e71ff0f0633199e848fcfcce8d4a31a,f818fd674ccc7614010c3020431d24fcd92584fd6a52a7a7e1eba267ddf180aa,0.5826933842079314,0.6855433495014315,0.00150670605485596,0.23705722438062043,2.424020042956634,0.40572954830772384,"{""fixation_baked_in"":false,""palette_values"":{""black"":24,""gray"":133,""white"":232},""render"":{""background_color"":""black"",""content_face_accent_side"":"""",""figure_color"":""white"",""figure_region"":""face"",""fixation_baked_in"":false,""shade_color"":"""",""shadow_dx"":0.0,""shadow_dy"":0.0,""shadow_max_radius"":0.065,""shadow_min_abs_component"":0.02,""shadow_pair_mirrored"":false,""shadow_seed"":9258376777995184847,""third_color"":""gray""}}"
oc-274578-heads__ca-of-sn-ma-pwg,oc-274578-heads,oc-274578-heads,8CAE2F5E0D4DF810EFF9F4C745FB3573574F75BAB604F6038E3833CFE0C473F4,CC0-1.0,content-ambiguous__outline-face__shading-none__material-ambiguous__polarity-outer-white_center-gray,ca-of-sn-ma-pwg,ambiguous,face,none,ambiguous,outer-white_center-gray,face,False,outline,,face,white,gray,black,,,0.0,0.0,False,9601751390880419364,78108,v1,png/oc-274578-heads__ca-of-sn-ma-pwg.png,svg/oc-274578-heads__ca-of-sn-ma-pwg.svg,c0b63c8a5416f229b4018d58272ceff5824858dd15e1b192baca52f59481885f,0f1af9edd2a9de1d3047d4b6ecedb9d6b0863950c77677051d281f4ed3de46bd,0.7541103774426032,0.25212221989867223,0.0007171378754336534,0.23705722438062043,2.424020042956634,0.40572954830772384,"{""fixation_baked_in"":false,""palette_values"":{""black"":24,""gray"":133,""white"":232},""render"":{""background_color"":""gray"",""content_face_accent_side"":"""",""figure_color"":""white"",""figure_region"":""face"",""fixation_baked_in"":false,""shade_color"":"""",""shadow_dx"":0.0,""shadow_dy"":0.0,""shadow_max_radius"":0.065,""shadow_min_abs_component"":0.02,""shadow_pair_mirrored"":false,""shadow_seed"":9601751390880419364,""third_color"":""black""}}"
oc-274578-heads__ca-of-sn-mv-pbg,oc-274578-heads,oc-274578-heads,8CAE2F5E0D4DF810EFF9F4C745FB3573574F75BAB604F6038E3833CFE0C473F4,CC0-1.0,content-ambiguous__outline-face__shading-none__material-vase__polarity-outer-black_center-gray,ca-of-sn-mv-pbg,ambiguous,face,none,vase,outer-black_center-gray,conflict,True,outline,material,face,black,gray,white,,,0.0,0.0,False,85414826673686232,78108,v1,png/oc-274578-heads__ca-of-sn-mv-pbg.png,svg/oc-274578-heads__ca-of-sn-mv-pbg.svg,488b28f1cbc7257675fad27de12e8c051a9772dc3cfd8d624834dce467ae54ff,503e2d48cd20539b819336a24dd4c99c3cc9ea70c35d69f5b75d8caf7b7d6374,0.282517780977137,0.8665580576644066,0.0023976796547064572,0.23705722438062043,2.424020042956634,0.40572954830772384,"{""fixation_baked_in"":false,""palette_values"":{""black"":24,""gray"":133,""white"":232},""render"":{""background_color"":""gray"",""content_face_accent_side"":"""",""figure_color"":""black"",""figure_region"":""face"",""fixation_baked_in"":false,""shade_color"":"""",""shadow_dx"":0.0,""shadow_dy"":0.0,""shadow_max_radius"":0.065,""shadow_min_abs_component"":0.02,""shadow_pair_mirrored"":false,""shadow_seed"":85414826673686232,""third_color"":""white""}}"
oc-274578-heads__ca-of-sn-mv-pbw,oc-274578-heads,oc-274578-heads,8CAE2F5E0D4DF810EFF9F4C745FB3573574F75BAB604F6038E3833CFE0C473F4,CC0-1.0,content-ambiguous__outline-face__shading-none__material-vase__polarity-outer-black_center-white,ca-of-sn-mv-pbw,ambiguous,face,none,vase,outer-black_center-white,conflict,True,outline,material,face,black,white,gray,,,0.0,0.0,False,17560634575527876973,78108,v1,png/oc-274578-heads__ca-of-sn-mv-pbw.png,svg/oc-274578-heads__ca-of-sn-mv-pbw.svg,f969f549aae4cb407dd25749c524ae785c218441e5d2b3c3e60062b518c7660a,b0655060576f2390bcca911ad1ce6d8d996f7baea2265a01406fa3d585b38a19,0.3914677040249694,0.9423165486626623,0.0025780329085446493,0.23705722438062043,2.424020042956634,0.40572954830772384,"{""fixation_baked_in"":false,""palette_values"":{""black"":24,""gray"":133,""white"":232},""render"":{""background_color"":""white"",""content_face_accent_side"":"""",""figure_color"":""black"",""figure_region"":""face"",""fixation_baked_in"":false,""shade_color"":"""",""shadow_dx"":0.0,""shadow_dy"":0.0,""shadow_max_radius"":0.065,""shadow_min_abs_component"":0.02,""shadow_pair_mirrored"":false,""shadow_seed"":17560634575527876973,""third_color"":""gray""}}"
oc-274578-heads__ca-of-sn-mv-pgb,oc-274578-heads,oc-274578-heads,8CAE2F5E0D4DF810EFF9F4C745FB3573574F75BAB604F6038E3833CFE0C473F4,CC0-1.0,content-ambiguous__outline-face__shading-none__material-vase__polarity-outer-gray_center-black,ca-of-sn-mv-pgb,ambiguous,face,none,vase,outer-gray_center-black,conflict,True,outline,material,face,gray,black,white,,,0.0,0.0,False,11243821704048710927,78108,v1,png/oc-274578-heads__ca-of-sn-mv-pgb.png,svg/oc-274578-heads__ca-of-sn-mv-pgb.svg,49915308182879f17bfbd375a5ebebead7969d13ce6824d9d787409b56fcc2f9,c5144e710fc4b572005a8fbdaecf549a1b6c453e1fe0c5073447cbf6bde03b6b,0.3839979470944872,0.46198320323011116,0.001959099713932494,0.23705722438062043,2.424020042956634,0.40572954830772384,"{""fixation_baked_in"":false,""palette_values"":{""black"":24,""gray"":133,""white"":232},""render"":{""background_color"":""black"",""content_face_accent_side"":"""",""figure_color"":""gray"",""figure_region"":""face"",""fixation_baked_in"":false,""shade_color"":"""",""shadow_dx"":0.0,""shadow_dy"":0.0,""shadow_max_radius"":0.065,""shadow_min_abs_component"":0.02,""shadow_pair_mirrored"":false,""shadow_seed"":11243821704048710927,""third_color"":""white""}}"
oc-274578-heads__ca-of-sn-mv-pgw,oc-274578-heads,oc-274578-heads,8CAE2F5E0D4DF810EFF9F4C745FB3573574F75BAB604F6038E3833CFE0C473F4,CC0-1.0,content-ambiguous__outline-face__shading-none__material-vase__polarity-outer-gray_center-white,ca-of-sn-mv-pgw,ambiguous,face,none,vase,outer-gray_center-white,conflict,True,outline,material,face,gray,white,black,,,0.0,0.0,False,8737904976302677413,78108,v1,png/oc-274578-heads__ca-of-sn-mv-pgw.png,svg/oc-274578-heads__ca-of-sn-mv-pgw.svg,1fba89b52952f6c4e9d8598db260ae0ddd52a6d619fd4d21560ac71f0a9b4727,fa4b25c932690b965860ae926f08d60f52ed6ef4617bdc86256d59d0dc3fe19d,0.647188856087479,0.2587877261713765,0.0018175746135453204,0.23705722438062043,2.424020042956634,0.40572954830772384,"{""fixation_baked_in"":false,""palette_values"":{""black"":24,""gray"":133,""white"":232},""render"":{""background_color"":""white"",""content_face_accent_side"":"""",""figure_color"":""gray"",""figure_region"":""face"",""fixation_baked_in"":false,""shade_color"":"""",""shadow_dx"":0.0,""shadow_dy"":0.0,""shadow_max_radius"":0.065,""shadow_min_abs_component"":0.02,""shadow_pair_mirrored"":false,""shadow_seed"":8737904976302677413,""third_color"":""black""}}"
oc-274578-heads__ca-of-sn-mv-pwb,oc-274578-heads,oc-274578-heads,8CAE2F5E0D4DF810EFF9F4C745FB3573574F75BAB604F6038E3833CFE0C473F4,CC0-1.0,content-ambiguous__outline-face__shading-none__material-vase__polarity-outer-white_center-black,ca-of-sn-mv-pwb,ambiguous,face,none,vase,outer-white_center-black,conflict,True,outline,material,face,white,black,gray,,,0.0,0.0,False,15116292984837019674,78108,v1,png/oc-274578-heads__ca-of-sn-mv-pwb.png,svg/oc-274578-heads__ca-of-sn-mv-pwb.svg,11672d4c8f611abe97898f1dc20fda7e286579bd5d2c5838c328b83e9e79b35f,4408afd446f1c284e22aba3a9f51e614c68c86f80e711411a4710ad249d3e17e,0.6162584790996479,0.5883370972190378,0.0026710003557874765,0.23705722438062043,2.424020042956634,0.40572954830772384,"{""fixation_baked_in"":false,""palette_values"":{""black"":24,""gray"":133,""white"":232},""render"":{""background_color"":""black"",""content_face_accent_side"":"""",""figure_color"":""white"",""figure_region"":""face"",""fixation_baked_in"":false,""shade_color"":"""",""shadow_dx"":0.0,""shadow_dy"":0.0,""shadow_max_radius"":0.065,""shadow_min_abs_component"":0.02,""shadow_pair_mirrored"":false,""shadow_seed"":15116292984837019674,""third_color"":""gray""}}"
oc-274578-heads__ca-of-sn-mv-pwg,oc-274578-heads,oc-274578-heads,8CAE2F5E0D4DF810EFF9F4C745FB3573574F75BAB604F6038E3833CFE0C473F4,CC0-1.0,content-ambiguous__outline-face__shading-none__material-vase__polarity-outer-white_center-gray,ca-of-sn-mv-pwg,ambiguous,face,none,vase,outer-white_center-gray,conflict,True,outline,material,face,white,gray,black,,,0.0,0.0,False,14598183674490661785,78108,v1,png/oc-274578-heads__ca-of-sn-mv-pwg.png,svg/oc-274578-heads__ca-of-sn-mv-pwg.svg,a69c2a851e3772815204e7a2dc0bc79aa899de6b1f3ef43d22c5c49ccd4886fb,b738f0f3176078fcc26fdb897427e51274909e3d82314154404fb5305c1240c4,0.7705007029514688,0.24616531321467464,0.002421683329979108,0.23705722438062043,2.424020042956634,0.40572954830772384,"{""fixation_baked_in"":false,""palette_values"":{""black"":24,""gray"":133,""white"":232},""render"":{""background_color"":""gray"",""content_face_accent_side"":"""",""figure_color"":""white"",""figure_region"":""face"",""fixation_baked_in"":false,""shade_color"":"""",""shadow_dx"":0.0,""shadow_dy"":0.0,""shadow_max_radius"":0.065,""shadow_min_abs_component"":0.02,""shadow_pair_mirrored"":false,""shadow_seed"":14598183674490661785,""third_color"":""black""}}"
oc-274578-heads__ca-of-sf-ma-pbg,oc-274578-heads,oc-274578-heads,8CAE2F5E0D4DF810EFF9F4C745FB3573574F75BAB604F6038E3833CFE0C473F4,CC0-1.0,content-ambiguous__outline-face__shading-figure__material-ambiguous__polarity-outer-black_center-gray,ca-of-sf-ma-pbg,ambiguous,face,figure,ambiguous,outer-black_center-gray,face,False,outline|shading,,face,black,gray,white,white,,0.0274898590328369,-0.033830497689184114,True,15150716621624801256,78108,v1,png/oc-274578-heads__ca-of-sf-ma-pbg.png,svg/oc-274578-heads__ca-of-sf-ma-pbg.svg,a4d4cd3eb410330e84005048bc28a087cddfc4700d7d7199f0fa783adda09f35,3c0b551de57578689b1d2392070c2222f8aa6161a5b3dc1a93f8d03399ce22bf,0.29227107926911,0.8855043394034953,0.0018455651749947292,0.23705722438062043,2.424020042956634,0.40572954830772384,"{""fixation_baked_in"":false,""palette_values"":{""black"":24,""gray"":133,""white"":232},""render"":{""background_color"":""gray"",""content_face_accent_side"":"""",""figure_color"":""black"",""figure_region"":""face"",""fixation_baked_in"":false,""shade_color"":""white"",""shadow_dx"":0.0274898590328369,""shadow_dy"":-0.033830497689184114,""shadow_max_radius"":0.065,""shadow_min_abs_component"":0.02,""shadow_pair_mirrored"":true,""shadow_seed"":15150716621624801256,""third_color"":""white""}}"
oc-274578-heads__ca-of-sf-ma-pbw,oc-274578-heads,oc-274578-heads,8CAE2F5E0D4DF810EFF9F4C745FB3573574F75BAB604F6038E3833CFE0C473F4,CC0-1.0,content-ambiguous__outline-face__shading-figure__material-ambiguous__polarity-outer-black_center-white,ca-of-sf-ma-pbw,ambiguous,face,figure,ambiguous,outer-black_center-white,face,False,outline|shading,,face,black,white,gray,gray,,-0.024176544916446392,0.02953583895519592,True,9990565780737998197,78108,v1,png/oc-274578-heads__ca-of-sf-ma-pbw.png,svg/oc-274578-heads__ca-of-sf-ma-pbw.svg,cb843687ee9e03d8a8d99190a93acb0a97eb0540dc076e202760ec9939570eb7,14b6980310c29b2e5278ab768438523807e70fd1f4cf8d9d8d918cc9372ff960,0.41332950966030957,0.9521187025152169,0.0015151777200371839,0.23705722438062043,2.424020042956634,0.40572954830772384,"{""fixation_baked_in"":false,""palette_values"":{""black"":24,""gray"":133,""white"":232},""render"":{""background_color"":""white"",""content_face_accent_side"":"""",""figure_color"":""black"",""figure_region"":""face"",""fixation_baked_in"":false,""shade_color"":""gray"",""shadow_dx"":-0.024176544916446392,""shadow_dy"":0.02953583895519592,""shadow_max_radius"":0.065,""shadow_min_abs_component"":0.02,""shadow_pair_mirrored"":true,""shadow_seed"":9990565780737998197,""third_color"":""gray""}}"
oc-274578-heads__ca-of-sf-ma-pgb,oc-274578-heads,oc-274578-heads,8CAE2F5E0D4DF810EFF9F4C745FB3573574F75BAB604F6038E3833CFE0C473F4,CC0-1.0,content-ambiguous__outline-face__shading-figure__material-ambiguous__polarity-outer-gray_center-black,ca-of-sf-ma-pgb,ambiguous,face,figure,ambiguous,outer-gray_center-black,face,False,outline|shading,,face,gray,black,white,white,,0.03570739839887398,-0.03209695730748537,True,6032391029330475104,78108,v1,png/oc-274578-heads__ca-of-sf-ma-pgb.png,svg/oc-274578-heads__ca-of-sf-ma-pgb.svg,ef1c72ecef19bc9fddca89e2e586f6c5e4d6df2396056659be9efcdd279a9084,b5679778fb262bd351ed205b40a7dd9c78eeb349ee260ab66937f43282208a7f,0.4148683697569604,0.5858452492331723,0.0018907236801123186,0.23705722438062043,2.424020042956634,0.40572954830772384,"{""fixation_baked_in"":false,""palette_values"":{""black"":24,""gray"":133,""white"":232},""render"":{""background_color"":""black"",""content_face_accent_side"":"""",""figure_color"":""gray"",""figure_region"":""face"",""fixation_baked_in"":false,""shade_color"":""white"",""shadow_dx"":0.03570739839887398,""shadow_dy"":-0.03209695730748537,""shadow_max_radius"":0.065,""shadow_min_abs_component"":0.02,""shadow_pair_mirrored"":true,""shadow_seed"":6032391029330475104,""third_color"":""white""}}"
oc-274578-heads__ca-of-sf-ma-pgw,oc-274578-heads,oc-274578-heads,8CAE2F5E0D4DF810EFF9F4C745FB3573574F75BAB604F6038E3833CFE0C473F4,CC0-1.0,content-ambiguous__outline-face__shading-figure__material-ambiguous__polarity-outer-gray_center-white,ca-of-sf-ma-pgw,ambiguous,face,figure,ambiguous,outer-gray_center-white,face,False,outline|shading,,face,gray,white,black,black,,0.04992202150193429,-0.02113663435520588,True,7890647206432447880,78108,v1,png/oc-274578-heads__ca-of-sf-ma-pgw.png,svg/oc-274578-heads__ca-of-sf-ma-pgw.svg,65edee0eb0f7e5fd67993ae1ee69d83ec6fd9d35ecda8cf9e227953ae024874e,bdf8f5644f936957644c291f8bbbad0888436db8583015cc38f68e9857bec3e7,0.6018419789332969,0.39543729872701705,0.0019547721642420406,0.23705722438062043,2.424020042956634,0.40572954830772384,"{""fixation_baked_in"":false,""palette_values"":{""black"":24,""gray"":133,""white"":232},""render"":{""background_color"":""white"",""content_face_accent_side"":"""",""figure_color"":""gray"",""figure_region"":""face"",""fixation_baked_in"":false,""shade_color"":""black"",""shadow_dx"":0.04992202150193429,""shadow_dy"":-0.02113663435520588,""shadow_max_radius"":0.065,""shadow_min_abs_component"":0.02,""shadow_pair_mirrored"":true,""shadow_seed"":7890647206432447880,""third_color"":""black""}}"
oc-274578-heads__ca-of-sf-ma-pwb,oc-274578-heads,oc-274578-heads,8CAE2F5E0D4DF810EFF9F4C745FB3573574F75BAB604F6038E3833CFE0C473F4,CC0-1.0,content-ambiguous__outline-face__shading-figure__material-ambiguous__polarity-outer-white_center-black,ca-of-sf-ma-pwb,ambiguous,face,figure,ambiguous,outer-white_center-black,face,False,outline|shading,,face,white,black,gray,gray,,0.021361367704125965,0.024340710348029808,True,17289718319884561110,78108,v1,png/oc-274578-heads__ca-of-sf-ma-pwb.png,svg/oc-274578-heads__ca-of-sf-ma-pwb.svg,5662ca54932ffc976389301f4bbd73ede15b05b95eda95737bee2ff71431ae07,66340d68cb4c861e803ce1ffc5c8da6839fbff637005018cdeda907c69029e19,0.6024418886970072,0.6394885015938365,0.0015450625203649398,0.23705722438062043,2.424020042956634,0.40572954830772384,"{""fixation_baked_in"":false,""palette_values"":{""black"":24,""gray"":133,""white"":232},""render"":{""background_color"":""black"",""content_face_accent_side"":"""",""figure_color"":""white"",""figure_region"":""face"",""fixation_baked_in"":false,""shade_color"":""gray"",""shadow_dx"":0.021361367704125965,""shadow_dy"":0.024340710348029808,""shadow_max_radius"":0.065,""shadow_min_abs_component"":0.02,""shadow_pair_mirrored"":true,""shadow_seed"":17289718319884561110,""third_color"":""gray""}}"
oc-274578-heads__ca-of-sf-ma-pwg,oc-274578-heads,oc-274578-heads,8CAE2F5E0D4DF810EFF9F4C745FB3573574F75BAB604F6038E3833CFE0C473F4,CC0-1.0,content-ambiguous__outline-face__shading-figure__material-ambiguous__polarity-outer-white_center-gray,ca-of-sf-ma-pwg,ambiguous,face,figure,ambiguous,outer-white_center-gray,face,False,outline|shading,,face,white,gray,black,black,,-0.027746927151461948,-0.0345867846117777,True,14318032629084936530,78108,v1,png/oc-274578-heads__ca-of-sf-ma-pwg.png,svg/oc-274578-heads__ca-of-sf-ma-pwg.svg,df7c8511fe6132332f3a74dc2c592e06de84961c9f3ce450f3ad9bc4e388419f,b878010cb10fea817de293aff31fb0eec6bb60ffd1f158ff5c2ea6c8265a7cc5,0.7476324792001763,0.2735684259328293,0.0010486409098096716,0.23705722438062043,2.424020042956634,0.40572954830772384,"{""fixation_baked_in"":false,""palette_values"":{""black"":24,""gray"":133,""white"":232},""render"":{""background_color"":""gray"",""content_face_accent_side"":"""",""figure_color"":""white"",""figure_region"":""face"",""fixation_baked_in"":false,""shade_color"":""black"",""shadow_dx"":-0.027746927151461948,""shadow_dy"":-0.0345867846117777,""shadow_max_radius"":0.065,""shadow_min_abs_component"":0.02,""shadow_pair_mirrored"":true,""shadow_seed"":14318032629084936530,""third_color"":""black""}}"
oc-274578-heads__cv-oa-sn-ma-pbg,oc-274578-heads,oc-274578-heads,8CAE2F5E0D4DF810EFF9F4C745FB3573574F75BAB604F6038E3833CFE0C473F4,CC0-1.0,content-vase__outline-ambiguous__shading-none__material-ambiguous__polarity-outer-black_center-gray,cv-oa-sn-ma-pbg,vase,ambiguous,none,ambiguous,outer-black_center-gray,vase,False,,content,vase,gray,black,white,,,0.0,0.0,False,14053788493837143046,78108,v1,png/oc-274578-heads__cv-oa-sn-ma-pbg.png,svg/oc-274578-heads__cv-oa-sn-ma-pbg.svg,cb35585096ed8fc2dd31ddb31b4cfc6ee03106db734d3be01037b5e370927379,f5ff33836ba54d9ed53f8f84c4c367275b61d383de541d01d301c610fa81794c,0.3749543320898917,0.8799381840363681,0.010595181834952947,0.23705722438062043,2.424020042956634,0.40572954830772384,"{""fixation_baked_in"":false,""palette_values"":{""black"":24,""gray"":133,""white"":232},""render"":{""background_color"":""black"",""content_face_accent_side"":"""",""figure_color"":""gray"",""figure_region"":""vase"",""fixation_baked_in"":false,""shade_color"":"""",""shadow_dx"":0.0,""shadow_dy"":0.0,""shadow_max_radius"":0.065,""shadow_min_abs_component"":0.02,""shadow_pair_mirrored"":false,""shadow_seed"":14053788493837143046,""third_color"":""white""}}"
oc-274578-heads__cv-oa-sn-ma-pbw,oc-274578-heads,oc-274578-heads,8CAE2F5E0D4DF810EFF9F4C745FB3573574F75BAB604F6038E3833CFE0C473F4,CC0-1.0,content-vase__outline-ambiguous__shading-none__material-ambiguous__polarity-outer-black_center-white,cv-oa-sn-ma-pbw,vase,ambiguous,none,ambiguous,outer-black_center-white,vase,False,,content,vase,white,black,gray,,,0.0,0.0,False,11099462631816900386,78108,v1,png/oc-274578-heads__cv-oa-sn-ma-pbw.png,svg/oc-274578-heads__cv-oa-sn-ma-pbw.svg,e18bb3cc7a518ec7f7770c5188f8c887f0e2d6874d4b771196306818bcfa2e14,7049a315ebd334e2d918d3b6530c9f495e19f8467bf23e273f5d65169db5c3a5,0.381295394897461,0.8873559630705693,0.006652832733166582,0.23705722438062043,2.424020042956634,0.40572954830772384,"{""fixation_baked_in"":false,""palette_values"":{""black"":24,""gray"":133,""white"":232},""render"":{""background_color"":""black"",""content_face_accent_side"":"""",""figure_color"":""white"",""figure_region"":""vase"",""fixation_baked_in"":false,""shade_color"":"""",""shadow_dx"":0.0,""shadow_dy"":0.0,""shadow_max_radius"":0.065,""shadow_min_abs_component"":0.02,""shadow_pair_mirrored"":false,""shadow_seed"":11099462631816900386,""third_color"":""gray""}}"
oc-274578-heads__cv-oa-sn-ma-pgb,oc-274578-heads,oc-274578-heads,8CAE2F5E0D4DF810EFF9F4C745FB3573574F75BAB604F6038E3833CFE0C473F4,CC0-1.0,content-vase__outline-ambiguous__shading-none__material-ambiguous__polarity-outer-gray_center-black,cv-oa-sn-ma-pgb,vase,ambiguous,none,ambiguous,outer-gray_center-black,vase,False,,content,vase,black,gray,white,,,0.0,0.0,False,406072069030039645,78108,v1,png/oc-274578-heads__cv-oa-sn-ma-pgb.png,svg/oc-274578-heads__cv-oa-sn-ma-pgb.svg,714ae5a2241f828fcf5c50560ab6f0cdce25e2714f6b21a5a1ae8c58ea1d77d5,db16f1754d807d466277e8594897723a8a09b76070e07bf2ecf98b5d8d1871e4,0.5059489755069508,0.5435806047333547,0.005719205066557415,0.23705722438062043,2.424020042956634,0.40572954830772384,"{""fixation_baked_in"":false,""palette_values"":{""black"":24,""gray"":133,""white"":232},""render"":{""background_color"":""gray"",""content_face_accent_side"":"""",""figure_color"":""black"",""figure_region"":""vase"",""fixation_baked_in"":false,""shade_color"":"""",""shadow_dx"":0.0,""shadow_dy"":0.0,""shadow_max_radius"":0.065,""shadow_min_abs_component"":0.02,""shadow_pair_mirrored"":false,""shadow_seed"":406072069030039645,""third_color"":""white""}}"
oc-274578-heads__cv-oa-sn-ma-pgw,oc-274578-heads,oc-274578-heads,8CAE2F5E0D4DF810EFF9F4C745FB3573574F75BAB604F6038E3833CFE0C473F4,CC0-1.0,content-vase__outline-ambiguous__shading-none__material-ambiguous__polarity-outer-gray_center-white,cv-oa-sn-ma-pgw,vase,ambiguous,none,ambiguous,outer-gray_center-white,vase,False,,content,vase,white,gray,black,,,0.0,0.0,False,13876878462928008022,78108,v1,png/oc-274578-heads__cv-oa-sn-ma-pgw.png,svg/oc-274578-heads__cv-oa-sn-ma-pgw.svg,c486f2f5785860a83209810b7a91b0c9a425bc4d769a8605b24d23722c315f94,d001f19e1e1795782faf154c8582ba4aa85304a1d844f30d5533770a9746bd02,0.519222947662952,0.5284463483411128,0.006120469250138962,0.23705722438062043,2.424020042956634,0.40572954830772384,"{""fixation_baked_in"":false,""palette_values"":{""black"":24,""gray"":133,""white"":232},""render"":{""background_color"":""gray"",""content_face_accent_side"":"""",""figure_color"":""white"",""figure_region"":""vase"",""fixation_baked_in"":false,""shade_color"":"""",""shadow_dx"":0.0,""shadow_dy"":0.0,""shadow_max_radius"":0.065,""shadow_min_abs_component"":0.02,""shadow_pair_mirrored"":false,""shadow_seed"":13876878462928008022,""third_color"":""black""}}"
oc-274578-heads__cv-oa-sn-ma-pwb,oc-274578-heads,oc-274578-heads,8CAE2F5E0D4DF810EFF9F4C745FB3573574F75BAB604F6038E3833CFE0C473F4,CC0-1.0,content-vase__outline-ambiguous__shading-none__material-ambiguous__polarity-outer-white_center-black,cv-oa-sn-ma-pwb,vase,ambiguous,none,ambiguous,outer-white_center-black,vase,False,,content,vase,black,white,gray,,,0.0,0.0,False,14918295594256425191,78108,v1,png/oc-274578-heads__cv-oa-sn-ma-pwb.png,svg/oc-274578-heads__cv-oa-sn-ma-pwb.svg,2f8cd08fd11a2dbabe9c04ac39b36c3cf0d2e84d881243476b1cae848567300f,69b88931e33ef397631828aea8888ede75274cabb61f3aa2208337fc5400bfb9,0.6312659618901273,0.531122474794742,0.006198967856937496,0.23705722438062043,2.424020042956634,0.40572954830772384,"{""fixation_baked_in"":false,""palette_values"":{""black"":24,""gray"":133,""white"":232},""render"":{""background_color"":""white"",""content_face_accent_side"":"""",""figure_color"":""black"",""figure_region"":""vase"",""fixation_baked_in"":false,""shade_color"":"""",""shadow_dx"":0.0,""shadow_dy"":0.0,""shadow_max_radius"":0.065,""shadow_min_abs_component"":0.02,""shadow_pair_mirrored"":false,""shadow_seed"":14918295594256425191,""third_color"":""gray""}}"
oc-274578-heads__cv-oa-sn-ma-pwg,oc-274578-heads,oc-274578-heads,8CAE2F5E0D4DF810EFF9F4C745FB3573574F75BAB604F6038E3833CFE0C473F4,CC0-1.0,content-vase__outline-ambiguous__shading-none__material-ambiguous__polarity-outer-white_center-gray,cv-oa-sn-ma-pwg,vase,ambiguous,none,ambiguous,outer-white_center-gray,vase,False,,content,vase,gray,white,black,,,0.0,0.0,False,10718153870254756450,78108,v1,png/oc-274578-heads__cv-oa-sn-ma-pwg.png,svg/oc-274578-heads__cv-oa-sn-ma-pwg.svg,8d435e085bfb5d653e9afef6cc00fc50655ffdbb809197b01e263fc8d41cb84a,ee0308756d6a22e3669867eea9f0fe3256b366f3d1ab75eb1385f7d0cfe6c8dc,0.6382457583558326,0.5111229500653816,0.010548320012266882,0.23705722438062043,2.424020042956634,0.40572954830772384,"{""fixation_baked_in"":false,""palette_values"":{""black"":24,""gray"":133,""white"":232},""render"":{""background_color"":""white"",""content_face_accent_side"":"""",""figure_color"":""gray"",""figure_region"":""vase"",""fixation_baked_in"":false,""shade_color"":"""",""shadow_dx"":0.0,""shadow_dy"":0.0,""shadow_max_radius"":0.065,""shadow_min_abs_component"":0.02,""shadow_pair_mirrored"":false,""shadow_seed"":10718153870254756450,""third_color"":""black""}}"
oc-274578-heads__cv-oa-sn-mv-pbg,oc-274578-heads,oc-274578-heads,8CAE2F5E0D4DF810EFF9F4C745FB3573574F75BAB604F6038E3833CFE0C473F4,CC0-1.0,content-vase__outline-ambiguous__shading-none__material-vase__polarity-outer-black_center-gray,cv-oa-sn-mv-pbg,vase,ambiguous,none,vase,outer-black_center-gray,vase,False,,content|material,vase,gray,black,white,,,0.0,0.0,False,13892907528666104660,78108,v1,png/oc-274578-heads__cv-oa-sn-mv-pbg.png,svg/oc-274578-heads__cv-oa-sn-mv-pbg.svg,31139c902f3f781d33cb890e26af7ea384bbfb81e61718ef5f711f335907c3c2,bf9d4d6700298269725e2e742f3de57b28ec6384a6f67d57e3fda54bf850d452,0.3918096243166457,0.8885877449432292,0.012118093739817532,0.23705722438062043,2.424020042956634,0.40572954830772384,"{""fixation_baked_in"":false,""palette_values"":{""black"":24,""gray"":133,""white"":232},""render"":{""background_color"":""black"",""content_face_accent_side"":"""",""figure_color"":""gray"",""figure_region"":""vase"",""fixation_baked_in"":false,""shade_color"":"""",""shadow_dx"":0.0,""shadow_dy"":0.0,""shadow_max_radius"":0.065,""shadow_min_abs_component"":0.02,""shadow_pair_mirrored"":false,""shadow_seed"":13892907528666104660,""third_color"":""white""}}"
oc-274578-heads__cv-oa-sn-mv-pbw,oc-274578-heads,oc-274578-heads,8CAE2F5E0D4DF810EFF9F4C745FB3573574F75BAB604F6038E3833CFE0C473F4,CC0-1.0,content-vase__outline-ambiguous__shading-none__material-vase__polarity-outer-black_center-white,cv-oa-sn-mv-pbw,vase,ambiguous,none,vase,outer-black_center-white,vase,False,,content|material,vase,white,black,gray,,,0.0,0.0,False,17516482187090999861,78108,v1,png/oc-274578-heads__cv-oa-sn-mv-pbw.png,svg/oc-274578-heads__cv-oa-sn-mv-pbw.svg,1f8f3aa58e1b2033842c0a00f647aced96b822aaa847ba97dc3e92d433709957,d342af17e6856ba47307541cd4e9b47defc76335849bb55ed8a239b9da61281b,0.3515917871512619,0.8468245047201425,0.007456940880579995,0.23705722438062043,2.424020042956634,0.40572954830772384,"{""fixation_baked_in"":false,""palette_values"":{""black"":24,""gray"":133,""white"":232},""render"":{""background_color"":""black"",""content_face_accent_side"":"""",""figure_color"":""white"",""figure_region"":""vase"",""fixation_baked_in"":false,""shade_color"":"""",""shadow_dx"":0.0,""shadow_dy"":0.0,""shadow_max_radius"":0.065,""shadow_min_abs_component"":0.02,""shadow_pair_mirrored"":false,""shadow_seed"":17516482187090999861,""third_color"":""gray""}}"
oc-274578-heads__cv-oa-sn-mv-pgb,oc-274578-heads,oc-274578-heads,8CAE2F5E0D4DF810EFF9F4C745FB3573574F75BAB604F6038E3833CFE0C473F4,CC0-1.0,content-vase__outline-ambiguous__shading-none__material-vase__polarity-outer-gray_center-black,cv-oa-sn-mv-pgb,vase,ambiguous,none,vase,outer-gray_center-black,vase,False,,content|material,vase,black,gray,white,,,0.0,0.0,False,10728322577676683769,78108,v1,png/oc-274578-heads__cv-oa-sn-mv-pgb.png,svg/oc-274578-heads__cv-oa-sn-mv-pgb.svg,cba83da6d609c90c5f721c922219fa2a58ddf039b891d641ef725090f4f60497,d946a2cf1badaa9dca05f45df9827deffc9c1d63508f7be350acbbb1020f45bd,0.5396054323981789,0.4255825384024557,0.0067268390738504606,0.23705722438062043,2.424020042956634,0.40572954830772384,"{""fixation_baked_in"":false,""palette_values"":{""black"":24,""gray"":133,""white"":232},""render"":{""background_color"":""gray"",""content_face_accent_side"":"""",""figure_color"":""black"",""figure_region"":""vase"",""fixation_baked_in"":false,""shade_color"":"""",""shadow_dx"":0.0,""shadow_dy"":0.0,""shadow_max_radius"":0.065,""shadow_min_abs_component"":0.02,""shadow_pair_mirrored"":false,""shadow_seed"":10728322577676683769,""third_color"":""white""}}"
oc-274578-heads__cv-oa-sn-mv-pgw,oc-274578-heads,oc-274578-heads,8CAE2F5E0D4DF810EFF9F4C745FB3573574F75BAB604F6038E3833CFE0C473F4,CC0-1.0,content-vase__outline-ambiguous__shading-none__material-vase__polarity-outer-gray_center-white,cv-oa-sn-mv-pgw,vase,ambiguous,none,vase,outer-gray_center-white,vase,False,,content|material,vase,white,gray,black,,,0.0,0.0,False,6918942156529374471,78108,v1,png/oc-274578-heads__cv-oa-sn-mv-pgw.png,svg/oc-274578-heads__cv-oa-sn-mv-pgw.svg,25b739b8a0105d0233be8a0fbb70a49f698bd88d6d13eb99bef13adf56cc61e1,3ccfde7f5b3c13761027a35659e57fa6f5d706b49de76c3dae65f867e2110cf1,0.48934525508506627,0.49080423833952974,0.006971252042483661,0.23705722438062043,2.424020042956634,0.40572954830772384,"{""fixation_baked_in"":false,""palette_values"":{""black"":24,""gray"":133,""white"":232},""render"":{""background_color"":""gray"",""content_face_accent_side"":"""",""figure_color"":""white"",""figure_region"":""vase"",""fixation_baked_in"":false,""shade_color"":"""",""shadow_dx"":0.0,""shadow_dy"":0.0,""shadow_max_radius"":0.065,""shadow_min_abs_component"":0.02,""shadow_pair_mirrored"":false,""shadow_seed"":6918942156529374471,""third_color"":""black""}}"
oc-274578-heads__cv-oa-sn-mv-pwb,oc-274578-heads,oc-274578-heads,8CAE2F5E0D4DF810EFF9F4C745FB3573574F75BAB604F6038E3833CFE0C473F4,CC0-1.0,content-vase__outline-ambiguous__shading-none__material-vase__polarity-outer-white_center-black,cv-oa-sn-mv-pwb,vase,ambiguous,none,vase,outer-white_center-black,vase,False,,content|material,vase,black,white,gray,,,0.0,0.0,False,9673224566828926308,78108,v1,png/oc-274578-heads__cv-oa-sn-mv-pwb.png,svg/oc-274578-heads__cv-oa-sn-mv-pwb.svg,15468e1904f32dc7f01b1043c919d390176cef24aafe0ca0fc953c37a47917cd,9f6a2242c299b41dfe03d6d5ec430d66f5e45063947d58c89c071a6a2c3e9356,0.6647636637968177,0.42833571563288153,0.007171221525022521,0.23705722438062043,2.424020042956634,0.40572954830772384,"{""fixation_baked_in"":false,""palette_values"":{""black"":24,""gray"":133,""white"":232},""render"":{""background_color"":""white"",""content_face_accent_side"":"""",""figure_color"":""black"",""figure_region"":""vase"",""fixation_baked_in"":false,""shade_color"":"""",""shadow_dx"":0.0,""shadow_dy"":0.0,""shadow_max_radius"":0.065,""shadow_min_abs_component"":0.02,""shadow_pair_mirrored"":false,""shadow_seed"":9673224566828926308,""third_color"":""gray""}}"
oc-274578-heads__cv-oa-sn-mv-pwg,oc-274578-heads,oc-274578-heads,8CAE2F5E0D4DF810EFF9F4C745FB3573574F75BAB604F6038E3833CFE0C473F4,CC0-1.0,content-vase__outline-ambiguous__shading-none__material-vase__polarity-outer-white_center-gray,cv-oa-sn-mv-pwg,vase,ambiguous,none,vase,outer-white_center-gray,vase,False,,content|material,vase,gray,white,black,,,0.0,0.0,False,9199236760903119490,78108,v1,png/oc-274578-heads__cv-oa-sn-mv-pwg.png,svg/oc-274578-heads__cv-oa-sn-mv-pwg.svg,8c649b7f1cc05e8b21bc99d3f78de7e267ae1260b5ce1e2c3cbac8c4de109004,116e1ce65ca811773ecfe5a49b0a9db2a110a9e632675a6d1eb74042c601c281,0.654769063463398,0.5065217394544911,0.012086475673480536,0.23705722438062043,2.424020042956634,0.40572954830772384,"{""fixation_baked_in"":false,""palette_values"":{""black"":24,""gray"":133,""white"":232},""render"":{""background_color"":""white"",""content_face_accent_side"":"""",""figure_color"":""gray"",""figure_region"":""vase"",""fixation_baked_in"":false,""shade_color"":"""",""shadow_dx"":0.0,""shadow_dy"":0.0,""shadow_max_radius"":0.065,""shadow_min_abs_component"":0.02,""shadow_pair_mirrored"":false,""shadow_seed"":9199236760903119490,""third_color"":""black""}}"
oc-274578-heads__cv-oa-sf-ma-pbg,oc-274578-heads,oc-274578-heads,8CAE2F5E0D4DF810EFF9F4C745FB3573574F75BAB604F6038E3833CFE0C473F4,CC0-1.0,content-vase__outline-ambiguous__shading-figure__material-ambiguous__polarity-outer-black_center-gray,cv-oa-sf-ma-pbg,vase,ambiguous,figure,ambiguous,outer-black_center-gray,vase,False,,content|shading,vase,gray,black,white,white,,0.034062456004642076,-0.04506111248463976,False,15248174002484679174,78108,v1,png/oc-274578-heads__cv-oa-sf-ma-pbg.png,svg/oc-274578-heads__cv-oa-sf-ma-pbg.svg,cce328b2fc2f1f9b50fcd41d77b1e20547d46481dae926cf1faa2fd434e2a980,3b034287ebd70a03dfcef1bbb1fb68514e7fb5577a49f6b1210cac4c4666560a,0.3964632445690679,0.8506065001060377,0.010973565409790506,0.23705722438062043,2.424020042956634,0.40572954830772384,"{""fixation_baked_in"":false,""palette_values"":{""black"":24,""gray"":133,""white"":232},""render"":{""background_color"":""black"",""content_face_accent_side"":"""",""figure_color"":""gray"",""figure_region"":""vase"",""fixation_baked_in"":false,""shade_color"":""white"",""shadow_dx"":0.034062456004642076,""shadow_dy"":-0.04506111248463976,""shadow_max_radius"":0.065,""shadow_min_abs_component"":0.02,""shadow_pair_mirrored"":false,""shadow_seed"":15248174002484679174,""third_color"":""white""}}"
oc-274578-heads__cv-oa-sf-ma-pbw,oc-274578-heads,oc-274578-heads,8CAE2F5E0D4DF810EFF9F4C745FB3573574F75BAB604F6038E3833CFE0C473F4,CC0-1.0,content-vase__outline-ambiguous__shading-figure__material-ambiguous__polarity-outer-black_center-white,cv-oa-sf-ma-pbw,vase,ambiguous,figure,ambiguous,outer-black_center-white,vase,False,,content|shading,vase,white,black,gray,gray,,0.02819701379381963,-0.04625993791501739,False,16058335710691743176,78108,v1,png/oc-274578-heads__cv-oa-sf-ma-pbw.png,svg/oc-274578-heads__cv-oa-sf-ma-pbw.svg,d2a0043d1503a3face7ec14ff506b67b379e5bebe2c3f0de9393977e2376d3d1,fd4decbac1e87af9c75c47d9027a24d506cc091155cd001ba2776ee6a88c7dec,0.3928205003925399,0.8543547748497117,0.006745126340492211,0.23705722438062043,2.424020042956634,0.40572954830772384,"{""fixation_baked_in"":false,""palette_values"":{""black"":24,""gray"":133,""white"":232},""render"":{""background_color"":""black"",""content_face_accent_side"":"""",""figure_color"":""white"",""figure_region"":""vase"",""fixation_baked_in"":false,""shade_color"":""gray"",""shadow_dx"":0.02819701379381963,""shadow_dy"":-0.04625993791501739,""shadow_max_radius"":0.065,""shadow_min_abs_component"":0.02,""shadow_pair_mirrored"":false,""shadow_seed"":16058335710691743176,""third_color"":""gray""}}"
oc-274578-heads__cv-oa-sf-ma-pgb,oc-274578-heads,oc-274578-heads,8CAE2F5E0D4DF810EFF9F4C745FB3573574F75BAB604F6038E3833CFE0C473F4,CC0-1.0,content-vase__outline-ambiguous__shading-figure__material-ambiguous__polarity-outer-gray_center-black,cv-oa-sf-ma-pgb,vase,ambiguous,figure,ambiguous,outer-gray_center-black,vase,False,,content|shading,vase,black,gray,white,white,,0.047363312582903445,0.02639874600541244,False,6061826663307593873,78108,v1,png/oc-274578-heads__cv-oa-sf-ma-pgb.png,svg/oc-274578-heads__cv-oa-sf-ma-pgb.svg,8eb0a45c901038471c34436881fc8dec180c0b7c0a536c08f198dff68b509238,d18b31b64b5f9d56242b4fa29c36f2d1d3c3bb6ff05f8b6dadbcd1a189d24f04,0.5122278550091912,0.5459580295778413,0.005977603957027582,0.23705722438062043,2.424020042956634,0.40572954830772384,"{""fixation_baked_in"":false,""palette_values"":{""black"":24,""gray"":133,""white"":232},""render"":{""background_color"":""gray"",""content_face_accent_side"":"""",""figure_color"":""black"",""figure_region"":""vase"",""fixation_baked_in"":false,""shade_color"":""white"",""shadow_dx"":0.047363312582903445,""shadow_dy"":0.02639874600541244,""shadow_max_radius"":0.065,""shadow_min_abs_component"":0.02,""shadow_pair_mirrored"":false,""shadow_seed"":6061826663307593873,""third_color"":""white""}}"
oc-274578-heads__cv-oa-sf-ma-pgw,oc-274578-heads,oc-274578-heads,8CAE2F5E0D4DF810EFF9F4C745FB3573574F75BAB604F6038E3833CFE0C473F4,CC0-1.0,content-vase__outline-ambiguous__shading-figure__material-ambiguous__polarity-outer-gray_center-white,cv-oa-sf-ma-pgw,vase,ambiguous,figure,ambiguous,outer-gray_center-white,vase,False,,content|shading,vase,white,gray,black,black,,-0.02483418628224755,0.024569093505311074,False,12601770066202238288,78108,v1,png/oc-274578-heads__cv-oa-sf-ma-pgw.png,svg/oc-274578-heads__cv-oa-sf-ma-pgw.svg,7e02f5af948ac439be4587f416eaf2a57231936db72e5e2bf93da281267e4679,d93b68d54f695595b110990daa12e692767c1731108d756697c2681d4881002f,0.5127519719740924,0.5444352916313119,0.006408314944990706,0.23705722438062043,2.424020042956634,0.40572954830772384,"{""fixation_baked_in"":false,""palette_values"":{""black"":24,""gray"":133,""white"":232},""render"":{""background_color"":""gray"",""content_face_accent_side"":"""",""figure_color"":""white"",""figure_region"":""vase"",""fixation_baked_in"":false,""shade_color"":""black"",""shadow_dx"":-0.02483418628224755,""shadow_dy"":0.024569093505311074,""shadow_max_radius"":0.065,""shadow_min_abs_component"":0.02,""shadow_pair_mirrored"":false,""shadow_seed"":12601770066202238288,""third_color"":""black""}}"
oc-274578-heads__cv-oa-sf-ma-pwb,oc-274578-heads,oc-274578-heads,8CAE2F5E0D4DF810EFF9F4C745FB3573574F75BAB604F6038E3833CFE0C473F4,CC0-1.0,content-vase__outline-ambiguous__shading-figure__material-ambiguous__polarity-outer-white_center-black,cv-oa-sf-ma-pwb,vase,ambiguous,figure,ambiguous,outer-white_center-black,vase,False,,content|shading,vase,black,white,gray,gray,,0.04914766818897425,-0.028938376338665566,False,531148568371983525,78108,v1,png/oc-274578-heads__cv-oa-sf-ma-pwb.png,svg/oc-274578-heads__cv-oa-sf-ma-pwb.svg,58f399df517086be85034203fb75d83c984351cbabd1a44629fea4e05457be39,1a818320c0e98980f966a6bb0a7ed61d7fa76cf27db4ab86d876faedca3a831b,0.62426576053395,0.5341289810154215,0.006253196996051597,0.23705722438062043,2.424020042956634,0.40572954830772384,"{""fixation_baked_in"":false,""palette_values"":{""black"":24,""gray"":133,""white"":232},""render"":{""background_color"":""white"",""content_face_accent_side"":"""",""figure_color"":""black"",""figure_region"":""vase"",""fixation_baked_in"":false,""shade_color"":""gray"",""shadow_dx"":0.04914766818897425,""shadow_dy"":-0.028938376338665566,""shadow_max_radius"":0.065,""shadow_min_abs_component"":0.02,""shadow_pair_mirrored"":false,""shadow_seed"":531148568371983525,""third_color"":""gray""}}"
oc-274578-heads__cv-oa-sf-ma-pwg,oc-274578-heads,oc-274578-heads,8CAE2F5E0D4DF810EFF9F4C745FB3573574F75BAB604F6038E3833CFE0C473F4,CC0-1.0,content-vase__outline-ambiguous__shading-figure__material-ambiguous__polarity-outer-white_center-gray,cv-oa-sf-ma-pwg,vase,ambiguous,figure,ambiguous,outer-white_center-gray,vase,False,,content|shading,vase,gray,white,black,black,,0.033528765651104235,0.029375295314620405,False,1661869227377732985,78108,v1,png/oc-274578-heads__cv-oa-sf-ma-pwg.png,svg/oc-274578-heads__cv-oa-sf-ma-pwg.svg,280b29bcdbb6fa96e27c56a7ea78a7b0ce3453fa82e753021fcb3dd55f363e1c,f651c793c922b8d27defc8b23ba007c94576ce6c7ed13114d81817861b7a7bf4,0.6234910478778914,0.5322623739216463,0.010840526948804939,0.23705722438062043,2.424020042956634,0.40572954830772384,"{""fixation_baked_in"":false,""palette_values"":{""black"":24,""gray"":133,""white"":232},""render"":{""background_color"":""white"",""content_face_accent_side"":"""",""figure_color"":""gray"",""figure_region"":""vase"",""fixation_baked_in"":false,""shade_color"":""black"",""shadow_dx"":0.033528765651104235,""shadow_dy"":0.029375295314620405,""shadow_max_radius"":0.065,""shadow_min_abs_component"":0.02,""shadow_pair_mirrored"":false,""shadow_seed"":1661869227377732985,""third_color"":""black""}}"
oc-274578-heads__cv-of-sn-ma-pbg,oc-274578-heads,oc-274578-heads,8CAE2F5E0D4DF810EFF9F4C745FB3573574F75BAB604F6038E3833CFE0C473F4,CC0-1.0,content-vase__outline-face__shading-none__material-ambiguous__polarity-outer-black_center-gray,cv-of-sn-ma-pbg,vase,face,none,ambiguous,outer-black_center-gray,conflict,True,outline,content,face,black,gray,white,,,0.0,0.0,False,15874894641375421940,78108,v1,png/oc-274578-heads__cv-of-sn-ma-pbg.png,svg/oc-274578-heads__cv-of-sn-ma-pbg.svg,c0ae51912fc058bdf9ec3a6554eda12265e256e082468f99a38875aa1284c642,48c0fee9ac463453ca0add0c70ae9fed56d69e6d8c49fd7afad515a29cbed74e,0.4450812059290269,0.690778963890393,0.010468514904740002,0.23705722438062043,2.424020042956634,0.40572954830772384,"{""fixation_baked_in"":false,""palette_values"":{""black"":24,""gray"":133,""white"":232},""render"":{""background_color"":""gray"",""content_face_accent_side"":"""",""figure_color"":""black"",""figure_region"":""face"",""fixation_baked_in"":false,""shade_color"":"""",""shadow_dx"":0.0,""shadow_dy"":0.0,""shadow_max_radius"":0.065,""shadow_min_abs_component"":0.02,""shadow_pair_mirrored"":false,""shadow_seed"":15874894641375421940,""third_color"":""white""}}"
oc-274578-heads__cv-of-sn-ma-pbw,oc-274578-heads,oc-274578-heads,8CAE2F5E0D4DF810EFF9F4C745FB3573574F75BAB604F6038E3833CFE0C473F4,CC0-1.0,content-vase__outline-face__shading-none__material-ambiguous__polarity-outer-black_center-white,cv-of-sn-ma-pbw,vase,face,none,ambiguous,outer-black_center-white,conflict,True,outline,content,face,black,white,gray,,,0.0,0.0,False,12223250963077180273,78108,v1,png/oc-274578-heads__cv-of-sn-ma-pbw.png,svg/oc-274578-heads__cv-of-sn-ma-pbw.svg,a4dfc49df5ee17ecd029a313548daef428f329dedb2b6e2b0f1f844c9f0e1c8d,531bbb6265aee58e7dd02230a1d50e4a4d7f54a46c111c046a46e310a2cab276,0.5151189243092258,0.6968809223469272,0.006411047740210456,0.23705722438062043,2.424020042956634,0.40572954830772384,"{""fixation_baked_in"":false,""palette_values"":{""black"":24,""gray"":133,""white"":232},""render"":{""background_color"":""white"",""content_face_accent_side"":"""",""figure_color"":""black"",""figure_region"":""face"",""fixation_baked_in"":false,""shade_color"":"""",""shadow_dx"":0.0,""shadow_dy"":0.0,""shadow_max_radius"":0.065,""shadow_min_abs_component"":0.02,""shadow_pair_mirrored"":false,""shadow_seed"":12223250963077180273,""third_color"":""gray""}}"
oc-274578-heads__cv-of-sn-ma-pgb,oc-274578-heads,oc-274578-heads,8CAE2F5E0D4DF810EFF9F4C745FB3573574F75BAB604F6038E3833CFE0C473F4,CC0-1.0,content-vase__outline-face__shading-none__material-ambiguous__polarity-outer-gray_center-black,cv-of-sn-ma-pgb,vase,face,none,ambiguous,outer-gray_center-black,conflict,True,outline,content,face,gray,black,white,,,0.0,0.0,False,10053378305006307677,78108,v1,png/oc-274578-heads__cv-of-sn-ma-pgb.png,svg/oc-274578-heads__cv-of-sn-ma-pgb.svg,a335cb4d1767eb46bad30b793ba9da6c01becff50e10623e3110e9f61c48757c,92d2951cc624121f1f740ec5b6fe24e5404934917ff7935a516be4d3d47b878b,0.4358212639303769,0.7201496851156681,0.005592500700793513,0.23705722438062043,2.424020042956634,0.40572954830772384,"{""fixation_baked_in"":false,""palette_values"":{""black"":24,""gray"":133,""white"":232},""render"":{""background_color"":""black"",""content_face_accent_side"":"""",""figure_color"":""gray"",""figure_region"":""face"",""fixation_baked_in"":false,""shade_color"":"""",""shadow_dx"":0.0,""shadow_dy"":0.0,""shadow_max_radius"":0.065,""shadow_min_abs_component"":0.02,""shadow_pair_mirrored"":false,""shadow_seed"":10053378305006307677,""third_color"":""white""}}"
oc-274578-heads__cv-of-sn-ma-pgw,oc-274578-heads,oc-274578-heads,8CAE2F5E0D4DF810EFF9F4C745FB3573574F75BAB604F6038E3833CFE0C473F4,CC0-1.0,content-vase__outline-face__shading-none__material-ambiguous__polarity-outer-gray_center-white,cv-of-sn-ma-pgw,vase,face,none,ambiguous,outer-gray_center-white,conflict,True,outline,content,face,gray,white,black,,,0.0,0.0,False,14415890169762187325,78108,v1,png/oc-274578-heads__cv-of-sn-ma-pgw.png,svg/oc-274578-heads__cv-of-sn-ma-pgw.svg,3acdc40835604517bd3c904aaea378c7a432cef21a56e1d41f18c64a07637224,6ae2078c7dcc5dfa3bf34c666bf01c7fe171cba01a1eb0f7d9e39a6523461880,0.5829163158641142,0.5322378842050601,0.006005384879391642,0.23705722438062043,2.424020042956634,0.40572954830772384,"{""fixation_baked_in"":false,""palette_values"":{""black"":24,""gray"":133,""white"":232},""render"":{""background_color"":""white"",""content_face_accent_side"":"""",""figure_color"":""gray"",""figure_region"":""face"",""fixation_baked_in"":false,""shade_color"":"""",""shadow_dx"":0.0,""shadow_dy"":0.0,""shadow_max_radius"":0.065,""shadow_min_abs_component"":0.02,""shadow_pair_mirrored"":false,""shadow_seed"":14415890169762187325,""third_color"":""black""}}"
oc-274578-heads__cv-of-sn-ma-pwb,oc-274578-heads,oc-274578-heads,8CAE2F5E0D4DF810EFF9F4C745FB3573574F75BAB604F6038E3833CFE0C473F4,CC0-1.0,content-vase__outline-face__shading-none__material-ambiguous__polarity-outer-white_center-black,cv-of-sn-ma-pwb,vase,face,none,ambiguous,outer-white_center-black,conflict,True,outline,content,face,white,black,gray,,,0.0,0.0,False,855953662918930562,78108,v1,png/oc-274578-heads__cv-of-sn-ma-pwb.png,svg/oc-274578-heads__cv-of-sn-ma-pwb.svg,cf54cfa458c3469a53c0b0bb8466485262b9201acdf7ad5582c3e31e1429ead8,da42ea2b0a3c9ed5b56d3305903d826b58f96e4d7931ac05102474b864f2a0fb,0.4974424324783625,0.7223374164416017,0.005957182863981371,0.23705722438062043,2.424020042956634,0.40572954830772384,"{""fixation_baked_in"":false,""palette_values"":{""black"":24,""gray"":133,""white"":232},""render"":{""background_color"":""black"",""content_face_accent_side"":"""",""figure_color"":""white"",""figure_region"":""face"",""fixation_baked_in"":false,""shade_color"":"""",""shadow_dx"":0.0,""shadow_dy"":0.0,""shadow_max_radius"":0.065,""shadow_min_abs_component"":0.02,""shadow_pair_mirrored"":false,""shadow_seed"":855953662918930562,""third_color"":""gray""}}"
oc-274578-heads__cv-of-sn-ma-pwg,oc-274578-heads,oc-274578-heads,8CAE2F5E0D4DF810EFF9F4C745FB3573574F75BAB604F6038E3833CFE0C473F4,CC0-1.0,content-vase__outline-face__shading-none__material-ambiguous__polarity-outer-white_center-gray,cv-of-sn-ma-pwg,vase,face,none,ambiguous,outer-white_center-gray,conflict,True,outline,content,face,white,gray,black,,,0.0,0.0,False,5527129420706462276,78108,v1,png/oc-274578-heads__cv-of-sn-ma-pwg.png,svg/oc-274578-heads__cv-of-sn-ma-pwg.svg,2bafa70487f319fbdc21172581de87774b7edd3bc338cf8d812927b28e95b577,a3ed0c48fda4f3639c62d08f7bc4b5e31a3087f8fe101ae3642250311b6ae257,0.5745518067303826,0.5293448831781368,0.010433239385074657,0.23705722438062043,2.424020042956634,0.40572954830772384,"{""fixation_baked_in"":false,""palette_values"":{""black"":24,""gray"":133,""white"":232},""render"":{""background_color"":""gray"",""content_face_accent_side"":"""",""figure_color"":""white"",""figure_region"":""face"",""fixation_baked_in"":false,""shade_color"":"""",""shadow_dx"":0.0,""shadow_dy"":0.0,""shadow_max_radius"":0.065,""shadow_min_abs_component"":0.02,""shadow_pair_mirrored"":false,""shadow_seed"":5527129420706462276,""third_color"":""black""}}"
oc-274578-heads__cv-of-sn-mv-pbg,oc-274578-heads,oc-274578-heads,8CAE2F5E0D4DF810EFF9F4C745FB3573574F75BAB604F6038E3833CFE0C473F4,CC0-1.0,content-vase__outline-face__shading-none__material-vase__polarity-outer-black_center-gray,cv-of-sn-mv-pbg,vase,face,none,vase,outer-black_center-gray,conflict,True,outline,content|material,face,black,gray,white,,,0.0,0.0,False,9543531979222993543,78108,v1,png/oc-274578-heads__cv-of-sn-mv-pbg.png,svg/oc-274578-heads__cv-of-sn-mv-pbg.svg,8a16ae06daa3e4223dde5fb5f0de7f1e5ef35003fe971916ab0c595ee7c7c40b,d0e068aef5203654809b8a0e79a451b81bef1c520aaddb8a6bc2c92e98461047,0.4619379567165002,0.6998627316165609,0.01208537132472735,0.23705722438062043,2.424020042956634,0.40572954830772384,"{""fixation_baked_in"":false,""palette_values"":{""black"":24,""gray"":133,""white"":232},""render"":{""background_color"":""gray"",""content_face_accent_side"":"""",""figure_color"":""black"",""figure_region"":""face"",""fixation_baked_in"":false,""shade_color"":"""",""shadow_dx"":0.0,""shadow_dy"":0.0,""shadow_max_radius"":0.065,""shadow_min_abs_component"":0.02,""shadow_pair_mirrored"":false,""shadow_seed"":9543531979222993543,""third_color"":""white""}}"
oc-274578-heads__cv-of-sn-mv-pbw,oc-274578-heads,oc-274578-heads,8CAE2F5E0D4DF810EFF9F4C745FB3573574F75BAB604F6038E3833CFE0C473F4,CC0-1.0,content-vase__outline-face__shading-none__material-vase__polarity-outer-black_center-white,cv-of-sn-mv-pbw,vase,face,none,vase,outer-black_center-white,conflict,True,outline,content|material,face,black,white,gray,,,0.0,0.0,False,14809550550024335050,78108,v1,png/oc-274578-heads__cv-of-sn-mv-pbw.png,svg/oc-274578-heads__cv-of-sn-mv-pbw.svg,deae6aa6c803080a2bd9c0d70ae812dbab9c854314c2f2d0aa7e1faf41192b48,5755851a5e95fd40f253812c47269330b66925e32222fb5d8e2b2f1895f72f78,0.4854153165630266,0.686304689700883,0.007434400935349704,0.23705722438062043,2.424020042956634,0.40572954830772384,"{""fixation_baked_in"":false,""palette_values"":{""black"":24,""gray"":133,""white"":232},""render"":{""background_color"":""white"",""content_face_accent_side"":"""",""figure_color"":""black"",""figure_region"":""face"",""fixation_baked_in"":false,""shade_color"":"""",""shadow_dx"":0.0,""shadow_dy"":0.0,""shadow_max_radius"":0.065,""shadow_min_abs_component"":0.02,""shadow_pair_mirrored"":false,""shadow_seed"":14809550550024335050,""third_color"":""gray""}}"
oc-274578-heads__cv-of-sn-mv-pgb,oc-274578-heads,oc-274578-heads,8CAE2F5E0D4DF810EFF9F4C745FB3573574F75BAB604F6038E3833CFE0C473F4,CC0-1.0,content-vase__outline-face__shading-none__material-vase__polarity-outer-gray_center-black,cv-of-sn-mv-pgb,vase,face,none,vase,outer-gray_center-black,conflict,True,outline,content|material,face,gray,black,white,,,0.0,0.0,False,17943840188729198861,78108,v1,png/oc-274578-heads__cv-of-sn-mv-pgb.png,svg/oc-274578-heads__cv-of-sn-mv-pgb.svg,47d8522dd4140bc593b08fc01c9944a9944e37ff4b0dbf4d4cc3b5c898884431,f8ad6cb04131b5c3f9775c8e18da08fe2c2bb8eeda4cae2f32c22484f25fa902,0.4694770364200368,0.6036890502886061,0.006754047232284899,0.23705722438062043,2.424020042956634,0.40572954830772384,"{""fixation_baked_in"":false,""palette_values"":{""black"":24,""gray"":133,""white"":232},""render"":{""background_color"":""black"",""content_face_accent_side"":"""",""figure_color"":""gray"",""figure_region"":""face"",""fixation_baked_in"":false,""shade_color"":"""",""shadow_dx"":0.0,""shadow_dy"":0.0,""shadow_max_radius"":0.065,""shadow_min_abs_component"":0.02,""shadow_pair_mirrored"":false,""shadow_seed"":17943840188729198861,""third_color"":""white""}}"
oc-274578-heads__cv-of-sn-mv-pgw,oc-274578-heads,oc-274578-heads,8CAE2F5E0D4DF810EFF9F4C745FB3573574F75BAB604F6038E3833CFE0C473F4,CC0-1.0,content-vase__outline-face__shading-none__material-vase__polarity-outer-gray_center-white,cv-of-sn-mv-pgw,vase,face,none,vase,outer-gray_center-white,conflict,True,outline,content|material,face,gray,white,black,,,0.0,0.0,False,15838416946772578002,78108,v1,png/oc-274578-heads__cv-of-sn-mv-pgw.png,svg/oc-274578-heads__cv-of-sn-mv-pgw.svg,0beec28c71e486ea5420b9a7d9a0d48df27838da7fe756139f0318703e38d9fa,c362248f75ac3f8ad71b2f924f6a9fe2b3505d755149b6ec23f180c5b27f3436,0.5530397826550055,0.5192346293504372,0.00707604912382842,0.23705722438062043,2.424020042956634,0.40572954830772384,"{""fixation_baked_in"":false,""palette_values"":{""black"":24,""gray"":133,""white"":232},""render"":{""background_color"":""white"",""content_face_accent_side"":"""",""figure_color"":""gray"",""figure_region"":""face"",""fixation_baked_in"":false,""shade_color"":"""",""shadow_dx"":0.0,""shadow_dy"":0.0,""shadow_max_radius"":0.065,""shadow_min_abs_component"":0.02,""shadow_pair_mirrored"":false,""shadow_seed"":15838416946772578002,""third_color"":""black""}}"
oc-274578-heads__cv-of-sn-mv-pwb,oc-274578-heads,oc-274578-heads,8CAE2F5E0D4DF810EFF9F4C745FB3573574F75BAB604F6038E3833CFE0C473F4,CC0-1.0,content-vase__outline-face__shading-none__material-vase__polarity-outer-white_center-black,cv-of-sn-mv-pwb,vase,face,none,vase,outer-white_center-black,conflict,True,outline,content|material,face,white,black,gray,,,0.0,0.0,False,12998696955971547008,78108,v1,png/oc-274578-heads__cv-of-sn-mv-pwb.png,svg/oc-274578-heads__cv-of-sn-mv-pwb.svg,f8232bcceaf6b40034465ca3e453ed9654448031b1a1f796c338a45b5e580f60,e2ba59b5e8392c76c9755bbaab48b3c8d478cc144bc8e5334e0cbbf55084744b,0.5309401343850528,0.6153527301030183,0.007082682703457728,0.23705722438062043,2.424020042956634,0.40572954830772384,"{""fixation_baked_in"":false,""palette_values"":{""black"":24,""gray"":133,""white"":232},""render"":{""background_color"":""black"",""content_face_accent_side"":"""",""figure_color"":""white"",""figure_region"":""face"",""fixation_baked_in"":false,""shade_color"":"""",""shadow_dx"":0.0,""shadow_dy"":0.0,""shadow_max_radius"":0.065,""shadow_min_abs_component"":0.02,""shadow_pair_mirrored"":false,""shadow_seed"":12998696955971547008,""third_color"":""gray""}}"
oc-274578-heads__cv-of-sn-mv-pwg,oc-274578-heads,oc-274578-heads,8CAE2F5E0D4DF810EFF9F4C745FB3573574F75BAB604F6038E3833CFE0C473F4,CC0-1.0,content-vase__outline-face__shading-none__material-vase__polarity-outer-white_center-gray,cv-of-sn-mv-pwg,vase,face,none,vase,outer-white_center-gray,conflict,True,outline,content|material,face,white,gray,black,,,0.0,0.0,False,7726568095618420730,78108,v1,png/oc-274578-heads__cv-of-sn-mv-pwg.png,svg/oc-274578-heads__cv-of-sn-mv-pwg.svg,4dc2e4f2f4127433866412e2c0a255bac4f7acc187d6a76bfa277178c019a19c,009f96903d69d3d92abde7b3c3ee6df49a3ed7a0fc4c4cd63e293245f0e22ece,0.5910744984944662,0.5301076265933812,0.012083593136056966,0.23705722438062043,2.424020042956634,0.40572954830772384,"{""fixation_baked_in"":false,""palette_values"":{""black"":24,""gray"":133,""white"":232},""render"":{""background_color"":""gray"",""content_face_accent_side"":"""",""figure_color"":""white"",""figure_region"":""face"",""fixation_baked_in"":false,""shade_color"":"""",""shadow_dx"":0.0,""shadow_dy"":0.0,""shadow_max_radius"":0.065,""shadow_min_abs_component"":0.02,""shadow_pair_mirrored"":false,""shadow_seed"":7726568095618420730,""third_color"":""black""}}"
oc-274578-heads__cv-of-sf-ma-pbg,oc-274578-heads,oc-274578-heads,8CAE2F5E0D4DF810EFF9F4C745FB3573574F75BAB604F6038E3833CFE0C473F4,CC0-1.0,content-vase__outline-face__shading-figure__material-ambiguous__polarity-outer-black_center-gray,cv-of-sf-ma-pbg,vase,face,figure,ambiguous,outer-black_center-gray,conflict,True,outline|shading,content,face,black,gray,white,white,,-0.022462912784346603,-0.031814267129024,True,8511123290571605682,78108,v1,png/oc-274578-heads__cv-of-sf-ma-pbg.png,svg/oc-274578-heads__cv-of-sf-ma-pbg.svg,0e47a617d2efb942394a0981533dc24ab6c739adfe9f23a690cd991fe3ff69ec,1e50f2804b195faf12e1d92f4484e5c7e36d99b9e2efb31c9e0f2c06fddb2c09,0.4509522868137734,0.692847032602747,0.010837228876765762,0.23705722438062043,2.424020042956634,0.40572954830772384,"{""fixation_baked_in"":false,""palette_values"":{""black"":24,""gray"":133,""white"":232},""render"":{""background_color"":""gray"",""content_face_accent_side"":"""",""figure_color"":""black"",""figure_region"":""face"",""fixation_baked_in"":false,""shade_color"":""white"",""shadow_dx"":-0.022462912784346603,""shadow_dy"":-0.031814267129024,""shadow_max_radius"":0.065,""shadow_min_abs_component"":0.02,""shadow_pair_mirrored"":true,""shadow_seed"":8511123290571605682,""third_color"":""white""}}"
oc-274578-heads__cv-of-sf-ma-pbw,oc-274578-heads,oc-274578-heads,8CAE2F5E0D4DF810EFF9F4C745FB3573574F75BAB604F6038E3833CFE0C473F4,CC0-1.0,content-vase__outline-face__shading-figure__material-ambiguous__polarity-outer-black_center-white,cv-of-sf-ma-pbw,vase,face,figure,ambiguous,outer-black_center-white,conflict,True,outline|shading,content,face,black,white,gray,gray,,0.030912330806466794,-0.02211476616549712,True,4175069427320886879,78108,v1,png/oc-274578-heads__cv-of-sf-ma-pbw.png,svg/oc-274578-heads__cv-of-sf-ma-pbw.svg,798d4df8d33af7a9c4ca24c88d035bf7bf76a07a94fa475225028cd98c07e72f,a19696c8c9e704dde9fe8bdff4fdb812e4c4c16bf863edb72b22bc08ae13b509,0.4898771398207721,0.7016527989730209,0.006484189319667263,0.23705722438062043,2.424020042956634,0.40572954830772384,"{""fixation_baked_in"":false,""palette_values"":{""black"":24,""gray"":133,""white"":232},""render"":{""background_color"":""white"",""content_face_accent_side"":"""",""figure_color"":""black"",""figure_region"":""face"",""fixation_baked_in"":false,""shade_color"":""gray"",""shadow_dx"":0.030912330806466794,""shadow_dy"":-0.02211476616549712,""shadow_max_radius"":0.065,""shadow_min_abs_component"":0.02,""shadow_pair_mirrored"":true,""shadow_seed"":4175069427320886879,""third_color"":""gray""}}"
oc-274578-heads__cv-of-sf-ma-pgb,oc-274578-heads,oc-274578-heads,8CAE2F5E0D4DF810EFF9F4C745FB3573574F75BAB604F6038E3833CFE0C473F4,CC0-1.0,content-vase__outline-face__shading-figure__material-ambiguous__polarity-outer-gray_center-black,cv-of-sf-ma-pgb,vase,face,figure,ambiguous,outer-gray_center-black,conflict,True,outline|shading,content,face,gray,black,white,white,,-0.05063141500388316,0.028434909568099867,True,18017677990837147912,78108,v1,png/oc-274578-heads__cv-of-sf-ma-pgb.png,svg/oc-274578-heads__cv-of-sf-ma-pgb.svg,f0d8ac37d65f7c5f43ec7579f25325ec9d414a0ac54cdc08565f96d8f141cebc,a719d592ffa752ee25ecd7adc869838245884b56c21dd8dcf2cb3c8c9be723b9,0.44796298531924983,0.705528796848918,0.005866248167155425,0.23705722438062043,2.424020042956634,0.40572954830772384,"{""fixation_baked_in"":false,""palette_values"":{""black"":24,""gray"":133,""white"":232},""render"":{""background_color"":""black"",""content_face_accent_side"":"""",""figure_color"":""gray"",""figure_region"":""face"",""fixation_baked_in"":false,""shade_color"":""white"",""shadow_dx"":-0.05063141500388316,""shadow_dy"":0.028434909568099867,""shadow_max_radius"":0.065,""shadow_min_abs_component"":0.02,""shadow_pair_mirrored"":true,""shadow_seed"":18017677990837147912,""third_color"":""white""}}"
oc-274578-heads__cv-of-sf-ma-pgw,oc-274578-heads,oc-274578-heads,8CAE2F5E0D4DF810EFF9F4C745FB3573574F75BAB604F6038E3833CFE0C473F4,CC0-1.0,content-vase__outline-face__shading-figure__material-ambiguous__polarity-outer-gray_center-white,cv-of-sf-ma-pgw,vase,face,figure,ambiguous,outer-gray_center-white,conflict,True,outline|shading,content,face,gray,white,black,black,,-0.022153768098118348,-0.025586650428007746,True,6247613832885270124,78108,v1,png/oc-274578-heads__cv-of-sf-ma-pgw.png,svg/oc-274578-heads__cv-of-sf-ma-pgw.svg,beab2356c19238fc341943059ee61f95183f9d6f7d45f73ef1d2eb8daaf68c26,2acfbaf12c6340b1f392a523774b8881e7cff462fd34caa949c2894e28a59f57,0.5739596011591893,0.5441866281095317,0.0062839465576064275,0.23705722438062043,2.424020042956634,0.40572954830772384,"{""fixation_baked_in"":false,""palette_values"":{""black"":24,""gray"":133,""white"":232},""render"":{""background_color"":""white"",""content_face_accent_side"":"""",""figure_color"":""gray"",""figure_region"":""face"",""fixation_baked_in"":false,""shade_color"":""black"",""shadow_dx"":-0.022153768098118348,""shadow_dy"":-0.025586650428007746,""shadow_max_radius"":0.065,""shadow_min_abs_component"":0.02,""shadow_pair_mirrored"":true,""shadow_seed"":6247613832885270124,""third_color"":""black""}}"
oc-274578-heads__cv-of-sf-ma-pwb,oc-274578-heads,oc-274578-heads,8CAE2F5E0D4DF810EFF9F4C745FB3573574F75BAB604F6038E3833CFE0C473F4,CC0-1.0,content-vase__outline-face__shading-figure__material-ambiguous__polarity-outer-white_center-black,cv-of-sf-ma-pwb,vase,face,figure,ambiguous,outer-white_center-black,conflict,True,outline|shading,content,face,white,black,gray,gray,,-0.02335115762420681,0.03640665780766543,True,14326003794737193792,78108,v1,png/oc-274578-heads__cv-of-sf-ma-pwb.png,svg/oc-274578-heads__cv-of-sf-ma-pwb.svg,34ba290f7e6e6ea3f5dc2b6104c14469317dc3e65920fa949b0de4d741464fca,6e02b51fdae5f35c22695acc50994f59638941d63d007bb1602640b4a0a50ea4,0.5084721845739029,0.6948021464444812,0.005975863203908153,0.23705722438062043,2.424020042956634,0.40572954830772384,"{""fixation_baked_in"":false,""palette_values"":{""black"":24,""gray"":133,""white"":232},""render"":{""background_color"":""black"",""content_face_accent_side"":"""",""figure_color"":""white"",""figure_region"":""face"",""fixation_baked_in"":false,""shade_color"":""gray"",""shadow_dx"":-0.02335115762420681,""shadow_dy"":0.03640665780766543,""shadow_max_radius"":0.065,""shadow_min_abs_component"":0.02,""shadow_pair_mirrored"":true,""shadow_seed"":14326003794737193792,""third_color"":""gray""}}"
oc-274578-heads__cv-of-sf-ma-pwg,oc-274578-heads,oc-274578-heads,8CAE2F5E0D4DF810EFF9F4C745FB3573574F75BAB604F6038E3833CFE0C473F4,CC0-1.0,content-vase__outline-face__shading-figure__material-ambiguous__polarity-outer-white_center-gray,cv-of-sf-ma-pwg,vase,face,figure,ambiguous,outer-white_center-gray,conflict,True,outline|shading,content,face,white,gray,black,black,,0.020408319167881248,-0.02616780360419524,True,13010808803761936435,78108,v1,png/oc-274578-heads__cv-of-sf-ma-pwg.png,svg/oc-274578-heads__cv-of-sf-ma-pwg.svg,9aa96a75b9faeaa6e54a87355a944e365808071f9cdb38192d9e34d8119ec5fb,f88adbc0694f3fc8fd21d53f07fe191d3f36e88c1d74fc78ea13fba5c2bdad8f,0.552193697761087,0.5833806916355883,0.01136909072341058,0.23705722438062043,2.424020042956634,0.40572954830772384,"{""fixation_baked_in"":false,""palette_values"":{""black"":24,""gray"":133,""white"":232},""render"":{""background_color"":""gray"",""content_face_accent_side"":"""",""figure_color"":""white"",""figure_region"":""face"",""fixation_baked_in"":false,""shade_color"":""black"",""shadow_dx"":0.020408319167881248,""shadow_dy"":-0.02616780360419524,""shadow_max_radius"":0.065,""shadow_min_abs_component"":0.02,""shadow_pair_mirrored"":true,""shadow_seed"":13010808803761936435,""third_color"":""black""}}"
