stimulus_id,base_id,source_id,source_sha256,source_license,combination_id,compact_id,outline,shading,material,polarity,design_tag,face_cues,vase_cues,figure_region,figure_color,background_color,third_color,shade_color,shadow_dx,shadow_dy,shadow_pair_mirrored,shadow_seed,seed,config_version,png_path,svg_path,file_sha256,svg_sha256,mean_luminance,rms_contrast,edge_energy,center_area_ratio,path_length,convexity_proxy,params_json
wm-cc0-classic__oa-sn-ma-pbg,wm-cc0-classic,wm-cc0-classic,596EEB6B073D2C83ECB93EDF53BF7EB1B7ADF8A7511997D49E7535B276479706,CC0-1.0,outline-ambiguous__shading-none__material-ambiguous__polarity-outer-black_center-gray,oa-sn-ma-pbg,ambiguous,none,ambiguous,outer-black_center-gray,ambiguous,,,vase,gray,black,white,,0.0,0.0,False,15627474690693779712,78108,v2,png/wm-cc0-classic__oa-sn-ma-pbg.png,svg/wm-cc0-classic__oa-sn-ma-pbg.svg,f601528820c1ea85863cde7342d2ab101290cee7e5819182cbbfdc6fb85b3d51,f89d4a4ab228de208cad4d455aec51f4a1a78aba614300cead1527ce51565463,0.2747631596583946,0.6793469369180306,0.0007428523553849691,0.24389069829301963,2.059891247081372,0.4555898515692527,"{""fixation_baked_in"":false,""material_value_ranges"":{""black"":[20,58],""gray"":[103,186],""white"":[132,244]},""palette_values"":{""black"":43,""gray"":154,""white"":201},""render"":{""background_color"":""black"",""figure_color"":""gray"",""figure_region"":""vase"",""fixation_baked_in"":false,""shade_color"":"""",""shadow_dx"":0.0,""shadow_dy"":0.0,""shadow_max_radius"":0.065,""shadow_min_abs_component"":0.02,""shadow_pair_mirrored"":false,""shadow_seed"":15627474690693779712,""third_color"":""white""}}"
wm-cc0-classic__oa-sn-ma-pbw,wm-cc0-classic,wm-cc0-classic,596EEB6B073D2C83ECB93EDF53BF7EB1B7ADF8A7511997D49E7535B276479706,CC0-1.0,outline-ambiguous__shading-none__material-ambiguous__polarity-outer-black_center-white,oa-sn-ma-pbw,ambiguous,none,ambiguous,outer-black_center-white,ambiguous,,,vase,white,black,gray,,0.0,0.0,False,16018775619577348621,78108,v2,png/wm-cc0-classic__oa-sn-ma-pbw.png,svg/wm-cc0-classic__oa-sn-ma-pbw.svg,7e07629a75f96926400f8e1b34d0dce4d0f4b0a8cf68c29fa8c7d6d44059b4d0,874ee69149b8955684a216b2d1f418870c65faae0ec0449e1347334c8c56f3d1,0.31970031962675205,0.8310723250967427,0.0010574008287332526,0.24389069829301963,2.059891247081372,0.4555898515692527,"{""fixation_baked_in"":false,""material_value_ranges"":{""black"":[20,58],""gray"":[103,186],""white"":[132,244]},""palette_values"":{""black"":43,""gray"":154,""white"":201},""render"":{""background_color"":""black"",""figure_color"":""white"",""figure_region"":""vase"",""fixation_baked_in"":false,""shade_color"":"""",""shadow_dx"":0.0,""shadow_dy"":0.0,""shadow_max_radius"":0.065,""shadow_min_abs_component"":0.02,""shadow_pair_mirrored"":false,""shadow_seed"":16018775619577348621,""third_color"":""gray""}}"
wm-cc0-classic__oa-sn-ma-pgb,wm-cc0-classic,wm-cc0-classic,596EEB6B073D2C83ECB93EDF53BF7EB1B7ADF8A7511997D49E7535B276479706,CC0-1.0,outline-ambiguous__shading-none__material-ambiguous__polarity-outer-gray_center-black,oa-sn-ma-pgb,ambiguous,none,ambiguous,outer-gray_center-black,ambiguous,,,vase,black,gray,white,,0.0,0.0,False,5226716024268319806,78108,v2,png/wm-cc0-classic__oa-sn-ma-pgb.png,svg/wm-cc0-classic__oa-sn-ma-pgb.svg,a15216d76b69c02d2bb8928c8427501cc2673d6410c769e45edc97839d196c97,fe05d9685bf5757b653e3dc0946b5ce1bbc2122dd437f569654e6377d5f8db06,0.4977900112376492,0.37497235174535243,0.0007428486118298736,0.24389069829301963,2.059891247081372,0.4555898515692527,"{""fixation_baked_in"":false,""material_value_ranges"":{""black"":[20,58],""gray"":[103,186],""white"":[132,244]},""palette_values"":{""black"":43,""gray"":154,""white"":201},""render"":{""background_color"":""gray"",""figure_color"":""black"",""figure_region"":""vase"",""fixation_baked_in"":false,""shade_color"":"""",""shadow_dx"":0.0,""shadow_dy"":0.0,""shadow_max_radius"":0.065,""shadow_min_abs_component"":0.02,""shadow_pair_mirrored"":false,""shadow_seed"":5226716024268319806,""third_color"":""white""}}"
wm-cc0-classic__oa-sn-ma-pgw,wm-cc0-classic,wm-cc0-classic,596EEB6B073D2C83ECB93EDF53BF7EB1B7ADF8A7511997D49E7535B276479706,CC0-1.0,outline-ambiguous__shading-none__material-ambiguous__polarity-outer-gray_center-white,oa-sn-ma-pgw,ambiguous,none,ambiguous,outer-gray_center-white,ambiguous,,,vase,white,gray,black,,0.0,0.0,False,3536365928541672759,78108,v2,png/wm-cc0-classic__oa-sn-ma-pgw.png,svg/wm-cc0-classic__oa-sn-ma-pgw.svg,6c0025cdf94212b846b1b4155abf63141689d321a8c87d6bcbf829218dd6838a,2c0a39034fc27ea22320372317551bb8b28d551ccdb7c672d3acbc014121c3c1,0.6488584331437652,0.12180508910101956,0.00031454847334828364,0.24389069829301963,2.059891247081372,0.4555898515692527,"{""fixation_baked_in"":false,""material_value_ranges"":{""black"":[20,58],""gray"":[103,186],""white"":[132,244]},""palette_values"":{""black"":43,""gray"":154,""white"":201},""render"":{""background_color"":""gray"",""figure_color"":""white"",""figure_region"":""vase"",""fixation_baked_in"":false,""shade_color"":"""",""shadow_dx"":0.0,""shadow_dy"":0.0,""shadow_max_radius"":0.065,""shadow_min_abs_component"":0.02,""shadow_pair_mirrored"":false,""shadow_seed"":3536365928541672759,""third_color"":""black""}}"
wm-cc0-classic__oa-sn-ma-pwb,wm-cc0-classic,wm-cc0-classic,596EEB6B073D2C83ECB93EDF53BF7EB1B7ADF8A7511997D49E7535B276479706,CC0-1.0,outline-ambiguous__shading-none__material-ambiguous__polarity-outer-white_center-black,oa-sn-ma-pwb,ambiguous,none,ambiguous,outer-white_center-black,ambiguous,,,vase,black,white,gray,,0.0,0.0,False,15991372533490846379,78108,v2,png/wm-cc0-classic__oa-sn-ma-pwb.png,svg/wm-cc0-classic__oa-sn-ma-pwb.svg,8aa4ff7211b565c84d56fb5336148487263bbcf46cf4434968a1c196defca7a0,50fe5c6ffe2db743a1875959523ad811b21822edad8bf1b000593a33776a80de,0.6371624254712872,0.41699585120678107,0.0010574008287332526,0.24389069829301963,2.059891247081372,0.4555898515692527,"{""fixation_baked_in"":false,""material_value_ranges"":{""black"":[20,58],""gray"":[103,186],""white"":[132,244]},""palette_values"":{""black"":43,""gray"":154,""white"":201},""render"":{""background_color"":""white"",""figure_color"":""black"",""figure_region"":""vase"",""fixation_baked_in"":false,""shade_color"":"""",""shadow_dx"":0.0,""shadow_dy"":0.0,""shadow_max_radius"":0.065,""shadow_min_abs_component"":0.02,""shadow_pair_mirrored"":false,""shadow_seed"":15991372533490846379,""third_color"":""gray""}}"
wm-cc0-classic__oa-sn-ma-pwg,wm-cc0-classic,wm-cc0-classic,596EEB6B073D2C83ECB93EDF53BF7EB1B7ADF8A7511997D49E7535B276479706,CC0-1.0,outline-ambiguous__shading-none__material-ambiguous__polarity-outer-white_center-gray,oa-sn-ma-pwg,ambiguous,none,ambiguous,outer-white_center-gray,ambiguous,,,vase,gray,white,black,,0.0,0.0,False,13693714625742037616,78108,v2,png/wm-cc0-classic__oa-sn-ma-pwg.png,svg/wm-cc0-classic__oa-sn-ma-pwg.svg,276d16b2e0fa2f96fe5105dd5f26c120e4a4dd475c13585508b109e0944d805d,b7d0abb52ef02ca159e515ecbc0064bf9ad0432059aebb52c050889c3aa2d04d,0.7432933059393192,0.10633311685911417,0.0003145409862380925,0.24389069829301963,2.059891247081372,0.4555898515692527,"{""fixation_baked_in"":false,""material_value_ranges"":{""black"":[20,58],""gray"":[103,186],""white"":[132,244]},""palette_values"":{""black"":43,""gray"":154,""white"":201},""render"":{""background_color"":""white"",""figure_color"":""gray"",""figure_region"":""vase"",""fixation_baked_in"":false,""shade_color"":"""",""shadow_dx"":0.0,""shadow_dy"":0.0,""shadow_max_radius"":0.065,""shadow_min_abs_component"":0.02,""shadow_pair_mirrored"":false,""shadow_seed"":13693714625742037616,""third_color"":""black""}}"
wm-cc0-classic__oa-sn-mv-pbg,wm-cc0-classic,wm-cc0-classic,596EEB6B073D2C83ECB93EDF53BF7EB1B7ADF8A7511997D49E7535B276479706,CC0-1.0,outline-ambiguous__shading-none__material-vase__polarity-outer-black_center-gray,oa-sn-mv-pbg,ambiguous,none,vase,outer-black_center-gray,vase,,material,vase,gray,black,white,,0.0,0.0,False,18021958992405544870,78108,v2,png/wm-cc0-classic__oa-sn-mv-pbg.png,svg/wm-cc0-classic__oa-sn-mv-pbg.svg,9269adb328d3c789306e7a95823a1b2f83204753ed505c22ff3586e7449cde43,2e638c08bb179a9b78bc14b5dd49404822c0897d7e36130984630092d6a6d159,0.27590737436331947,0.7001880638321049,0.0008879188588925306,0.24389069829301963,2.059891247081372,0.4555898515692527,"{""fixation_baked_in"":false,""material_value_ranges"":{""black"":[20,58],""gray"":[103,186],""white"":[132,244]},""palette_values"":{""black"":43,""gray"":154,""white"":201},""render"":{""background_color"":""black"",""figure_color"":""gray"",""figure_region"":""vase"",""fixation_baked_in"":false,""shade_color"":"""",""shadow_dx"":0.0,""shadow_dy"":0.0,""shadow_max_radius"":0.065,""shadow_min_abs_component"":0.02,""shadow_pair_mirrored"":false,""shadow_seed"":18021958992405544870,""third_color"":""white""}}"
wm-cc0-classic__oa-sn-mv-pbw,wm-cc0-classic,wm-cc0-classic,596EEB6B073D2C83ECB93EDF53BF7EB1B7ADF8A7511997D49E7535B276479706,CC0-1.0,outline-ambiguous__shading-none__material-vase__polarity-outer-black_center-white,oa-sn-mv-pbw,ambiguous,none,vase,outer-black_center-white,vase,,material,vase,white,black,gray,,0.0,0.0,False,4519620013403108661,78108,v2,png/wm-cc0-classic__oa-sn-mv-pbw.png,svg/wm-cc0-classic__oa-sn-mv-pbw.svg,e3c8646e10b4c3cafc92a26cee7d1b17d312a35b4f973f77b3ff67beab00db91,ce55ca91c13b670d6c58d007cf00adb8e4f1fc225aa51eb1312743c8e956e54b,0.3211382136625402,0.8530927453357344,0.0012506206814348417,0.24389069829301963,2.059891247081372,0.4555898515692527,"{""fixation_baked_in"":false,""material_value_ranges"":{""black"":[20,58],""gray"":[103,186],""white"":[132,244]},""palette_values"":{""black"":43,""gray"":154,""white"":201},""render"":{""background_color"":""black"",""figure_color"":""white"",""figure_region"":""vase"",""fixation_baked_in"":false,""shade_color"":"""",""shadow_dx"":0.0,""shadow_dy"":0.0,""shadow_max_radius"":0.065,""shadow_min_abs_component"":0.02,""shadow_pair_mirrored"":false,""shadow_seed"":4519620013403108661,""third_color"":""gray""}}"
wm-cc0-classic__oa-sn-mv-pgb,wm-cc0-classic,wm-cc0-classic,596EEB6B073D2C83ECB93EDF53BF7EB1B7ADF8A7511997D49E7535B276479706,CC0-1.0,outline-ambiguous__shading-none__material-vase__polarity-outer-gray_center-black,oa-sn-mv-pgb,ambiguous,none,vase,outer-gray_center-black,vase,,material,vase,black,gray,white,,0.0,0.0,False,12790292354817342184,78108,v2,png/wm-cc0-classic__oa-sn-mv-pgb.png,svg/wm-cc0-classic__oa-sn-mv-pgb.svg,542df88c189b2f524e5fb58fd78fd9263d6ee8238f03c9bff84cf8b95fa11658,be90129f0a1458d373f9ae1f897f241649036a33adcd590425446933eba975c1,0.4983708811741248,0.37418798613902166,0.0008814836876832844,0.24389069829301963,2.059891247081372,0.4555898515692527,"{""fixation_baked_in"":false,""material_value_ranges"":{""black"":[20,58],""gray"":[103,186],""white"":[132,244]},""palette_values"":{""black"":43,""gray"":154,""white"":201},""render"":{""background_color"":""gray"",""figure_color"":""black"",""figure_region"":""vase"",""fixation_baked_in"":false,""shade_color"":"""",""shadow_dx"":0.0,""shadow_dy"":0.0,""shadow_max_radius"":0.065,""shadow_min_abs_component"":0.02,""shadow_pair_mirrored"":false,""shadow_seed"":12790292354817342184,""third_color"":""white""}}"
wm-cc0-classic__oa-sn-mv-pgw,wm-cc0-classic,wm-cc0-classic,596EEB6B073D2C83ECB93EDF53BF7EB1B7ADF8A7511997D49E7535B276479706,CC0-1.0,outline-ambiguous__shading-none__material-vase__polarity-outer-gray_center-white,oa-sn-mv-pgw,ambiguous,none,vase,outer-gray_center-white,vase,,material,vase,white,gray,black,,0.0,0.0,False,10405285888287943293,78108,v2,png/wm-cc0-classic__oa-sn-mv-pgw.png,svg/wm-cc0-classic__oa-sn-mv-pgw.svg,2906046350b97d10c3425b48cef67e6aff8fa2e960950ff9f962dac3cc50e6cd,6cabdf743e139098994fc412e85df90f3bb01c2fd979943dc0a52c585ca68349,0.6500975440530214,0.15237154241495937,0.0005715809662085753,0.24389069829301963,2.059891247081372,0.4555898515692527,"{""fixation_baked_in"":false,""material_value_ranges"":{""black"":[20,58],""gray"":[103,186],""white"":[132,244]},""palette_values"":{""black"":43,""gray"":154,""white"":201},""render"":{""background_color"":""gray"",""figure_color"":""white"",""figure_region"":""vase"",""fixation_baked_in"":false,""shade_color"":"""",""shadow_dx"":0.0,""shadow_dy"":0.0,""shadow_max_radius"":0.065,""shadow_min_abs_component"":0.02,""shadow_pair_mirrored"":false,""shadow_seed"":10405285888287943293,""third_color"":""black""}}"
wm-cc0-classic__oa-sn-mv-pwb,wm-cc0-classic,wm-cc0-classic,596EEB6B073D2C83ECB93EDF53BF7EB1B7ADF8A7511997D49E7535B276479706,CC0-1.0,outline-ambiguous__shading-none__material-vase__polarity-outer-white_center-black,oa-sn-mv-pwb,ambiguous,none,vase,outer-white_center-black,vase,,material,vase,black,white,gray,,0.0,0.0,False,13739048469032763434,78108,v2,png/wm-cc0-classic__oa-sn-mv-pwb.png,svg/wm-cc0-classic__oa-sn-mv-pwb.svg,c68f6a042cd04dd25c0ef69bcd1753fe96a817a878908ac645eacc4dd0bd1eef,9a3fcaf122f92a67c66f17d3cc0ba2252183f74f4c3fa543988f3a54b0880ebc,0.6376593758078184,0.4160604290821269,0.0011958449832767904,0.24389069829301963,2.059891247081372,0.4555898515692527,"{""fixation_baked_in"":false,""material_value_ranges"":{""black"":[20,58],""gray"":[103,186],""white"":[132,244]},""palette_values"":{""black"":43,""gray"":154,""white"":201},""render"":{""background_color"":""white"",""figure_color"":""black"",""figure_region"":""vase"",""fixation_baked_in"":false,""shade_color"":"""",""shadow_dx"":0.0,""shadow_dy"":0.0,""shadow_max_radius"":0.065,""shadow_min_abs_component"":0.02,""shadow_pair_mirrored"":false,""shadow_seed"":13739048469032763434,""third_color"":""gray""}}"
wm-cc0-classic__oa-sn-mv-pwg,wm-cc0-classic,wm-cc0-classic,596EEB6B073D2C83ECB93EDF53BF7EB1B7ADF8A7511997D49E7535B276479706,CC0-1.0,outline-ambiguous__shading-none__material-vase__polarity-outer-white_center-gray,oa-sn-mv-pwg,ambiguous,none,vase,outer-white_center-gray,vase,,material,vase,gray,white,black,,0.0,0.0,False,15383110283641191439,78108,v2,png/wm-cc0-classic__oa-sn-mv-pwg.png,svg/wm-cc0-classic__oa-sn-mv-pwg.svg,d09bebce1be1d2e5e619e5e3a5689cc1524f01e56c55fc83198d910c9a8e7ff6,5ce9d05f01fa36089ddadc4bc8875dd1d57fd9ec537080dd11c32b8de722345c,0.7441548291374657,0.11853368381914817,0.0006237137144691697,0.24389069829301963,2.059891247081372,0.4555898515692527,"{""fixation_baked_in"":false,""material_value_ranges"":{""black"":[20,58],""gray"":[103,186],""white"":[132,244]},""palette_values"":{""black"":43,""gray"":154,""white"":201},""render"":{""background_color"":""white"",""figure_color"":""gray"",""figure_region"":""vase"",""fixation_baked_in"":false,""shade_color"":"""",""shadow_dx"":0.0,""shadow_dy"":0.0,""shadow_max_radius"":0.065,""shadow_min_abs_component"":0.02,""shadow_pair_mirrored"":false,""shadow_seed"":15383110283641191439,""third_color"":""black""}}"
wm-cc0-classic__oa-sf-ma-pbg,wm-cc0-classic,wm-cc0-classic,596EEB6B073D2C83ECB93EDF53BF7EB1B7ADF8A7511997D49E7535B276479706,CC0-1.0,outline-ambiguous__shading-figure__material-ambiguous__polarity-outer-black_center-gray,oa-sf-ma-pbg,ambiguous,figure,ambiguous,outer-black_center-gray,vase,,shading,vase,gray,black,white,white,0.020211388424921095,-0.057517275592606956,False,9327917831593056530,78108,v2,png/wm-cc0-classic__oa-sf-ma-pbg.png,svg/wm-cc0-classic__oa-sf-ma-pbg.svg,550e074e2c23335ab31cd1a551679abe36cf52e1991ce47c60c46bd5e9952161,8448c931825b02b396c44557fb5f74afe277f971b0d048bb65db66c0f198d7e0,0.3051199408138499,0.7045533179512555,0.0011379845957200083,0.24389069829301963,2.059891247081372,0.4555898515692527,"{""fixation_baked_in"":false,""material_value_ranges"":{""black"":[20,58],""gray"":[103,186],""white"":[132,244]},""palette_values"":{""black"":43,""gray"":154,""white"":201},""render"":{""background_color"":""black"",""figure_color"":""gray"",""figure_region"":""vase"",""fixation_baked_in"":false,""shade_color"":""white"",""shadow_dx"":0.020211388424921095,""shadow_dy"":-0.057517275592606956,""shadow_max_radius"":0.065,""shadow_min_abs_component"":0.02,""shadow_pair_mirrored"":false,""shadow_seed"":9327917831593056530,""third_color"":""white""}}"
wm-cc0-classic__oa-sf-ma-pbw,wm-cc0-classic,wm-cc0-classic,596EEB6B073D2C83ECB93EDF53BF7EB1B7ADF8A7511997D49E7535B276479706,CC0-1.0,outline-ambiguous__shading-figure__material-ambiguous__polarity-outer-black_center-white,oa-sf-ma-pbw,ambiguous,figure,ambiguous,outer-black_center-white,vase,,shading,vase,white,black,gray,gray,0.022332297476400823,0.03051940871570545,False,9772357396008280383,78108,v2,png/wm-cc0-classic__oa-sf-ma-pbw.png,svg/wm-cc0-classic__oa-sf-ma-pbw.svg,b0e0a55de36fc00ffdd9d7f0245509c4ce74e1f6bf7a727dbf7ceb371570b51a,7ff401780b19e7a5ec6d76cf4a6f7edbbd8a08fa2c5d903c31053cd2e1e18b7a,0.334817097233791,0.8036611440531248,0.0011131348769957642,0.24389069829301963,2.059891247081372,0.4555898515692527,"{""fixation_baked_in"":false,""material_value_ranges"":{""black"":[20,58],""gray"":[103,186],""white"":[132,244]},""palette_values"":{""black"":43,""gray"":154,""white"":201},""render"":{""background_color"":""black"",""figure_color"":""white"",""figure_region"":""vase"",""fixation_baked_in"":false,""shade_color"":""gray"",""shadow_dx"":0.022332297476400823,""shadow_dy"":0.03051940871570545,""shadow_max_radius"":0.065,""shadow_min_abs_component"":0.02,""shadow_pair_mirrored"":false,""shadow_seed"":9772357396008280383,""third_color"":""gray""}}"
wm-cc0-classic__oa-sf-ma-pgb,wm-cc0-classic,wm-cc0-classic,596EEB6B073D2C83ECB93EDF53BF7EB1B7ADF8A7511997D49E7535B276479706,CC0-1.0,outline-ambiguous__shading-figure__material-ambiguous__polarity-outer-gray_center-black,oa-sf-ma-pgb,ambiguous,figure,ambiguous,outer-gray_center-black,vase,,shading,vase,black,gray,white,white,0.020033179068166835,-0.02110524150291675,False,4140957850740651927,78108,v2,png/wm-cc0-classic__oa-sf-ma-pgb.png,svg/wm-cc0-classic__oa-sf-ma-pgb.svg,b9a783b88c8b1579814293a99da7b4bc9497ed6f87e36a594838ca0e63d10d6b,dab8c097e040c240c095f32a78cf4ff7a465f8fd65e43e036ec761ef0d3f9f69,0.5029349345786898,0.3814331850458765,0.001071937053169264,0.24389069829301963,2.059891247081372,0.4555898515692527,"{""fixation_baked_in"":false,""material_value_ranges"":{""black"":[20,58],""gray"":[103,186],""white"":[132,244]},""palette_values"":{""black"":43,""gray"":154,""white"":201},""render"":{""background_color"":""gray"",""figure_color"":""black"",""figure_region"":""vase"",""fixation_baked_in"":false,""shade_color"":""white"",""shadow_dx"":0.020033179068166835,""shadow_dy"":-0.02110524150291675,""shadow_max_radius"":0.065,""shadow_min_abs_component"":0.02,""shadow_pair_mirrored"":false,""shadow_seed"":4140957850740651927,""third_color"":""white""}}"
wm-cc0-classic__oa-sf-ma-pgw,wm-cc0-classic,wm-cc0-classic,596EEB6B073D2C83ECB93EDF53BF7EB1B7ADF8A7511997D49E7535B276479706,CC0-1.0,outline-ambiguous__shading-figure__material-ambiguous__polarity-outer-gray_center-white,oa-sf-ma-pgw,ambiguous,figure,ambiguous,outer-gray_center-white,vase,,shading,vase,white,gray,black,black,0.04162625967191399,-0.02770527392729813,False,11747713916178264241,78108,v2,png/wm-cc0-classic__oa-sf-ma-pgw.png,svg/wm-cc0-classic__oa-sf-ma-pgw.svg,0d3576d0ab40188da346aa522554aea61df37e5b651130fe5340fa8ba8b22237,71f62a0125d7bb0cea9090b7f356a09595ba6258a45467c45f775a0364806bdd,0.6280992807126513,0.20500473791868715,0.0010912313361317156,0.24389069829301963,2.059891247081372,0.4555898515692527,"{""fixation_baked_in"":false,""material_value_ranges"":{""black"":[20,58],""gray"":[103,186],""white"":[132,244]},""palette_values"":{""black"":43,""gray"":154,""white"":201},""render"":{""background_color"":""gray"",""figure_color"":""white"",""figure_region"":""vase"",""fixation_baked_in"":false,""shade_color"":""black"",""shadow_dx"":0.04162625967191399,""shadow_dy"":-0.02770527392729813,""shadow_max_radius"":0.065,""shadow_min_abs_component"":0.02,""shadow_pair_mirrored"":false,""shadow_seed"":11747713916178264241,""third_color"":""black""}}"
wm-cc0-classic__oa-sf-ma-pwb,wm-cc0-classic,wm-cc0-classic,596EEB6B073D2C83ECB93EDF53BF7EB1B7ADF8A7511997D49E7535B276479706,CC0-1.0,outline-ambiguous__shading-figure__material-ambiguous__polarity-outer-white_center-black,oa-sf-ma-pwb,ambiguous,figure,ambiguous,outer-white_center-black,vase,,shading,vase,black,white,gray,gray,0.052689965344973895,-0.028633980876448858,False,10152024481391121526,78108,v2,png/wm-cc0-classic__oa-sf-ma-pwb.png,svg/wm-cc0-classic__oa-sf-ma-pwb.svg,c95a4949693e69193689a609d5c15fadadd7b8e4e6de2c9ecd1ffc6e9012d073,fdabea55e15ff4dabdc24cb18b0c3e1a17b9505f75631636e9ba08e00a338a3e,0.6266505147896562,0.42003688306197184,0.001080663280096985,0.24389069829301963,2.059891247081372,0.4555898515692527,"{""fixation_baked_in"":false,""material_value_ranges"":{""black"":[20,58],""gray"":[103,186],""white"":[132,244]},""palette_values"":{""black"":43,""gray"":154,""white"":201},""render"":{""background_color"":""white"",""figure_color"":""black"",""figure_region"":""vase"",""fixation_baked_in"":false,""shade_color"":""gray"",""shadow_dx"":0.052689965344973895,""shadow_dy"":-0.028633980876448858,""shadow_max_radius"":0.065,""shadow_min_abs_component"":0.02,""shadow_pair_mirrored"":false,""shadow_seed"":10152024481391121526,""third_color"":""gray""}}"
wm-cc0-classic__oa-sf-ma-pwg,wm-cc0-classic,wm-cc0-classic,596EEB6B073D2C83ECB93EDF53BF7EB1B7ADF8A7511997D49E7535B276479706,CC0-1.0,outline-ambiguous__shading-figure__material-ambiguous__polarity-outer-white_center-gray,oa-sf-ma-pwg,ambiguous,figure,ambiguous,outer-white_center-gray,vase,,shading,vase,gray,white,black,black,-0.020272568955888647,0.03200232417339556,False,11237747328698072628,78108,v2,png/wm-cc0-classic__oa-sf-ma-pwg.png,svg/wm-cc0-classic__oa-sf-ma-pwg.svg,4f285c528de6dcac4dc6bd0806697f2ebf781a541ccc756c2726e5e0be23e6ce,e73149f5ab833e7b778dbd9a6de5b4077cfacb1cf56eccafdab34bdee327894a,0.722155881395527,0.1799462587612077,0.0010654270108581066,0.24389069829301963,2.059891247081372,0.4555898515692527,"{""fixation_baked_in"":false,""material_value_ranges"":{""black"":[20,58],""gray"":[103,186],""white"":[132,244]},""palette_values"":{""black"":43,""gray"":154,""white"":201},""render"":{""background_color"":""white"",""figure_color"":""gray"",""figure_region"":""vase"",""fixation_baked_in"":false,""shade_color"":""black"",""shadow_dx"":-0.020272568955888647,""shadow_dy"":0.03200232417339556,""shadow_max_radius"":0.065,""shadow_min_abs_component"":0.02,""shadow_pair_mirrored"":false,""shadow_seed"":11237747328698072628,""third_color"":""black""}}"
wm-cc0-classic__of-sn-ma-pbg,wm-cc0-classic,wm-cc0-classic,596EEB6B073D2C83ECB93EDF53BF7EB1B7ADF8A7511997D49E7535B276479706,CC0-1.0,outline-face__shading-none__material-ambiguous__polarity-outer-black_center-gray,of-sn-ma-pbg,face,none,ambiguous,outer-black_center-gray,face,outline,,face,black,gray,white,,0.0,0.0,False,18094749276785610409,78108,v2,png/wm-cc0-classic__of-sn-ma-pbg.png,svg/wm-cc0-classic__of-sn-ma-pbg.svg,8d8045f630cf0cd2c13002f25b19db9a60e06d1e758f780570e7e56b037c0637,10a74e130518a747869c83dd2af1940bac523f16e166d53900e6726a65755392,0.3357607112211339,0.6298441146663861,0.0007583581605907269,0.24389069829301963,2.059891247081372,0.4555898515692527,"{""fixation_baked_in"":false,""material_value_ranges"":{""black"":[20,58],""gray"":[103,186],""white"":[132,244]},""palette_values"":{""black"":43,""gray"":154,""white"":201},""render"":{""background_color"":""gray"",""figure_color"":""black"",""figure_region"":""face"",""fixation_baked_in"":false,""shade_color"":"""",""shadow_dx"":0.0,""shadow_dy"":0.0,""shadow_max_radius"":0.065,""shadow_min_abs_component"":0.02,""shadow_pair_mirrored"":false,""shadow_seed"":18094749276785610409,""third_color"":""white""}}"
wm-cc0-classic__of-sn-ma-pbw,wm-cc0-classic,wm-cc0-classic,596EEB6B073D2C83ECB93EDF53BF7EB1B7ADF8A7511997D49E7535B276479706,CC0-1.0,outline-face__shading-none__material-ambiguous__polarity-outer-black_center-white,of-sn-ma-pbw,face,none,ambiguous,outer-black_center-white,face,outline,,face,black,white,gray,,0.0,0.0,False,15202036851332313218,78108,v2,png/wm-cc0-classic__of-sn-ma-pbw.png,svg/wm-cc0-classic__of-sn-ma-pbw.svg,351ef55d266e1a88065faef68c9e7f28f4c85c168f8a29ed73d45eeac577d3fd,ba8f7f2556a63cfbf825d3c08fd05c084e9c6670b08c5a999733f0dcf178f11e,0.4065268909229952,0.7404685609883468,0.0010794503682460274,0.24389069829301963,2.059891247081372,0.4555898515692527,"{""fixation_baked_in"":false,""material_value_ranges"":{""black"":[20,58],""gray"":[103,186],""white"":[132,244]},""palette_values"":{""black"":43,""gray"":154,""white"":201},""render"":{""background_color"":""white"",""figure_color"":""black"",""figure_region"":""face"",""fixation_baked_in"":false,""shade_color"":"""",""shadow_dx"":0.0,""shadow_dy"":0.0,""shadow_max_radius"":0.065,""shadow_min_abs_component"":0.02,""shadow_pair_mirrored"":false,""shadow_seed"":15202036851332313218,""third_color"":""gray""}}"
wm-cc0-classic__of-sn-ma-pgb,wm-cc0-classic,wm-cc0-classic,596EEB6B073D2C83ECB93EDF53BF7EB1B7ADF8A7511997D49E7535B276479706,CC0-1.0,outline-face__shading-none__material-ambiguous__polarity-outer-gray_center-black,of-sn-ma-pgb,face,none,ambiguous,outer-gray_center-black,face,outline,,face,gray,black,white,,0.0,0.0,False,12785153346505572137,78108,v2,png/wm-cc0-classic__of-sn-ma-pgb.png,svg/wm-cc0-classic__of-sn-ma-pgb.svg,af39f8e0a592e93a80070dc6cfb97f372a8466a4edcb9c9310a2559fa11243fd,6dbd5244b7068ee7377b10e3fe9168330796ba9a82b49ae53b7a1fb8e6ebe1d1,0.43679103103338496,0.4841585003331936,0.0007583469299254403,0.24389069829301963,2.059891247081372,0.4555898515692527,"{""fixation_baked_in"":false,""material_value_ranges"":{""black"":[20,58],""gray"":[103,186],""white"":[132,244]},""palette_values"":{""black"":43,""gray"":154,""white"":201},""render"":{""background_color"":""black"",""figure_color"":""gray"",""figure_region"":""face"",""fixation_baked_in"":false,""shade_color"":"""",""shadow_dx"":0.0,""shadow_dy"":0.0,""shadow_max_radius"":0.065,""shadow_min_abs_component"":0.02,""shadow_pair_mirrored"":false,""shadow_seed"":12785153346505572137,""third_color"":""white""}}"
wm-cc0-classic__of-sn-ma-pgw,wm-cc0-classic,wm-cc0-classic,596EEB6B073D2C83ECB93EDF53BF7EB1B7ADF8A7511997D49E7535B276479706,CC0-1.0,outline-face__shading-none__material-ambiguous__polarity-outer-gray_center-white,of-sn-ma-pgw,face,none,ambiguous,outer-gray_center-white,face,outline,,face,gray,white,black,,0.0,0.0,False,15314274357154987153,78108,v2,png/wm-cc0-classic__of-sn-ma-pgw.png,svg/wm-cc0-classic__of-sn-ma-pgw.svg,6cbb4304d48e60692eae3a195709cfdc75cb845df636c7993362b394c5c11b6f,781f1a8d4a4bfd956945477c18c8ff0f0bdd96a6db2232240870509d6e306ce3,0.6746868470135857,0.13271816025191466,0.0003210996947654917,0.24389069829301963,2.059891247081372,0.4555898515692527,"{""fixation_baked_in"":false,""material_value_ranges"":{""black"":[20,58],""gray"":[103,186],""white"":[132,244]},""palette_values"":{""black"":43,""gray"":154,""white"":201},""render"":{""background_color"":""white"",""figure_color"":""gray"",""figure_region"":""face"",""fixation_baked_in"":false,""shade_color"":"""",""shadow_dx"":0.0,""shadow_dy"":0.0,""shadow_max_radius"":0.065,""shadow_min_abs_component"":0.02,""shadow_pair_mirrored"":false,""shadow_seed"":15314274357154987153,""third_color"":""black""}}"
wm-cc0-classic__of-sn-ma-pwb,wm-cc0-classic,wm-cc0-classic,596EEB6B073D2C83ECB93EDF53BF7EB1B7ADF8A7511997D49E7535B276479706,CC0-1.0,outline-face__shading-none__material-ambiguous__polarity-outer-white_center-black,of-sn-ma-pwb,face,none,ambiguous,outer-white_center-black,face,outline,,face,white,black,gray,,0.0,0.0,False,12005911133911746723,78108,v2,png/wm-cc0-classic__of-sn-ma-pwb.png,svg/wm-cc0-classic__of-sn-ma-pwb.svg,5fd6ab3608e061c4c77a407f07dfb8027f0c3aa045dededae48bbad4c1c408e8,8aa2d0e8be0c3022efd485dac3526317dc65ddfe965f8d91032bed4322d844cb,0.550335854175044,0.5469757778657686,0.0010794503682460274,0.24389069829301963,2.059891247081372,0.4555898515692527,"{""fixation_baked_in"":false,""material_value_ranges"":{""black"":[20,58],""gray"":[103,186],""white"":[132,244]},""palette_values"":{""black"":43,""gray"":154,""white"":201},""render"":{""background_color"":""black"",""figure_color"":""white"",""figure_region"":""face"",""fixation_baked_in"":false,""shade_color"":"""",""shadow_dx"":0.0,""shadow_dy"":0.0,""shadow_max_radius"":0.065,""shadow_min_abs_component"":0.02,""shadow_pair_mirrored"":false,""shadow_seed"":12005911133911746723,""third_color"":""gray""}}"
wm-cc0-classic__of-sn-ma-pwg,wm-cc0-classic,wm-cc0-classic,596EEB6B073D2C83ECB93EDF53BF7EB1B7ADF8A7511997D49E7535B276479706,CC0-1.0,outline-face__shading-none__material-ambiguous__polarity-outer-white_center-gray,of-sn-ma-pwg,face,none,ambiguous,outer-white_center-gray,face,outline,,face,white,gray,black,,0.0,0.0,False,2641349581025532178,78108,v2,png/wm-cc0-classic__of-sn-ma-pwg.png,svg/wm-cc0-classic__of-sn-ma-pwg.svg,0b0cc1fc1eacdddb71ab0ec8e824c791a03dc2a372a6aaaf2029cc93b14d2a2c,7e168a0a3f10197f9097e7199d9203af187276c56f0b2c770f4953c045b6ed35,0.7174661598953547,0.12480633932388224,0.0003211034383205873,0.24389069829301963,2.059891247081372,0.4555898515692527,"{""fixation_baked_in"":false,""material_value_ranges"":{""black"":[20,58],""gray"":[103,186],""white"":[132,244]},""palette_values"":{""black"":43,""gray"":154,""white"":201},""render"":{""background_color"":""gray"",""figure_color"":""white"",""figure_region"":""face"",""fixation_baked_in"":false,""shade_color"":"""",""shadow_dx"":0.0,""shadow_dy"":0.0,""shadow_max_radius"":0.065,""shadow_min_abs_component"":0.02,""shadow_pair_mirrored"":false,""shadow_seed"":2641349581025532178,""third_color"":""black""}}"
wm-cc0-classic__of-sf-ma-pbg,wm-cc0-classic,wm-cc0-classic,596EEB6B073D2C83ECB93EDF53BF7EB1B7ADF8A7511997D49E7535B276479706,CC0-1.0,outline-face__shading-figure__material-ambiguous__polarity-outer-black_center-gray,of-sf-ma-pbg,face,figure,ambiguous,outer-black_center-gray,face,outline|shading,,face,black,gray,white,white,-0.02983022402564698,0.022720091796271474,True,17829509339646599283,78108,v2,png/wm-cc0-classic__of-sf-ma-pbg.png,svg/wm-cc0-classic__of-sf-ma-pbg.svg,148aea78c88f187ec8f9be33f3bb9b4de90ae34b2717bdee83dd964754c6332d,bf126f50dc1d3011f5675bc46b2d99b20f6d7a230074048ec3b83e969f7f3f71,0.3383541705561618,0.6376880355768204,0.0008936727030743872,0.24389069829301963,2.059891247081372,0.4555898515692527,"{""fixation_baked_in"":false,""material_value_ranges"":{""black"":[20,58],""gray"":[103,186],""white"":[132,244]},""palette_values"":{""black"":43,""gray"":154,""white"":201},""render"":{""background_color"":""gray"",""figure_color"":""black"",""figure_region"":""face"",""fixation_baked_in"":false,""shade_color"":""white"",""shadow_dx"":-0.02983022402564698,""shadow_dy"":0.022720091796271474,""shadow_max_radius"":0.065,""shadow_min_abs_component"":0.02,""shadow_pair_mirrored"":true,""shadow_seed"":17829509339646599283,""third_color"":""white""}}"
wm-cc0-classic__of-sf-ma-pbw,wm-cc0-classic,wm-cc0-classic,596EEB6B073D2C83ECB93EDF53BF7EB1B7ADF8A7511997D49E7535B276479706,CC0-1.0,outline-face__shading-figure__material-ambiguous__polarity-outer-black_center-white,of-sf-ma-pbw,face,figure,ambiguous,outer-black_center-white,face,outline|shading,,face,black,white,gray,gray,0.025756551092873513,0.02214846594865162,True,15315845079282993876,78108,v2,png/wm-cc0-classic__of-sf-ma-pbw.png,svg/wm-cc0-classic__of-sf-ma-pbw.svg,5da152f6ee28791887c0f94d436bc3441b06568a672c57c7ecf5cfa48081d7b6,ba8e51bc76694a8a6a2dc5e5a93a7b8f12690fe68b4e87a413bae669ed05c667,0.3966988245646159,0.7344585240324244,0.001096805489668986,0.24389069829301963,2.059891247081372,0.4555898515692527,"{""fixation_baked_in"":false,""material_value_ranges"":{""black"":[20,58],""gray"":[103,186],""white"":[132,244]},""palette_values"":{""black"":43,""gray"":154,""white"":201},""render"":{""background_color"":""white"",""figure_color"":""black"",""figure_region"":""face"",""fixation_baked_in"":false,""shade_color"":""gray"",""shadow_dx"":0.025756551092873513,""shadow_dy"":0.02214846594865162,""shadow_max_radius"":0.065,""shadow_min_abs_component"":0.02,""shadow_pair_mirrored"":true,""shadow_seed"":15315845079282993876,""third_color"":""gray""}}"
wm-cc0-classic__of-sf-ma-pgb,wm-cc0-classic,wm-cc0-classic,596EEB6B073D2C83ECB93EDF53BF7EB1B7ADF8A7511997D49E7535B276479706,CC0-1.0,outline-face__shading-figure__material-ambiguous__polarity-outer-gray_center-black,of-sf-ma-pgb,face,figure,ambiguous,outer-gray_center-black,face,outline|shading,,face,gray,black,white,white,0.027372643929899618,-0.04142276115255883,True,103731108305824088,78108,v2,png/wm-cc0-classic__of-sf-ma-pgb.png,svg/wm-cc0-classic__of-sf-ma-pgb.svg,06295c397898fdf19668f80d3ee5730fa94b7a1e56d39e0d207b2c5cdaf2ecad,b2d610c43148c1b38fd700d7b1a10919e9a1d37c39ef22918fb33e1e314ccf44,0.48312447117824175,0.44561923061441405,0.0012994029478849214,0.24389069829301963,2.059891247081372,0.4555898515692527,"{""fixation_baked_in"":false,""material_value_ranges"":{""black"":[20,58],""gray"":[103,186],""white"":[132,244]},""palette_values"":{""black"":43,""gray"":154,""white"":201},""render"":{""background_color"":""black"",""figure_color"":""gray"",""figure_region"":""face"",""fixation_baked_in"":false,""shade_color"":""white"",""shadow_dx"":0.027372643929899618,""shadow_dy"":-0.04142276115255883,""shadow_max_radius"":0.065,""shadow_min_abs_component"":0.02,""shadow_pair_mirrored"":true,""shadow_seed"":103731108305824088,""third_color"":""white""}}"
wm-cc0-classic__of-sf-ma-pgw,wm-cc0-classic,wm-cc0-classic,596EEB6B073D2C83ECB93EDF53BF7EB1B7ADF8A7511997D49E7535B276479706,CC0-1.0,outline-face__shading-figure__material-ambiguous__polarity-outer-gray_center-white,of-sf-ma-pgw,face,figure,ambiguous,outer-gray_center-white,face,outline|shading,,face,gray,white,black,black,-0.043355621887921025,-0.0235374845301781,True,6768318136439937577,78108,v2,png/wm-cc0-classic__of-sf-ma-pgw.png,svg/wm-cc0-classic__of-sf-ma-pgw.svg,7873e55222487410ac4f50aeae317ab604a54e32c6a9f8a3abeb43285deea1ac,b470375b1fadfa74c29893cacc35febe2fad0d5d6b884ebe496a13fa90c3aec5,0.6698409547992781,0.148191281150317,0.0004912180689724571,0.24389069829301963,2.059891247081372,0.4555898515692527,"{""fixation_baked_in"":false,""material_value_ranges"":{""black"":[20,58],""gray"":[103,186],""white"":[132,244]},""palette_values"":{""black"":43,""gray"":154,""white"":201},""render"":{""background_color"":""white"",""figure_color"":""gray"",""figure_region"":""face"",""fixation_baked_in"":false,""shade_color"":""black"",""shadow_dx"":-0.043355621887921025,""shadow_dy"":-0.0235374845301781,""shadow_max_radius"":0.065,""shadow_min_abs_component"":0.02,""shadow_pair_mirrored"":true,""shadow_seed"":6768318136439937577,""third_color"":""black""}}"
wm-cc0-classic__of-sf-ma-pwb,wm-cc0-classic,wm-cc0-classic,596EEB6B073D2C83ECB93EDF53BF7EB1B7ADF8A7511997D49E7535B276479706,CC0-1.0,outline-face__shading-figure__material-ambiguous__polarity-outer-white_center-black,of-sf-ma-pwb,face,figure,ambiguous,outer-white_center-black,face,outline|shading,,face,white,black,gray,gray,-0.021769091511730274,-0.03184103256472772,True,6166034299631476004,78108,v2,png/wm-cc0-classic__of-sf-ma-pwb.png,svg/wm-cc0-classic__of-sf-ma-pwb.svg,f0094dd98f592b151fbdbdb2a8e8d39921747121c70cfb38e11990dfc64ec097,584abc8fb01f15e480bd0c992965863389d9415abcf8fc2be50cb8275a0da7bb,0.5569972767549403,0.5338287749208582,0.0010930581910183427,0.24389069829301963,2.059891247081372,0.4555898515692527,"{""fixation_baked_in"":false,""material_value_ranges"":{""black"":[20,58],""gray"":[103,186],""white"":[132,244]},""palette_values"":{""black"":43,""gray"":154,""white"":201},""render"":{""background_color"":""black"",""figure_color"":""white"",""figure_region"":""face"",""fixation_baked_in"":false,""shade_color"":""gray"",""shadow_dx"":-0.021769091511730274,""shadow_dy"":-0.03184103256472772,""shadow_max_radius"":0.065,""shadow_min_abs_component"":0.02,""shadow_pair_mirrored"":true,""shadow_seed"":6166034299631476004,""third_color"":""gray""}}"
wm-cc0-classic__of-sf-ma-pwg,wm-cc0-classic,wm-cc0-classic,596EEB6B073D2C83ECB93EDF53BF7EB1B7ADF8A7511997D49E7535B276479706,CC0-1.0,outline-face__shading-figure__material-ambiguous__polarity-outer-white_center-gray,of-sf-ma-pwg,face,figure,ambiguous,outer-white_center-gray,face,outline|shading,,face,white,gray,black,black,0.04603582709482142,-0.0277136205524199,True,4006887646186972733,78108,v2,png/wm-cc0-classic__of-sf-ma-pwg.png,svg/wm-cc0-classic__of-sf-ma-pwg.svg,96ba3a2636c7fa63ba85a3efd0bb5c3628e4de747906f4482bf67a3e793908d9,25a87c80619144954f70caa528c0ff6800e67c13fd4b0dfd5a6f06be8bb6c300,0.6761124592201383,0.27072379098555793,0.001524401839792613,0.24389069829301963,2.059891247081372,0.4555898515692527,"{""fixation_baked_in"":false,""material_value_ranges"":{""black"":[20,58],""gray"":[103,186],""white"":[132,244]},""palette_values"":{""black"":43,""gray"":154,""white"":201},""render"":{""background_color"":""gray"",""figure_color"":""white"",""figure_region"":""face"",""fixation_baked_in"":false,""shade_color"":""black"",""shadow_dx"":0.04603582709482142,""shadow_dy"":-0.0277136205524199,""shadow_max_radius"":0.065,""shadow_min_abs_component"":0.02,""shadow_pair_mirrored"":true,""shadow_seed"":4006887646186972733,""third_color"":""black""}}"
wm-bysa-classic__oa-sn-ma-pbg,wm-bysa-classic,wm-bysa-classic,BB34384AC53365954798F19FB94DE3DA1913138B3177DAE5077C623FA1FEE610,CC-BY-SA-3.0,outline-ambiguous__shading-none__material-ambiguous__polarity-outer-black_center-gray,oa-sn-ma-pbg,ambiguous,none,ambiguous,outer-black_center-gray,ambiguous,,,vase,gray,black,white,,0.0,0.0,False,1451313139455865442,78108,v2,png/wm-bysa-classic__oa-sn-ma-pbg.png,svg/wm-bysa-classic__oa-sn-ma-pbg.svg,9abe53605217b35e1a619f8440aab6882ed48d8eaef27ee80b699192019e8c6e,6eebc92c9db46521591b280b48b3ea7aee20e270e21e3ad2f921b095170d1d44,0.29039842568191826,0.6720540886690071,0.0007300980631744388,0.2798126716486525,2.0172240345292005,0.5784606810366129,"{""fixation_baked_in"":false,""material_value_ranges"":{""black"":[20,58],""gray"":[103,186],""white"":[132,244]},""palette_values"":{""black"":43,""gray"":154,""white"":201},""render"":{""background_color"":""black"",""figure_color"":""gray"",""figure_region"":""vase"",""fixation_baked_in"":false,""shade_color"":"""",""shadow_dx"":0.0,""shadow_dy"":0.0,""shadow_max_radius"":0.065,""shadow_min_abs_component"":0.02,""shadow_pair_mirrored"":false,""shadow_seed"":1451313139455865442,""third_color"":""white""}}"
wm-bysa-classic__oa-sn-ma-pbw,wm-bysa-classic,wm-bysa-classic,BB34384AC53365954798F19FB94DE3DA1913138B3177DAE5077C623FA1FEE610,CC-BY-SA-3.0,outline-ambiguous__shading-none__material-ambiguous__polarity-outer-black_center-white,oa-sn-ma-pbw,ambiguous,none,ambiguous,outer-black_center-white,ambiguous,,,vase,white,black,gray,,0.0,0.0,False,6656497212629821131,78108,v2,png/wm-bysa-classic__oa-sn-ma-pbw.png,svg/wm-bysa-classic__oa-sn-ma-pbw.svg,8ca4af5dc1a92d9415b0dbc6aec3e7563c1b9c4a454e3f413428cf07d480af7d,5f0edabc5e1867ce1b68cd8f9f53436aa9a68c6c79c4123ce86745ce9ba05ccc,0.3419566285376455,0.812381891532703,0.0010392370994096564,0.2798126716486525,2.0172240345292005,0.5784606810366129,"{""fixation_baked_in"":false,""material_value_ranges"":{""black"":[20,58],""gray"":[103,186],""white"":[132,244]},""palette_values"":{""black"":43,""gray"":154,""white"":201},""render"":{""background_color"":""black"",""figure_color"":""white"",""figure_region"":""vase"",""fixation_baked_in"":false,""shade_color"":"""",""shadow_dx"":0.0,""shadow_dy"":0.0,""shadow_max_radius"":0.065,""shadow_min_abs_component"":0.02,""shadow_pair_mirrored"":false,""shadow_seed"":6656497212629821131,""third_color"":""gray""}}"
wm-bysa-classic__oa-sn-ma-pgb,wm-bysa-classic,wm-bysa-classic,BB34384AC53365954798F19FB94DE3DA1913138B3177DAE5077C623FA1FEE610,CC-BY-SA-3.0,outline-ambiguous__shading-none__material-ambiguous__polarity-outer-gray_center-black,oa-sn-ma-pgb,ambiguous,none,ambiguous,outer-gray_center-black,ambiguous,,,vase,black,gray,white,,0.0,0.0,False,4293636649268220296,78108,v2,png/wm-bysa-classic__oa-sn-ma-pgb.png,svg/wm-bysa-classic__oa-sn-ma-pgb.svg,1f5b90e8e54f95442d7d8340b4ff4bb07d0bd2acee362f26ad083a46b8899b5f,deb0c23a7efce72891842683ffa5fdbc2fc8c4b373914918042cc90812b706ef,0.48215390747668685,0.4047721391015358,0.0007300943196193433,0.2798126716486525,2.0172240345292005,0.5784606810366129,"{""fixation_baked_in"":false,""material_value_ranges"":{""black"":[20,58],""gray"":[103,186],""white"":[132,244]},""palette_values"":{""black"":43,""gray"":154,""white"":201},""render"":{""background_color"":""gray"",""figure_color"":""black"",""figure_region"":""vase"",""fixation_baked_in"":false,""shade_color"":"""",""shadow_dx"":0.0,""shadow_dy"":0.0,""shadow_max_radius"":0.065,""shadow_min_abs_component"":0.02,""shadow_pair_mirrored"":false,""shadow_seed"":4293636649268220296,""third_color"":""white""}}"
wm-bysa-classic__oa-sn-ma-pgw,wm-bysa-classic,wm-bysa-classic,BB34384AC53365954798F19FB94DE3DA1913138B3177DAE5077C623FA1FEE610,CC-BY-SA-3.0,outline-ambiguous__shading-none__material-ambiguous__polarity-outer-gray_center-white,oa-sn-ma-pgw,ambiguous,none,ambiguous,outer-gray_center-white,ambiguous,,,vase,white,gray,black,,0.0,0.0,False,5700836916491405527,78108,v2,png/wm-bysa-classic__oa-sn-ma-pgw.png,svg/wm-bysa-classic__oa-sn-ma-pgw.svg,42e277aa481b9b62db28d1eea82df6e8ba1f9a16c4cd43fa3669e09ab415d122,0108473bbfa022feb4e235728b780a6ae715fd7991c14826104be4aee0023e17,0.6554796929452933,0.12606929206207632,0.00030913903623521746,0.2798126716486525,2.0172240345292005,0.5784606810366129,"{""fixation_baked_in"":false,""material_value_ranges"":{""black"":[20,58],""gray"":[103,186],""white"":[132,244]},""palette_values"":{""black"":43,""gray"":154,""white"":201},""render"":{""background_color"":""gray"",""figure_color"":""white"",""figure_region"":""vase"",""fixation_baked_in"":false,""shade_color"":"""",""shadow_dx"":0.0,""shadow_dy"":0.0,""shadow_max_radius"":0.065,""shadow_min_abs_component"":0.02,""shadow_pair_mirrored"":false,""shadow_seed"":5700836916491405527,""third_color"":""black""}}"
wm-bysa-classic__oa-sn-ma-pwb,wm-bysa-classic,wm-bysa-classic,BB34384AC53365954798F19FB94DE3DA1913138B3177DAE5077C623FA1FEE610,CC-BY-SA-3.0,outline-ambiguous__shading-none__material-ambiguous__polarity-outer-white_center-black,oa-sn-ma-pwb,ambiguous,none,ambiguous,outer-white_center-black,ambiguous,,,vase,black,white,gray,,0.0,0.0,False,13906139941576577254,78108,v2,png/wm-bysa-classic__oa-sn-ma-pwb.png,svg/wm-bysa-classic__oa-sn-ma-pwb.svg,2f3c61109911141d63f1bc778045525264c0dab1b5ffedc0d7614ce38cf3ccb3,0e64486ab9ba3d8b12a985ac2836398205b20a81e84f1019f58d3be47a093f17,0.6149061165603937,0.4517752632995218,0.0010392370994096564,0.2798126716486525,2.0172240345292005,0.5784606810366129,"{""fixation_baked_in"":false,""material_value_ranges"":{""black"":[20,58],""gray"":[103,186],""white"":[132,244]},""palette_values"":{""black"":43,""gray"":154,""white"":201},""render"":{""background_color"":""white"",""figure_color"":""black"",""figure_region"":""vase"",""fixation_baked_in"":false,""shade_color"":"""",""shadow_dx"":0.0,""shadow_dy"":0.0,""shadow_max_radius"":0.065,""shadow_min_abs_component"":0.02,""shadow_pair_mirrored"":false,""shadow_seed"":13906139941576577254,""third_color"":""gray""}}"
wm-bysa-classic__oa-sn-ma-pwg,wm-bysa-classic,wm-bysa-classic,BB34384AC53365954798F19FB94DE3DA1913138B3177DAE5077C623FA1FEE610,CC-BY-SA-3.0,outline-ambiguous__shading-none__material-ambiguous__polarity-outer-white_center-gray,oa-sn-ma-pwg,ambiguous,none,ambiguous,outer-white_center-gray,ambiguous,,,vase,gray,white,black,,0.0,0.0,False,13183534721749348820,78108,v2,png/wm-bysa-classic__oa-sn-ma-pwg.png,svg/wm-bysa-classic__oa-sn-ma-pwg.svg,32e06cb035d51d9bdaf9a7a38b1b7ee1db5427c1c7f67e93e6bc3da96a6b5ca0,0e9082baa7e447698df7534b364feb054ac518f4f92f620a603e37e15b9acb8e,0.7366732503853594,0.11217588358394834,0.000309142779790313,0.2798126716486525,2.0172240345292005,0.5784606810366129,"{""fixation_baked_in"":false,""material_value_ranges"":{""black"":[20,58],""gray"":[103,186],""white"":[132,244]},""palette_values"":{""black"":43,""gray"":154,""white"":201},""render"":{""background_color"":""white"",""figure_color"":""gray"",""figure_region"":""vase"",""fixation_baked_in"":false,""shade_color"":"""",""shadow_dx"":0.0,""shadow_dy"":0.0,""shadow_max_radius"":0.065,""shadow_min_abs_component"":0.02,""shadow_pair_mirrored"":false,""shadow_seed"":13183534721749348820,""third_color"":""black""}}"
wm-bysa-classic__oa-sn-mv-pbg,wm-bysa-classic,wm-bysa-classic,BB34384AC53365954798F19FB94DE3DA1913138B3177DAE5077C623FA1FEE610,CC-BY-SA-3.0,outline-ambiguous__shading-none__material-vase__polarity-outer-black_center-gray,oa-sn-mv-pbg,ambiguous,none,vase,outer-black_center-gray,vase,,material,vase,gray,black,white,,0.0,0.0,False,6222997754428345167,78108,v2,png/wm-bysa-classic__oa-sn-mv-pbg.png,svg/wm-bysa-classic__oa-sn-mv-pbg.svg,7f3aa0eb77f2842984fbc7f1b70c86c3d7ef8a5f9ea305fde241f7c2d503eb5f,426096148d42b45a6a3d14238b2c0d3e2077e71379f81d470e5dd1ef7b3a8291,0.2940890218697342,0.699683375726969,0.0009320141943629846,0.2798126716486525,2.0172240345292005,0.5784606810366129,"{""fixation_baked_in"":false,""material_value_ranges"":{""black"":[20,58],""gray"":[103,186],""white"":[132,244]},""palette_values"":{""black"":43,""gray"":154,""white"":201},""render"":{""background_color"":""black"",""figure_color"":""gray"",""figure_region"":""vase"",""fixation_baked_in"":false,""shade_color"":"""",""shadow_dx"":0.0,""shadow_dy"":0.0,""shadow_max_radius"":0.065,""shadow_min_abs_component"":0.02,""shadow_pair_mirrored"":false,""shadow_seed"":6222997754428345167,""third_color"":""white""}}"
wm-bysa-classic__oa-sn-mv-pbw,wm-bysa-classic,wm-bysa-classic,BB34384AC53365954798F19FB94DE3DA1913138B3177DAE5077C623FA1FEE610,CC-BY-SA-3.0,outline-ambiguous__shading-none__material-vase__polarity-outer-black_center-white,oa-sn-mv-pbw,ambiguous,none,vase,outer-black_center-white,vase,,material,vase,white,black,gray,,0.0,0.0,False,6455163453571876582,78108,v2,png/wm-bysa-classic__oa-sn-mv-pbw.png,svg/wm-bysa-classic__oa-sn-mv-pbw.svg,3f3cd43e9a8468e298fac947ba345b49cfdf6e8c3500a1bebd982f86e8c65dd4,5ead9141d6b37093bdf351d4201eb53ee17529c1c55aafcab8bb91cfacae615d,0.34680874394435507,0.8406761001782272,0.0013096528017365302,0.2798126716486525,2.0172240345292005,0.5784606810366129,"{""fixation_baked_in"":false,""material_value_ranges"":{""black"":[20,58],""gray"":[103,186],""white"":[132,244]},""palette_values"":{""black"":43,""gray"":154,""white"":201},""render"":{""background_color"":""black"",""figure_color"":""white"",""figure_region"":""vase"",""fixation_baked_in"":false,""shade_color"":"""",""shadow_dx"":0.0,""shadow_dy"":0.0,""shadow_max_radius"":0.065,""shadow_min_abs_component"":0.02,""shadow_pair_mirrored"":false,""shadow_seed"":6455163453571876582,""third_color"":""gray""}}"
wm-bysa-classic__oa-sn-mv-pgb,wm-bysa-classic,wm-bysa-classic,BB34384AC53365954798F19FB94DE3DA1913138B3177DAE5077C623FA1FEE610,CC-BY-SA-3.0,outline-ambiguous__shading-none__material-vase__polarity-outer-gray_center-black,oa-sn-mv-pgb,ambiguous,none,vase,outer-gray_center-black,vase,,material,vase,black,gray,white,,0.0,0.0,False,17100341748115158850,78108,v2,png/wm-bysa-classic__oa-sn-mv-pgb.png,svg/wm-bysa-classic__oa-sn-mv-pgb.svg,422390a9489917ee812502a10e5d17d10620f7e9da50a0e131eff2ade7509dcd,ab9a47d17f39a6bd380dd8eab5bd6d8a527e1c5f7f2400b6c7cfca027ec2a2bd,0.4839332131778492,0.3992502860362306,0.0008693545691737105,0.2798126716486525,2.0172240345292005,0.5784606810366129,"{""fixation_baked_in"":false,""material_value_ranges"":{""black"":[20,58],""gray"":[103,186],""white"":[132,244]},""palette_values"":{""black"":43,""gray"":154,""white"":201},""render"":{""background_color"":""gray"",""figure_color"":""black"",""figure_region"":""vase"",""fixation_baked_in"":false,""shade_color"":"""",""shadow_dx"":0.0,""shadow_dy"":0.0,""shadow_max_radius"":0.065,""shadow_min_abs_component"":0.02,""shadow_pair_mirrored"":false,""shadow_seed"":17100341748115158850,""third_color"":""white""}}"
wm-bysa-classic__oa-sn-mv-pgw,wm-bysa-classic,wm-bysa-classic,BB34384AC53365954798F19FB94DE3DA1913138B3177DAE5077C623FA1FEE610,CC-BY-SA-3.0,outline-ambiguous__shading-none__material-vase__polarity-outer-gray_center-white,oa-sn-mv-pgw,ambiguous,none,vase,outer-gray_center-white,vase,,material,vase,white,gray,black,,0.0,0.0,False,9527972215995381039,78108,v2,png/wm-bysa-classic__oa-sn-mv-pgw.png,svg/wm-bysa-classic__oa-sn-mv-pgw.svg,e4b3ea7235362a457611fba302431cca19238e9677a31cba3ff3f2c12029a5cd,4b0521413f92574f7ca10f948db0f65c453ad470723f7ecf21e8e53a0ef1e178,0.6601173363479913,0.16378898131239386,0.0006296622235159948,0.2798126716486525,2.0172240345292005,0.5784606810366129,"{""fixation_baked_in"":false,""material_value_ranges"":{""black"":[20,58],""gray"":[103,186],""white"":[132,244]},""palette_values"":{""black"":43,""gray"":154,""white"":201},""render"":{""background_color"":""gray"",""figure_color"":""white"",""figure_region"":""vase"",""fixation_baked_in"":false,""shade_color"":"""",""shadow_dx"":0.0,""shadow_dy"":0.0,""shadow_max_radius"":0.065,""shadow_min_abs_component"":0.02,""shadow_pair_mirrored"":false,""shadow_seed"":9527972215995381039,""third_color"":""black""}}"
wm-bysa-classic__oa-sn-mv-pwb,wm-bysa-classic,wm-bysa-classic,BB34384AC53365954798F19FB94DE3DA1913138B3177DAE5077C623FA1FEE610,CC-BY-SA-3.0,outline-ambiguous__shading-none__material-vase__polarity-outer-white_center-black,oa-sn-mv-pwb,ambiguous,none,vase,outer-white_center-black,vase,,material,vase,black,white,gray,,0.0,0.0,False,16093675676945255676,78108,v2,png/wm-bysa-classic__oa-sn-mv-pwb.png,svg/wm-bysa-classic__oa-sn-mv-pwb.svg,daf66def6c90500ab8d1f580d7ae2768606ffc2b2293af6ed30ed5b65a86de46,c42916cf49b0307f6ae188f9eb478244a433323ec989f815c07e426238a7d695,0.6165946362065335,0.44696267242899484,0.0011784973489640236,0.2798126716486525,2.0172240345292005,0.5784606810366129,"{""fixation_baked_in"":false,""material_value_ranges"":{""black"":[20,58],""gray"":[103,186],""white"":[132,244]},""palette_values"":{""black"":43,""gray"":154,""white"":201},""render"":{""background_color"":""white"",""figure_color"":""black"",""figure_region"":""vase"",""fixation_baked_in"":false,""shade_color"":"""",""shadow_dx"":0.0,""shadow_dy"":0.0,""shadow_max_radius"":0.065,""shadow_min_abs_component"":0.02,""shadow_pair_mirrored"":false,""shadow_seed"":16093675676945255676,""third_color"":""gray""}}"
wm-bysa-classic__oa-sn-mv-pwg,wm-bysa-classic,wm-bysa-classic,BB34384AC53365954798F19FB94DE3DA1913138B3177DAE5077C623FA1FEE610,CC-BY-SA-3.0,outline-ambiguous__shading-none__material-vase__polarity-outer-white_center-gray,oa-sn-mv-pwg,ambiguous,none,vase,outer-white_center-gray,vase,,material,vase,gray,white,black,,0.0,0.0,False,16138761099172506074,78108,v2,png/wm-bysa-classic__oa-sn-mv-pwg.png,svg/wm-bysa-classic__oa-sn-mv-pwg.svg,0dd1cfc53963748b9f4b194f589f43b134e0c23cf78f701ee189847be4ee0e61,e88f7bed17cc4dc55973babd4869be29f4ac4d2b86f22e7cb8aabc6b50c7da55,0.7400587680293066,0.12030508567665481,0.000617615463218523,0.2798126716486525,2.0172240345292005,0.5784606810366129,"{""fixation_baked_in"":false,""material_value_ranges"":{""black"":[20,58],""gray"":[103,186],""white"":[132,244]},""palette_values"":{""black"":43,""gray"":154,""white"":201},""render"":{""background_color"":""white"",""figure_color"":""gray"",""figure_region"":""vase"",""fixation_baked_in"":false,""shade_color"":"""",""shadow_dx"":0.0,""shadow_dy"":0.0,""shadow_max_radius"":0.065,""shadow_min_abs_component"":0.02,""shadow_pair_mirrored"":false,""shadow_seed"":16138761099172506074,""third_color"":""black""}}"
wm-bysa-classic__oa-sf-ma-pbg,wm-bysa-classic,wm-bysa-classic,BB34384AC53365954798F19FB94DE3DA1913138B3177DAE5077C623FA1FEE610,CC-BY-SA-3.0,outline-ambiguous__shading-figure__material-ambiguous__polarity-outer-black_center-gray,oa-sf-ma-pbg,ambiguous,figure,ambiguous,outer-black_center-gray,vase,,shading,vase,gray,black,white,white,0.053947031419168116,0.02256860550974168,False,18262352615782661676,78108,v2,png/wm-bysa-classic__oa-sf-ma-pbg.png,svg/wm-bysa-classic__oa-sf-ma-pbg.svg,e92a98c9ab4d706c475b63127e68a272cd5e387c51229c8509f74ca62a90030b,2e68cf89023cd19b21ed8a6d616087e87303aff46a9b4b4e21277e79f241d3ea,0.325010965384689,0.6868438028339836,0.001065135013560654,0.2798126716486525,2.0172240345292005,0.5784606810366129,"{""fixation_baked_in"":false,""material_value_ranges"":{""black"":[20,58],""gray"":[103,186],""white"":[132,244]},""palette_values"":{""black"":43,""gray"":154,""white"":201},""render"":{""background_color"":""black"",""figure_color"":""gray"",""figure_region"":""vase"",""fixation_baked_in"":false,""shade_color"":""white"",""shadow_dx"":0.053947031419168116,""shadow_dy"":0.02256860550974168,""shadow_max_radius"":0.065,""shadow_min_abs_component"":0.02,""shadow_pair_mirrored"":false,""shadow_seed"":18262352615782661676,""third_color"":""white""}}"
wm-bysa-classic__oa-sf-ma-pbw,wm-bysa-classic,wm-bysa-classic,BB34384AC53365954798F19FB94DE3DA1913138B3177DAE5077C623FA1FEE610,CC-BY-SA-3.0,outline-ambiguous__shading-figure__material-ambiguous__polarity-outer-black_center-white,oa-sf-ma-pbw,ambiguous,figure,ambiguous,outer-black_center-white,vase,,shading,vase,white,black,gray,gray,-0.028082270237492248,-0.0384549357346994,False,14612845608771347024,78108,v2,png/wm-bysa-classic__oa-sf-ma-pbw.png,svg/wm-bysa-classic__oa-sf-ma-pbw.svg,a83d45e71a88b636f7378cda7331300ef78b3eadefae9f4c3ae67bfd6a794d62,a8c111e0049630eafc44419c16f6ecf03f3d0b956ab8baccca040b89679f90e6,0.3600631938261144,0.7780245035575984,0.0010962476999597493,0.2798126716486525,2.0172240345292005,0.5784606810366129,"{""fixation_baked_in"":false,""material_value_ranges"":{""black"":[20,58],""gray"":[103,186],""white"":[132,244]},""palette_values"":{""black"":43,""gray"":154,""white"":201},""render"":{""background_color"":""black"",""figure_color"":""white"",""figure_region"":""vase"",""fixation_baked_in"":false,""shade_color"":""gray"",""shadow_dx"":-0.028082270237492248,""shadow_dy"":-0.0384549357346994,""shadow_max_radius"":0.065,""shadow_min_abs_component"":0.02,""shadow_pair_mirrored"":false,""shadow_seed"":14612845608771347024,""third_color"":""gray""}}"
wm-bysa-classic__oa-sf-ma-pgb,wm-bysa-classic,wm-bysa-classic,BB34384AC53365954798F19FB94DE3DA1913138B3177DAE5077C623FA1FEE610,CC-BY-SA-3.0,outline-ambiguous__shading-figure__material-ambiguous__polarity-outer-gray_center-black,oa-sf-ma-pgb,ambiguous,figure,ambiguous,outer-gray_center-black,vase,,shading,vase,black,gray,white,white,-0.030810628581075757,0.04486897820938581,False,13737819041229945268,78108,v2,png/wm-bysa-classic__oa-sf-ma-pgb.png,svg/wm-bysa-classic__oa-sf-ma-pgb.svg,fb2f3eb7b1e89b2d78f19a813f39f35b1d6efb10fe2f31f4c03dcd79904f0121,703f94710132a706a91e4a56a1d03d586a7944d3c7d790eb03f315981eed5072,0.4907293244904162,0.4157825439866213,0.0010627503689647903,0.2798126716486525,2.0172240345292005,0.5784606810366129,"{""fixation_baked_in"":false,""material_value_ranges"":{""black"":[20,58],""gray"":[103,186],""white"":[132,244]},""palette_values"":{""black"":43,""gray"":154,""white"":201},""render"":{""background_color"":""gray"",""figure_color"":""black"",""figure_region"":""vase"",""fixation_baked_in"":false,""shade_color"":""white"",""shadow_dx"":-0.030810628581075757,""shadow_dy"":0.04486897820938581,""shadow_max_radius"":0.065,""shadow_min_abs_component"":0.02,""shadow_pair_mirrored"":false,""shadow_seed"":13737819041229945268,""third_color"":""white""}}"
wm-bysa-classic__oa-sf-ma-pgw,wm-bysa-classic,wm-bysa-classic,BB34384AC53365954798F19FB94DE3DA1913138B3177DAE5077C623FA1FEE610,CC-BY-SA-3.0,outline-ambiguous__shading-figure__material-ambiguous__polarity-outer-gray_center-white,oa-sf-ma-pgw,ambiguous,figure,ambiguous,outer-gray_center-white,vase,,shading,vase,white,gray,black,black,-0.03219666029548331,0.02035293047377295,False,3159913425278837056,78108,v2,png/wm-bysa-classic__oa-sf-ma-pgw.png,svg/wm-bysa-classic__oa-sf-ma-pgw.svg,585ff6f1b4470ba78ed7492f63272a4d66e3336a9413ea9c0a873d5be722b4c3,a0d090c8488c1858f35e1cd030ab12f452a7363fe7b26b5fce8c72984e7cbc9d,0.6394961675008137,0.19190468800399976,0.0010028759487666033,0.2798126716486525,2.0172240345292005,0.5784606810366129,"{""fixation_baked_in"":false,""material_value_ranges"":{""black"":[20,58],""gray"":[103,186],""white"":[132,244]},""palette_values"":{""black"":43,""gray"":154,""white"":201},""render"":{""background_color"":""gray"",""figure_color"":""white"",""figure_region"":""vase"",""fixation_baked_in"":false,""shade_color"":""black"",""shadow_dx"":-0.03219666029548331,""shadow_dy"":0.02035293047377295,""shadow_max_radius"":0.065,""shadow_min_abs_component"":0.02,""shadow_pair_mirrored"":false,""shadow_seed"":3159913425278837056,""third_color"":""black""}}"
wm-bysa-classic__oa-sf-ma-pwb,wm-bysa-classic,wm-bysa-classic,BB34384AC53365954798F19FB94DE3DA1913138B3177DAE5077C623FA1FEE610,CC-BY-SA-3.0,outline-ambiguous__shading-figure__material-ambiguous__polarity-outer-white_center-black,oa-sf-ma-pwb,ambiguous,figure,ambiguous,outer-white_center-black,vase,,shading,vase,black,white,gray,gray,0.04650974476047646,0.029907640224453042,False,919674531439565365,78108,v2,png/wm-bysa-classic__oa-sf-ma-pwb.png,svg/wm-bysa-classic__oa-sf-ma-pwb.svg,c2f50be7b7b86a35fe9acdabf13ce9ebcebd27a2d8ed3ff6c292b3a9d3d5db06,7f1e1ae276f5108d79f91e7196688f3b2a79179d5728b7855d80a8cc3368ccb0,0.605217503566368,0.4541240008630483,0.0010598154217698811,0.2798126716486525,2.0172240345292005,0.5784606810366129,"{""fixation_baked_in"":false,""material_value_ranges"":{""black"":[20,58],""gray"":[103,186],""white"":[132,244]},""palette_values"":{""black"":43,""gray"":154,""white"":201},""render"":{""background_color"":""white"",""figure_color"":""black"",""figure_region"":""vase"",""fixation_baked_in"":false,""shade_color"":""gray"",""shadow_dx"":0.04650974476047646,""shadow_dy"":0.029907640224453042,""shadow_max_radius"":0.065,""shadow_min_abs_component"":0.02,""shadow_pair_mirrored"":false,""shadow_seed"":919674531439565365,""third_color"":""gray""}}"
wm-bysa-classic__oa-sf-ma-pwg,wm-bysa-classic,wm-bysa-classic,BB34384AC53365954798F19FB94DE3DA1913138B3177DAE5077C623FA1FEE610,CC-BY-SA-3.0,outline-ambiguous__shading-figure__material-ambiguous__polarity-outer-white_center-gray,oa-sf-ma-pwg,ambiguous,figure,ambiguous,outer-white_center-gray,vase,,shading,vase,gray,white,black,black,-0.0356147204319381,0.022626305399184712,False,12743930381275665064,78108,v2,png/wm-bysa-classic__oa-sf-ma-pwg.png,svg/wm-bysa-classic__oa-sf-ma-pwg.svg,440a4be2bec68d98e159057b515c677cb1d5ef8265a037ccba6ab9d15f961e91,1d22d12dc2534cbb53083cd51e2a0f63d2a7d0ddfb816c40de164a987d15309e,0.7115669287887274,0.19386395553003066,0.001016820691497518,0.2798126716486525,2.0172240345292005,0.5784606810366129,"{""fixation_baked_in"":false,""material_value_ranges"":{""black"":[20,58],""gray"":[103,186],""white"":[132,244]},""palette_values"":{""black"":43,""gray"":154,""white"":201},""render"":{""background_color"":""white"",""figure_color"":""gray"",""figure_region"":""vase"",""fixation_baked_in"":false,""shade_color"":""black"",""shadow_dx"":-0.0356147204319381,""shadow_dy"":0.022626305399184712,""shadow_max_radius"":0.065,""shadow_min_abs_component"":0.02,""shadow_pair_mirrored"":false,""shadow_seed"":12743930381275665064,""third_color"":""black""}}"
wm-bysa-classic__of-sn-ma-pbg,wm-bysa-classic,wm-bysa-classic,BB34384AC53365954798F19FB94DE3DA1913138B3177DAE5077C623FA1FEE610,CC-BY-SA-3.0,outline-face__shading-none__material-ambiguous__polarity-outer-black_center-gray,of-sn-ma-pbg,face,none,ambiguous,outer-black_center-gray,face,outline,,face,black,gray,white,,0.0,0.0,False,12469754914898545595,78108,v2,png/wm-bysa-classic__of-sn-ma-pbg.png,svg/wm-bysa-classic__of-sn-ma-pbg.svg,e8c352091bf88318b4c79a8d237154c4275a70707a4713f8c5752cb3730f57de,492c4f7da9dfeacfe96df52f8f569625dc74c15e2bbadcadae72b6cd1449c37e,0.35139694961847034,0.6107604159170228,0.0007498303420830697,0.2798126716486525,2.0172240345292005,0.5784606810366129,"{""fixation_baked_in"":false,""material_value_ranges"":{""black"":[20,58],""gray"":[103,186],""white"":[132,244]},""palette_values"":{""black"":43,""gray"":154,""white"":201},""render"":{""background_color"":""gray"",""figure_color"":""black"",""figure_region"":""face"",""fixation_baked_in"":false,""shade_color"":"""",""shadow_dx"":0.0,""shadow_dy"":0.0,""shadow_max_radius"":0.065,""shadow_min_abs_component"":0.02,""shadow_pair_mirrored"":false,""shadow_seed"":12469754914898545595,""third_color"":""white""}}"
wm-bysa-classic__of-sn-ma-pbw,wm-bysa-classic,wm-bysa-classic,BB34384AC53365954798F19FB94DE3DA1913138B3177DAE5077C623FA1FEE610,CC-BY-SA-3.0,outline-face__shading-none__material-ambiguous__polarity-outer-black_center-white,of-sn-ma-pbw,face,none,ambiguous,outer-black_center-white,face,outline,,face,black,white,gray,,0.0,0.0,False,3579357900795822618,78108,v2,png/wm-bysa-classic__of-sn-ma-pbw.png,svg/wm-bysa-classic__of-sn-ma-pbw.svg,f9039d3713bd326fed80d24d5227c2921a02537cde22be46fa377a839ac454cc,5e642e196f7f9abf986131d90f038e5bb12b6259e2074b15b51b0a776303d66e,0.42878344666724116,0.7124660935013277,0.0010673287368466447,0.2798126716486525,2.0172240345292005,0.5784606810366129,"{""fixation_baked_in"":false,""material_value_ranges"":{""black"":[20,58],""gray"":[103,186],""white"":[132,244]},""palette_values"":{""black"":43,""gray"":154,""white"":201},""render"":{""background_color"":""white"",""figure_color"":""black"",""figure_region"":""face"",""fixation_baked_in"":false,""shade_color"":"""",""shadow_dx"":0.0,""shadow_dy"":0.0,""shadow_max_radius"":0.065,""shadow_min_abs_component"":0.02,""shadow_pair_mirrored"":false,""shadow_seed"":3579357900795822618,""third_color"":""gray""}}"
wm-bysa-classic__of-sn-ma-pgb,wm-bysa-classic,wm-bysa-classic,BB34384AC53365954798F19FB94DE3DA1913138B3177DAE5077C623FA1FEE610,CC-BY-SA-3.0,outline-face__shading-none__material-ambiguous__polarity-outer-gray_center-black,of-sn-ma-pgb,face,none,ambiguous,outer-gray_center-black,face,outline,,face,gray,black,white,,0.0,0.0,False,11480001574621905778,78108,v2,png/wm-bysa-classic__of-sn-ma-pgb.png,svg/wm-bysa-classic__of-sn-ma-pgb.svg,ad836eb4c4010564ff2d01860cbe9a6e8e9fdf634a091cd57735a84c527426f0,558e5736a0c1bfe863e8fbb195973e536beda37bdbeb15c48885666217cdbaa1,0.4211554358987247,0.50959501489803,0.0007498340856381653,0.2798126716486525,2.0172240345292005,0.5784606810366129,"{""fixation_baked_in"":false,""material_value_ranges"":{""black"":[20,58],""gray"":[103,186],""white"":[132,244]},""palette_values"":{""black"":43,""gray"":154,""white"":201},""render"":{""background_color"":""black"",""figure_color"":""gray"",""figure_region"":""face"",""fixation_baked_in"":false,""shade_color"":"""",""shadow_dx"":0.0,""shadow_dy"":0.0,""shadow_max_radius"":0.065,""shadow_min_abs_component"":0.02,""shadow_pair_mirrored"":false,""shadow_seed"":11480001574621905778,""third_color"":""white""}}"
wm-bysa-classic__of-sn-ma-pgw,wm-bysa-classic,wm-bysa-classic,BB34384AC53365954798F19FB94DE3DA1913138B3177DAE5077C623FA1FEE610,CC-BY-SA-3.0,outline-face__shading-none__material-ambiguous__polarity-outer-gray_center-white,of-sn-ma-pgw,face,none,ambiguous,outer-gray_center-white,face,outline,,face,gray,white,black,,0.0,0.0,False,11985372621237592829,78108,v2,png/wm-bysa-classic__of-sn-ma-pgw.png,svg/wm-bysa-classic__of-sn-ma-pgw.svg,45fe5e6ecf804e5eeb869bc3e99b561be6120452d15e7e8e35b81d72272e851d,b9df3fda58addc076e85426c058c9b93ed6ac999466c68c43584f0e0836f7ffb,0.6813075084312289,0.1333819202849607,0.00031749839476357506,0.2798126716486525,2.0172240345292005,0.5784606810366129,"{""fixation_baked_in"":false,""material_value_ranges"":{""black"":[20,58],""gray"":[103,186],""white"":[132,244]},""palette_values"":{""black"":43,""gray"":154,""white"":201},""render"":{""background_color"":""white"",""figure_color"":""gray"",""figure_region"":""face"",""fixation_baked_in"":false,""shade_color"":"""",""shadow_dx"":0.0,""shadow_dy"":0.0,""shadow_max_radius"":0.065,""shadow_min_abs_component"":0.02,""shadow_pair_mirrored"":false,""shadow_seed"":11985372621237592829,""third_color"":""black""}}"
wm-bysa-classic__of-sn-ma-pwb,wm-bysa-classic,wm-bysa-classic,BB34384AC53365954798F19FB94DE3DA1913138B3177DAE5077C623FA1FEE610,CC-BY-SA-3.0,outline-face__shading-none__material-ambiguous__polarity-outer-white_center-black,of-sn-ma-pwb,face,none,ambiguous,outer-white_center-black,face,outline,,face,white,black,gray,,0.0,0.0,False,2141531020439407505,78108,v2,png/wm-bysa-classic__of-sn-ma-pwb.png,svg/wm-bysa-classic__of-sn-ma-pwb.svg,7452a6af597e28ebb70a4bf06b34365cc260275321af37f192217a354b659d7e,771429fc15e99cbc348281808cb8e3db1d122de7dc6c959c0c048191d8c83a45,0.5280792984307983,0.57849960813239,0.0010673287368466447,0.2798126716486525,2.0172240345292005,0.5784606810366129,"{""fixation_baked_in"":false,""material_value_ranges"":{""black"":[20,58],""gray"":[103,186],""white"":[132,244]},""palette_values"":{""black"":43,""gray"":154,""white"":201},""render"":{""background_color"":""black"",""figure_color"":""white"",""figure_region"":""face"",""fixation_baked_in"":false,""shade_color"":"""",""shadow_dx"":0.0,""shadow_dy"":0.0,""shadow_max_radius"":0.065,""shadow_min_abs_component"":0.02,""shadow_pair_mirrored"":false,""shadow_seed"":2141531020439407505,""third_color"":""gray""}}"
wm-bysa-classic__of-sn-ma-pwg,wm-bysa-classic,wm-bysa-classic,BB34384AC53365954798F19FB94DE3DA1913138B3177DAE5077C623FA1FEE610,CC-BY-SA-3.0,outline-face__shading-none__material-ambiguous__polarity-outer-white_center-gray,of-sn-ma-pwg,face,none,ambiguous,outer-white_center-gray,face,outline,,face,white,gray,black,,0.0,0.0,False,4405682478867258467,78108,v2,png/wm-bysa-classic__of-sn-ma-pwg.png,svg/wm-bysa-classic__of-sn-ma-pwg.svg,92afdb37115334f5b706d78b8fa6902ef525c30ce99aa6e2fdebb39a1bf80d2d,49a378a33cba570439e66867cb690f8e9ddbfa5e237484236702c933ed9ee903,0.7108452853034526,0.12784066508915706,0.0003174946512084795,0.2798126716486525,2.0172240345292005,0.5784606810366129,"{""fixation_baked_in"":false,""material_value_ranges"":{""black"":[20,58],""gray"":[103,186],""white"":[132,244]},""palette_values"":{""black"":43,""gray"":154,""white"":201},""render"":{""background_color"":""gray"",""figure_color"":""white"",""figure_region"":""face"",""fixation_baked_in"":false,""shade_color"":"""",""shadow_dx"":0.0,""shadow_dy"":0.0,""shadow_max_radius"":0.065,""shadow_min_abs_component"":0.02,""shadow_pair_mirrored"":false,""shadow_seed"":4405682478867258467,""third_color"":""black""}}"
wm-bysa-classic__of-sf-ma-pbg,wm-bysa-classic,wm-bysa-classic,BB34384AC53365954798F19FB94DE3DA1913138B3177DAE5077C623FA1FEE610,CC-BY-SA-3.0,outline-face__shading-figure__material-ambiguous__polarity-outer-black_center-gray,of-sf-ma-pbg,face,figure,ambiguous,outer-black_center-gray,face,outline|shading,,face,black,gray,white,white,-0.02601347622691572,0.043102540782202034,True,2799359832299571352,78108,v2,png/wm-bysa-classic__of-sf-ma-pbg.png,svg/wm-bysa-classic__of-sf-ma-pbg.svg,9f499ec151588a807a5b99e0ffa6a564d42f9c076cbf0073dca2621ce1872851,e3a394385058a0106e645a1f2748d809bce28e08b9caa979a35bbf4d36c5cb5b,0.35600433349609373,0.6229771901301778,0.0008772422397600291,0.2798126716486525,2.0172240345292005,0.5784606810366129,"{""fixation_baked_in"":false,""material_value_ranges"":{""black"":[20,58],""gray"":[103,186],""white"":[132,244]},""palette_values"":{""black"":43,""gray"":154,""white"":201},""render"":{""background_color"":""gray"",""figure_color"":""black"",""figure_region"":""face"",""fixation_baked_in"":false,""shade_color"":""white"",""shadow_dx"":-0.02601347622691572,""shadow_dy"":0.043102540782202034,""shadow_max_radius"":0.065,""shadow_min_abs_component"":0.02,""shadow_pair_mirrored"":true,""shadow_seed"":2799359832299571352,""third_color"":""white""}}"
wm-bysa-classic__of-sf-ma-pbw,wm-bysa-classic,wm-bysa-classic,BB34384AC53365954798F19FB94DE3DA1913138B3177DAE5077C623FA1FEE610,CC-BY-SA-3.0,outline-face__shading-figure__material-ambiguous__polarity-outer-black_center-white,of-sf-ma-pbw,face,figure,ambiguous,outer-black_center-white,face,outline|shading,,face,black,white,gray,gray,-0.039128808812075394,-0.021418872485489147,True,1635462759183258939,78108,v2,png/wm-bysa-classic__of-sf-ma-pbw.png,svg/wm-bysa-classic__of-sf-ma-pbw.svg,b78ef71f6abb9930de1107b91a8f3a281770e9e39b70a4c4a64ae588d45356a3,9846ff339eb20f2e28ef8d68168cae96f50b413501e1991ba688c05a83034638,0.4273335737340591,0.7119427604555669,0.001071199572815441,0.2798126716486525,2.0172240345292005,0.5784606810366129,"{""fixation_baked_in"":false,""material_value_ranges"":{""black"":[20,58],""gray"":[103,186],""white"":[132,244]},""palette_values"":{""black"":43,""gray"":154,""white"":201},""render"":{""background_color"":""white"",""figure_color"":""black"",""figure_region"":""face"",""fixation_baked_in"":false,""shade_color"":""gray"",""shadow_dx"":-0.039128808812075394,""shadow_dy"":-0.021418872485489147,""shadow_max_radius"":0.065,""shadow_min_abs_component"":0.02,""shadow_pair_mirrored"":true,""shadow_seed"":1635462759183258939,""third_color"":""gray""}}"
wm-bysa-classic__of-sf-ma-pgb,wm-bysa-classic,wm-bysa-classic,BB34384AC53365954798F19FB94DE3DA1913138B3177DAE5077C623FA1FEE610,CC-BY-SA-3.0,outline-face__shading-figure__material-ambiguous__polarity-outer-gray_center-black,of-sf-ma-pgb,face,figure,ambiguous,outer-gray_center-black,face,outline|shading,,face,gray,black,white,white,-0.04802654366585348,-0.023257264446169133,True,18324385230009865857,78108,v2,png/wm-bysa-classic__of-sf-ma-pgb.png,svg/wm-bysa-classic__of-sf-ma-pgb.svg,3c61a358b8a6a87dab4bf432ab5aa0943e38c4d42a6cdf8632246f600617a3e3,1e0e5573cc43820c38a2780dfc2f1341734f60e08bf4fd9e145b411d42bf09fa,0.4262394886390835,0.50645618671808,0.000831409894725241,0.2798126716486525,2.0172240345292005,0.5784606810366129,"{""fixation_baked_in"":false,""material_value_ranges"":{""black"":[20,58],""gray"":[103,186],""white"":[132,244]},""palette_values"":{""black"":43,""gray"":154,""white"":201},""render"":{""background_color"":""black"",""figure_color"":""gray"",""figure_region"":""face"",""fixation_baked_in"":false,""shade_color"":""white"",""shadow_dx"":-0.04802654366585348,""shadow_dy"":-0.023257264446169133,""shadow_max_radius"":0.065,""shadow_min_abs_component"":0.02,""shadow_pair_mirrored"":true,""shadow_seed"":18324385230009865857,""third_color"":""white""}}"
wm-bysa-classic__of-sf-ma-pgw,wm-bysa-classic,wm-bysa-classic,BB34384AC53365954798F19FB94DE3DA1913138B3177DAE5077C623FA1FEE610,CC-BY-SA-3.0,outline-face__shading-figure__material-ambiguous__polarity-outer-gray_center-white,of-sf-ma-pgw,face,figure,ambiguous,outer-gray_center-white,face,outline|shading,,face,gray,white,black,black,0.024330624779758822,-0.030106583415177402,True,3224895833206501790,78108,v2,png/wm-bysa-classic__of-sf-ma-pgw.png,svg/wm-bysa-classic__of-sf-ma-pgw.svg,d8fa1f69eb343c1acb9c61b59dfefcba30f7ffe77d6fd586bb410b2534402161,9a566689364450bac2ea4030e405589726f704e490a2875a7a120ac877c39227,0.6447507708680396,0.227686864873069,0.001548798588350296,0.2798126716486525,2.0172240345292005,0.5784606810366129,"{""fixation_baked_in"":false,""material_value_ranges"":{""black"":[20,58],""gray"":[103,186],""white"":[132,244]},""palette_values"":{""black"":43,""gray"":154,""white"":201},""render"":{""background_color"":""white"",""figure_color"":""gray"",""figure_region"":""face"",""fixation_baked_in"":false,""shade_color"":""black"",""shadow_dx"":0.024330624779758822,""shadow_dy"":-0.030106583415177402,""shadow_max_radius"":0.065,""shadow_min_abs_component"":0.02,""shadow_pair_mirrored"":true,""shadow_seed"":3224895833206501790,""third_color"":""black""}}"
wm-bysa-classic__of-sf-ma-pwb,wm-bysa-classic,wm-bysa-classic,BB34384AC53365954798F19FB94DE3DA1913138B3177DAE5077C623FA1FEE610,CC-BY-SA-3.0,outline-face__shading-figure__material-ambiguous__polarity-outer-white_center-black,of-sf-ma-pwb,face,figure,ambiguous,outer-white_center-black,face,outline|shading,,face,white,black,gray,gray,0.03825162464443115,0.023846171044159772,True,6327345960823220598,78108,v2,png/wm-bysa-classic__of-sf-ma-pwb.png,svg/wm-bysa-classic__of-sf-ma-pwb.svg,a62821ab05ebf21b8d571aec32c17defd25c226461d941a9320d26303d84a4ec,680b60be5cbad10db963d0c0ab0f930ade8c83bf311895d999e3a93315ff8dc9,0.5605826321770164,0.514269284215524,0.0011203150156690242,0.2798126716486525,2.0172240345292005,0.5784606810366129,"{""fixation_baked_in"":false,""material_value_ranges"":{""black"":[20,58],""gray"":[103,186],""white"":[132,244]},""palette_values"":{""black"":43,""gray"":154,""white"":201},""render"":{""background_color"":""black"",""figure_color"":""white"",""figure_region"":""face"",""fixation_baked_in"":false,""shade_color"":""gray"",""shadow_dx"":0.03825162464443115,""shadow_dy"":0.023846171044159772,""shadow_max_radius"":0.065,""shadow_min_abs_component"":0.02,""shadow_pair_mirrored"":true,""shadow_seed"":6327345960823220598,""third_color"":""gray""}}"
wm-bysa-classic__of-sf-ma-pwg,wm-bysa-classic,wm-bysa-classic,BB34384AC53365954798F19FB94DE3DA1913138B3177DAE5077C623FA1FEE610,CC-BY-SA-3.0,outline-face__shading-figure__material-ambiguous__polarity-outer-white_center-gray,of-sf-ma-pwg,face,figure,ambiguous,outer-white_center-gray,face,outline|shading,,face,white,gray,black,black,-0.02133058816893749,-0.03179292087627838,True,5207214269954360890,78108,v2,png/wm-bysa-classic__of-sf-ma-pwg.png,svg/wm-bysa-classic__of-sf-ma-pwg.svg,57ba93f7933b3f8ad544e13e7e2b6243c296f894e1a1d2cdea105566fe2047f7,86db942699829c6967287fb1e16c7ada56f6ef29acc1f6f81f195d05385a0526,0.7041499642764821,0.15875985264736686,0.0007443722387537614,0.2798126716486525,2.0172240345292005,0.5784606810366129,"{""fixation_baked_in"":false,""material_value_ranges"":{""black"":[20,58],""gray"":[103,186],""white"":[132,244]},""palette_values"":{""black"":43,""gray"":154,""white"":201},""render"":{""background_color"":""gray"",""figure_color"":""white"",""figure_region"":""face"",""fixation_baked_in"":false,""shade_color"":""black"",""shadow_dx"":-0.02133058816893749,""shadow_dy"":-0.03179292087627838,""shadow_max_radius"":0.065,""shadow_min_abs_component"":0.02,""shadow_pair_mirrored"":true,""shadow_seed"":5207214269954360890,""third_color"":""black""}}"
wm-bysa-klam__oa-sn-ma-pbg,wm-bysa-klam,wm-bysa-klam,C00669A03066F139199AD755A4602B6BE1958669111B1CCAC726FDA7731591C8,CC-BY-SA-3.0,outline-ambiguous__shading-none__material-ambiguous__polarity-outer-black_center-gray,oa-sn-ma-pbg,ambiguous,none,ambiguous,outer-black_center-gray,ambiguous,,,vase,gray,black,white,,0.0,0.0,False,5598633504325544144,78108,v2,png/wm-bysa-klam__oa-sn-ma-pbg.png,svg/wm-bysa-klam__oa-sn-ma-pbg.svg,d301977e89b1d882dd1ef624bb7183c9293aff3289169124c9f641ed63257f1c,25d2ba2308acc714641a1f046e8511acce07b61436b4cef1ed6ae92ec4ee7383,0.25472682130103014,0.6794216709490305,0.0008852983703256474,0.19784773083591312,2.3154106170625615,0.34741866816820194,"{""fixation_baked_in"":false,""material_value_ranges"":{""black"":[20,58],""gray"":[103,186],""white"":[132,244]},""palette_values"":{""black"":43,""gray"":154,""white"":201},""render"":{""background_color"":""black"",""figure_color"":""gray"",""figure_region"":""vase"",""fixation_baked_in"":false,""shade_color"":"""",""shadow_dx"":0.0,""shadow_dy"":0.0,""shadow_max_radius"":0.065,""shadow_min_abs_component"":0.02,""shadow_pair_mirrored"":false,""shadow_seed"":5598633504325544144,""third_color"":""white""}}"
wm-bysa-klam__oa-sn-ma-pbw,wm-bysa-klam,wm-bysa-klam,C00669A03066F139199AD755A4602B6BE1958669111B1CCAC726FDA7731591C8,CC-BY-SA-3.0,outline-ambiguous__shading-none__material-ambiguous__polarity-outer-black_center-white,oa-sn-ma-pbw,ambiguous,none,ambiguous,outer-black_center-white,ambiguous,,,vase,white,black,gray,,0.0,0.0,False,3750488582758614206,78108,v2,png/wm-bysa-klam__oa-sn-ma-pbw.png,svg/wm-bysa-klam__oa-sn-ma-pbw.svg,d2e7a67ffa192943ef431d84b3943c44dc951fcc39c176cbafba89b6831b5c9f,16cb3e4fc6f6afda1e485fbd02af4d26691164e5d5d23251befdd1fb180b4aad,0.2911801730885225,0.8460255281735206,0.0012601442855979146,0.19784773083591312,2.3154106170625615,0.34741866816820194,"{""fixation_baked_in"":false,""material_value_ranges"":{""black"":[20,58],""gray"":[103,186],""white"":[132,244]},""palette_values"":{""black"":43,""gray"":154,""white"":201},""render"":{""background_color"":""black"",""figure_color"":""white"",""figure_region"":""vase"",""fixation_baked_in"":false,""shade_color"":"""",""shadow_dx"":0.0,""shadow_dy"":0.0,""shadow_max_radius"":0.065,""shadow_min_abs_component"":0.02,""shadow_pair_mirrored"":false,""shadow_seed"":3750488582758614206,""third_color"":""gray""}}"
wm-bysa-klam__oa-sn-ma-pgb,wm-bysa-klam,wm-bysa-klam,C00669A03066F139199AD755A4602B6BE1958669111B1CCAC726FDA7731591C8,CC-BY-SA-3.0,outline-ambiguous__shading-none__material-ambiguous__polarity-outer-gray_center-black,oa-sn-ma-pgb,ambiguous,none,ambiguous,outer-gray_center-black,ambiguous,,,vase,black,gray,white,,0.0,0.0,False,9991220991145821751,78108,v2,png/wm-bysa-klam__oa-sn-ma-pgb.png,svg/wm-bysa-klam__oa-sn-ma-pgb.svg,197cdece41fce341603e08b8f488ae1bcfc91ae2e547989edf4586f222d91c76,08af091adc4bf313414f05c9eacb0c9063b6388c0934ed3411dc1c3e1bc3e3c1,0.5178267647238337,0.33421292737267766,0.0008853021138807429,0.19784773083591312,2.3154106170625615,0.34741866816820194,"{""fixation_baked_in"":false,""material_value_ranges"":{""black"":[20,58],""gray"":[103,186],""white"":[132,244]},""palette_values"":{""black"":43,""gray"":154,""white"":201},""render"":{""background_color"":""gray"",""figure_color"":""black"",""figure_region"":""vase"",""fixation_baked_in"":false,""shade_color"":"""",""shadow_dx"":0.0,""shadow_dy"":0.0,""shadow_max_radius"":0.065,""shadow_min_abs_component"":0.02,""shadow_pair_mirrored"":false,""shadow_seed"":9991220991145821751,""third_color"":""white""}}"
wm-bysa-klam__oa-sn-ma-pgw,wm-bysa-klam,wm-bysa-klam,C00669A03066F139199AD755A4602B6BE1958669111B1CCAC726FDA7731591C8,CC-BY-SA-3.0,outline-ambiguous__shading-none__material-ambiguous__polarity-outer-gray_center-white,oa-sn-ma-pgw,ambiguous,none,ambiguous,outer-gray_center-white,ambiguous,,,vase,white,gray,black,,0.0,0.0,False,3934751090251405761,78108,v2,png/wm-bysa-klam__oa-sn-ma-pgw.png,svg/wm-bysa-klam__oa-sn-ma-pgw.svg,ebaae146de133a9b2cf69dacaab2f5ada0f5351518e70035e2dbb6b3ef56eced,54744771583a83fd9bfa2fd912bf6c7c301a025f74b36b3e9a4ed8d56b55f869,0.6403744080487418,0.1144304876276656,0.0003748459152722673,0.19784773083591312,2.3154106170625615,0.34741866816820194,"{""fixation_baked_in"":false,""material_value_ranges"":{""black"":[20,58],""gray"":[103,186],""white"":[132,244]},""palette_values"":{""black"":43,""gray"":154,""white"":201},""render"":{""background_color"":""gray"",""figure_color"":""white"",""figure_region"":""vase"",""fixation_baked_in"":false,""shade_color"":"""",""shadow_dx"":0.0,""shadow_dy"":0.0,""shadow_max_radius"":0.065,""shadow_min_abs_component"":0.02,""shadow_pair_mirrored"":false,""shadow_seed"":3934751090251405761,""third_color"":""black""}}"
wm-bysa-klam__oa-sn-ma-pwb,wm-bysa-klam,wm-bysa-klam,C00669A03066F139199AD755A4602B6BE1958669111B1CCAC726FDA7731591C8,CC-BY-SA-3.0,outline-ambiguous__shading-none__material-ambiguous__polarity-outer-white_center-black,oa-sn-ma-pwb,ambiguous,none,ambiguous,outer-white_center-black,ambiguous,,,vase,black,white,gray,,0.0,0.0,False,361284506470591646,78108,v2,png/wm-bysa-klam__oa-sn-ma-pwb.png,svg/wm-bysa-klam__oa-sn-ma-pwb.svg,4d0bf7c470596f7cbbe27948d4b4a581eb7ff6d9d31fa6052a2f9fdb7734431f,c596bf699d3d8c34ff862d343c11faba62c019e75932d65c061f361b8a57d677,0.6656825720095169,0.37006505816612023,0.0012601442855979146,0.19784773083591312,2.3154106170625615,0.34741866816820194,"{""fixation_baked_in"":false,""material_value_ranges"":{""black"":[20,58],""gray"":[103,186],""white"":[132,244]},""palette_values"":{""black"":43,""gray"":154,""white"":201},""render"":{""background_color"":""white"",""figure_color"":""black"",""figure_region"":""vase"",""fixation_baked_in"":false,""shade_color"":"""",""shadow_dx"":0.0,""shadow_dy"":0.0,""shadow_max_radius"":0.065,""shadow_min_abs_component"":0.02,""shadow_pair_mirrored"":false,""shadow_seed"":361284506470591646,""third_color"":""gray""}}"
wm-bysa-klam__oa-sn-ma-pwg,wm-bysa-klam,wm-bysa-klam,C00669A03066F139199AD755A4602B6BE1958669111B1CCAC726FDA7731591C8,CC-BY-SA-3.0,outline-ambiguous__shading-none__material-ambiguous__polarity-outer-white_center-gray,oa-sn-ma-pwg,ambiguous,none,ambiguous,outer-white_center-gray,ambiguous,,,vase,gray,white,black,,0.0,0.0,False,10361441145768077869,78108,v2,png/wm-bysa-klam__oa-sn-ma-pwg.png,svg/wm-bysa-klam__oa-sn-ma-pwg.svg,3200bf968a24ca4ff950da6fd90862bbbf1bf6862fbf635a9b13ce3bb86f194a,706171026254ee7cf799c79a432235512ec2b4b62448c2a6b3a7a0ef9a82d60e,0.7517770056631052,0.09747746885582437,0.00037485714593755385,0.19784773083591312,2.3154106170625615,0.34741866816820194,"{""fixation_baked_in"":false,""material_value_ranges"":{""black"":[20,58],""gray"":[103,186],""white"":[132,244]},""palette_values"":{""black"":43,""gray"":154,""white"":201},""render"":{""background_color"":""white"",""figure_color"":""gray"",""figure_region"":""vase"",""fixation_baked_in"":false,""shade_color"":"""",""shadow_dx"":0.0,""shadow_dy"":0.0,""shadow_max_radius"":0.065,""shadow_min_abs_component"":0.02,""shadow_pair_mirrored"":false,""shadow_seed"":10361441145768077869,""third_color"":""black""}}"
wm-bysa-klam__oa-sn-mv-pbg,wm-bysa-klam,wm-bysa-klam,C00669A03066F139199AD755A4602B6BE1958669111B1CCAC726FDA7731591C8,CC-BY-SA-3.0,outline-ambiguous__shading-none__material-vase__polarity-outer-black_center-gray,oa-sn-mv-pbg,ambiguous,none,vase,outer-black_center-gray,vase,,material,vase,gray,black,white,,0.0,0.0,False,6559771642469136299,78108,v2,png/wm-bysa-klam__oa-sn-mv-pbg.png,svg/wm-bysa-klam__oa-sn-mv-pbg.svg,4e30fc0aefa4e066e300a633f3c22a70550578aded414a6051804046f6084481,31dd9984602f20c377a615f59415a1fb797c472c467eeb1337be76ad08b90515,0.25161843393363204,0.6813553322293903,0.0011139472284514979,0.19784773083591312,2.3154106170625615,0.34741866816820194,"{""fixation_baked_in"":false,""material_value_ranges"":{""black"":[20,58],""gray"":[103,186],""white"":[132,244]},""palette_values"":{""black"":43,""gray"":154,""white"":201},""render"":{""background_color"":""black"",""figure_color"":""gray"",""figure_region"":""vase"",""fixation_baked_in"":false,""shade_color"":"""",""shadow_dx"":0.0,""shadow_dy"":0.0,""shadow_max_radius"":0.065,""shadow_min_abs_component"":0.02,""shadow_pair_mirrored"":false,""shadow_seed"":6559771642469136299,""third_color"":""white""}}"
wm-bysa-klam__oa-sn-mv-pbw,wm-bysa-klam,wm-bysa-klam,C00669A03066F139199AD755A4602B6BE1958669111B1CCAC726FDA7731591C8,CC-BY-SA-3.0,outline-ambiguous__shading-none__material-vase__polarity-outer-black_center-white,oa-sn-mv-pbw,ambiguous,none,vase,outer-black_center-white,vase,,material,vase,white,black,gray,,0.0,0.0,False,267222556115481829,78108,v2,png/wm-bysa-klam__oa-sn-mv-pbw.png,svg/wm-bysa-klam__oa-sn-mv-pbw.svg,3ff57b0058054cfd7aebce0c819e89a6d6fda7eb62364027f251361492fb0b12,9b739f1cf3d166b48bd6acd71e5e0ccf51089bc2f287981f3b9454a01d8fe1f9,0.2869052812164905,0.8490366017747083,0.0015659141222471393,0.19784773083591312,2.3154106170625615,0.34741866816820194,"{""fixation_baked_in"":false,""material_value_ranges"":{""black"":[20,58],""gray"":[103,186],""white"":[132,244]},""palette_values"":{""black"":43,""gray"":154,""white"":201},""render"":{""background_color"":""black"",""figure_color"":""white"",""figure_region"":""vase"",""fixation_baked_in"":false,""shade_color"":"""",""shadow_dx"":0.0,""shadow_dy"":0.0,""shadow_max_radius"":0.065,""shadow_min_abs_component"":0.02,""shadow_pair_mirrored"":false,""shadow_seed"":267222556115481829,""third_color"":""gray""}}"
wm-bysa-klam__oa-sn-mv-pgb,wm-bysa-klam,wm-bysa-klam,C00669A03066F139199AD755A4602B6BE1958669111B1CCAC726FDA7731591C8,CC-BY-SA-3.0,outline-ambiguous__shading-none__material-vase__polarity-outer-gray_center-black,oa-sn-mv-pgb,ambiguous,none,vase,outer-gray_center-black,vase,,material,vase,black,gray,white,,0.0,0.0,False,8589848646181662350,78108,v2,png/wm-bysa-klam__oa-sn-mv-pgb.png,svg/wm-bysa-klam__oa-sn-mv-pgb.svg,c566cc7ef73572a3b50603220a2db9ceddaffbf23351dad348d0e66b9c3eabda,67eeaa2f2045a46d8955fe7e16a92a81ca3d3817f98ef27fcc78cba95b17f7a2,0.516293742609959,0.3426176394701657,0.0010427560411994709,0.19784773083591312,2.3154106170625615,0.34741866816820194,"{""fixation_baked_in"":false,""material_value_ranges"":{""black"":[20,58],""gray"":[103,186],""white"":[132,244]},""palette_values"":{""black"":43,""gray"":154,""white"":201},""render"":{""background_color"":""gray"",""figure_color"":""black"",""figure_region"":""vase"",""fixation_baked_in"":false,""shade_color"":"""",""shadow_dx"":0.0,""shadow_dy"":0.0,""shadow_max_radius"":0.065,""shadow_min_abs_component"":0.02,""shadow_pair_mirrored"":false,""shadow_seed"":8589848646181662350,""third_color"":""white""}}"
wm-bysa-klam__oa-sn-mv-pgw,wm-bysa-klam,wm-bysa-klam,C00669A03066F139199AD755A4602B6BE1958669111B1CCAC726FDA7731591C8,CC-BY-SA-3.0,outline-ambiguous__shading-none__material-vase__polarity-outer-gray_center-white,oa-sn-mv-pgw,ambiguous,none,vase,outer-gray_center-white,vase,,material,vase,white,gray,black,,0.0,0.0,False,2299744657569642435,78108,v2,png/wm-bysa-klam__oa-sn-mv-pgw.png,svg/wm-bysa-klam__oa-sn-mv-pgw.svg,fd4cb574f811ee90d37212c3b50bb2eb445fa6b11fa545c92be05e1b3304c373,ef732cbd7283e27c823d7ce11e642d9468f2004a3ad2ea982358e92d67387ba5,0.6358333064060584,0.13229829896504122,0.0007455776634945279,0.19784773083591312,2.3154106170625615,0.34741866816820194,"{""fixation_baked_in"":false,""material_value_ranges"":{""black"":[20,58],""gray"":[103,186],""white"":[132,244]},""palette_values"":{""black"":43,""gray"":154,""white"":201},""render"":{""background_color"":""gray"",""figure_color"":""white"",""figure_region"":""vase"",""fixation_baked_in"":false,""shade_color"":"""",""shadow_dx"":0.0,""shadow_dy"":0.0,""shadow_max_radius"":0.065,""shadow_min_abs_component"":0.02,""shadow_pair_mirrored"":false,""shadow_seed"":2299744657569642435,""third_color"":""black""}}"
wm-bysa-klam__oa-sn-mv-pwb,wm-bysa-klam,wm-bysa-klam,C00669A03066F139199AD755A4602B6BE1958669111B1CCAC726FDA7731591C8,CC-BY-SA-3.0,outline-ambiguous__shading-none__material-vase__polarity-outer-white_center-black,oa-sn-mv-pwb,ambiguous,none,vase,outer-white_center-black,vase,,material,vase,black,white,gray,,0.0,0.0,False,13509345749282888054,78108,v2,png/wm-bysa-klam__oa-sn-mv-pwb.png,svg/wm-bysa-klam__oa-sn-mv-pwb.svg,49f7616e1227e1be67fe0c6e0c54ea7fa9395a8c36af6b85c1d0d22292a7ed1c,c1a748946545ed085df30f5d11131e138df166f305ff637b8ec9f816689faf26,0.6640372482000614,0.37650479138118087,0.0014175158547045407,0.19784773083591312,2.3154106170625615,0.34741866816820194,"{""fixation_baked_in"":false,""material_value_ranges"":{""black"":[20,58],""gray"":[103,186],""white"":[132,244]},""palette_values"":{""black"":43,""gray"":154,""white"":201},""render"":{""background_color"":""white"",""figure_color"":""black"",""figure_region"":""vase"",""fixation_baked_in"":false,""shade_color"":"""",""shadow_dx"":0.0,""shadow_dy"":0.0,""shadow_max_radius"":0.065,""shadow_min_abs_component"":0.02,""shadow_pair_mirrored"":false,""shadow_seed"":13509345749282888054,""third_color"":""gray""}}"
wm-bysa-klam__oa-sn-mv-pwg,wm-bysa-klam,wm-bysa-klam,C00669A03066F139199AD755A4602B6BE1958669111B1CCAC726FDA7731591C8,CC-BY-SA-3.0,outline-ambiguous__shading-none__material-vase__polarity-outer-white_center-gray,oa-sn-mv-pwg,ambiguous,none,vase,outer-white_center-gray,vase,,material,vase,gray,white,black,,0.0,0.0,False,14657064892919119505,78108,v2,png/wm-bysa-klam__oa-sn-mv-pwg.png,svg/wm-bysa-klam__oa-sn-mv-pwg.svg,3a589e3afcffc02fd9ea8c8de057f17983b8f2cab96ab45aedfcd8f69c089245,4d1da9e2bb44e4443f1299f2cbd39787184122b7ab6e5f31000e04bb68618bea,0.7482897141400506,0.12010136933406189,0.0007255309259578708,0.19784773083591312,2.3154106170625615,0.34741866816820194,"{""fixation_baked_in"":false,""material_value_ranges"":{""black"":[20,58],""gray"":[103,186],""white"":[132,244]},""palette_values"":{""black"":43,""gray"":154,""white"":201},""render"":{""background_color"":""white"",""figure_color"":""gray"",""figure_region"":""vase"",""fixation_baked_in"":false,""shade_color"":"""",""shadow_dx"":0.0,""shadow_dy"":0.0,""shadow_max_radius"":0.065,""shadow_min_abs_component"":0.02,""shadow_pair_mirrored"":false,""shadow_seed"":14657064892919119505,""third_color"":""black""}}"
wm-bysa-klam__oa-sf-ma-pbg,wm-bysa-klam,wm-bysa-klam,C00669A03066F139199AD755A4602B6BE1958669111B1CCAC726FDA7731591C8,CC-BY-SA-3.0,outline-ambiguous__shading-figure__material-ambiguous__polarity-outer-black_center-gray,oa-sf-ma-pbg,ambiguous,figure,ambiguous,outer-black_center-gray,vase,,shading,vase,gray,black,white,white,0.020876183373514604,0.04743058345220386,False,1184475879656547175,78108,v2,png/wm-bysa-klam__oa-sf-ma-pbg.png,svg/wm-bysa-klam__oa-sf-ma-pbg.svg,6fa17ebfbe04df60a9ca7ea0a4f80552b2e4c758551a0c150f8869bfdcfac24b,fa7801781b9ff0dccd529641559d8f2f3bfd0399ecf99c1ff5dde15f7f16fdb7,0.292170659233542,0.7278100441148545,0.0013565258550878806,0.19784773083591312,2.3154106170625615,0.34741866816820194,"{""fixation_baked_in"":false,""material_value_ranges"":{""black"":[20,58],""gray"":[103,186],""white"":[132,244]},""palette_values"":{""black"":43,""gray"":154,""white"":201},""render"":{""background_color"":""black"",""figure_color"":""gray"",""figure_region"":""vase"",""fixation_baked_in"":false,""shade_color"":""white"",""shadow_dx"":0.020876183373514604,""shadow_dy"":0.04743058345220386,""shadow_max_radius"":0.065,""shadow_min_abs_component"":0.02,""shadow_pair_mirrored"":false,""shadow_seed"":1184475879656547175,""third_color"":""white""}}"
wm-bysa-klam__oa-sf-ma-pbw,wm-bysa-klam,wm-bysa-klam,C00669A03066F139199AD755A4602B6BE1958669111B1CCAC726FDA7731591C8,CC-BY-SA-3.0,outline-ambiguous__shading-figure__material-ambiguous__polarity-outer-black_center-white,oa-sf-ma-pbw,ambiguous,figure,ambiguous,outer-black_center-white,vase,,shading,vase,white,black,gray,gray,0.04842288842080875,0.029350289926340953,False,17386471798178036328,78108,v2,png/wm-bysa-klam__oa-sf-ma-pbw.png,svg/wm-bysa-klam__oa-sf-ma-pbw.svg,75586a11cd4406a225889a0599aa7ba9de5aa6cff9cccf6d5598197d95df9877,377e6764e3db9b0153aad95b50605ba648232c6a93095252b275728c8848e8e6,0.3164830675312117,0.804940388041442,0.0012960899016253619,0.19784773083591312,2.3154106170625615,0.34741866816820194,"{""fixation_baked_in"":false,""material_value_ranges"":{""black"":[20,58],""gray"":[103,186],""white"":[132,244]},""palette_values"":{""black"":43,""gray"":154,""white"":201},""render"":{""background_color"":""black"",""figure_color"":""white"",""figure_region"":""vase"",""fixation_baked_in"":false,""shade_color"":""gray"",""shadow_dx"":0.04842288842080875,""shadow_dy"":0.029350289926340953,""shadow_max_radius"":0.065,""shadow_min_abs_component"":0.02,""shadow_pair_mirrored"":false,""shadow_seed"":17386471798178036328,""third_color"":""gray""}}"
wm-bysa-klam__oa-sf-ma-pgb,wm-bysa-klam,wm-bysa-klam,C00669A03066F139199AD755A4602B6BE1958669111B1CCAC726FDA7731591C8,CC-BY-SA-3.0,outline-ambiguous__shading-figure__material-ambiguous__polarity-outer-gray_center-black,oa-sf-ma-pgb,ambiguous,figure,ambiguous,outer-gray_center-black,vase,,shading,vase,black,gray,white,white,-0.029686526939392,0.024843019695089175,False,13163545487889551661,78108,v2,png/wm-bysa-klam__oa-sf-ma-pgb.png,svg/wm-bysa-klam__oa-sf-ma-pgb.svg,8c12a04cf0d91047d4aefaea484df8a59dd6b514b6c017aa7ab34551ae8558a6,23d1abbc08ed04fe6799a192a62dfc046cc87799d7ceea986c8149424d4d6fd1,0.525622827866498,0.3435347113541578,0.001258703016886129,0.19784773083591312,2.3154106170625615,0.34741866816820194,"{""fixation_baked_in"":false,""material_value_ranges"":{""black"":[20,58],""gray"":[103,186],""white"":[132,244]},""palette_values"":{""black"":43,""gray"":154,""white"":201},""render"":{""background_color"":""gray"",""figure_color"":""black"",""figure_region"":""vase"",""fixation_baked_in"":false,""shade_color"":""white"",""shadow_dx"":-0.029686526939392,""shadow_dy"":0.024843019695089175,""shadow_max_radius"":0.065,""shadow_min_abs_component"":0.02,""shadow_pair_mirrored"":false,""shadow_seed"":13163545487889551661,""third_color"":""white""}}"
wm-bysa-klam__oa-sf-ma-pgw,wm-bysa-klam,wm-bysa-klam,C00669A03066F139199AD755A4602B6BE1958669111B1CCAC726FDA7731591C8,CC-BY-SA-3.0,outline-ambiguous__shading-figure__material-ambiguous__polarity-outer-gray_center-white,oa-sf-ma-pgw,ambiguous,figure,ambiguous,outer-gray_center-white,vase,,shading,vase,white,gray,black,black,0.039789025037816984,-0.025470300701005824,False,6982673401902289466,78108,v2,png/wm-bysa-klam__oa-sf-ma-pgw.png,svg/wm-bysa-klam__oa-sf-ma-pgw.svg,5a05221b69d83695da0f8717a28e7fa87f2f65d35e2444384fb93dba3db5efbc,de7f1a1d111900ab079534ba7b42606832e1a04cb6538c9fb5d7d4be9c4ecc73,0.6188640108295514,0.20227597944762238,0.001265759618241236,0.19784773083591312,2.3154106170625615,0.34741866816820194,"{""fixation_baked_in"":false,""material_value_ranges"":{""black"":[20,58],""gray"":[103,186],""white"":[132,244]},""palette_values"":{""black"":43,""gray"":154,""white"":201},""render"":{""background_color"":""gray"",""figure_color"":""white"",""figure_region"":""vase"",""fixation_baked_in"":false,""shade_color"":""black"",""shadow_dx"":0.039789025037816984,""shadow_dy"":-0.025470300701005824,""shadow_max_radius"":0.065,""shadow_min_abs_component"":0.02,""shadow_pair_mirrored"":false,""shadow_seed"":6982673401902289466,""third_color"":""black""}}"
wm-bysa-klam__oa-sf-ma-pwb,wm-bysa-klam,wm-bysa-klam,C00669A03066F139199AD755A4602B6BE1958669111B1CCAC726FDA7731591C8,CC-BY-SA-3.0,outline-ambiguous__shading-figure__material-ambiguous__polarity-outer-white_center-black,oa-sf-ma-pwb,ambiguous,figure,ambiguous,outer-white_center-black,vase,,shading,vase,black,white,gray,gray,-0.028702284154259728,-0.0547994943156081,False,3786294825088462412,78108,v2,png/wm-bysa-klam__oa-sf-ma-pwb.png,svg/wm-bysa-klam__oa-sf-ma-pwb.svg,40b059a2bc32be4472d5410a8d3e7f4be4d1bdb77d2887d9b7b0ec8dd0ddb1dc,4017036647ae8f74c607ce17e000906342d7b1c909925f67cc15f508fe6ce4cc,0.6528612473431756,0.37449149989126007,0.0013097314163935368,0.19784773083591312,2.3154106170625615,0.34741866816820194,"{""fixation_baked_in"":false,""material_value_ranges"":{""black"":[20,58],""gray"":[103,186],""white"":[132,244]},""palette_values"":{""black"":43,""gray"":154,""white"":201},""render"":{""background_color"":""white"",""figure_color"":""black"",""figure_region"":""vase"",""fixation_baked_in"":false,""shade_color"":""gray"",""shadow_dx"":-0.028702284154259728,""shadow_dy"":-0.0547994943156081,""shadow_max_radius"":0.065,""shadow_min_abs_component"":0.02,""shadow_pair_mirrored"":false,""shadow_seed"":3786294825088462412,""third_color"":""gray""}}"
wm-bysa-klam__oa-sf-ma-pwg,wm-bysa-klam,wm-bysa-klam,C00669A03066F139199AD755A4602B6BE1958669111B1CCAC726FDA7731591C8,CC-BY-SA-3.0,outline-ambiguous__shading-figure__material-ambiguous__polarity-outer-white_center-gray,oa-sf-ma-pwg,ambiguous,figure,ambiguous,outer-white_center-gray,vase,,shading,vase,gray,white,black,black,0.044135890274206356,-0.020101001740817224,False,10307986340318947514,78108,v2,png/wm-bysa-klam__oa-sf-ma-pwg.png,svg/wm-bysa-klam__oa-sf-ma-pwg.svg,19bbcd59a21e26506d3b32c7635a0b155490b7110da14dbbc138f4b595023863,dd681dfc41debe19b777062092bae09618dc56b222bb3c454dcf989fecc7d768,0.7220891241933787,0.19877857647950536,0.0012933046966342745,0.19784773083591312,2.3154106170625615,0.34741866816820194,"{""fixation_baked_in"":false,""material_value_ranges"":{""black"":[20,58],""gray"":[103,186],""white"":[132,244]},""palette_values"":{""black"":43,""gray"":154,""white"":201},""render"":{""background_color"":""white"",""figure_color"":""gray"",""figure_region"":""vase"",""fixation_baked_in"":false,""shade_color"":""black"",""shadow_dx"":0.044135890274206356,""shadow_dy"":-0.020101001740817224,""shadow_max_radius"":0.065,""shadow_min_abs_component"":0.02,""shadow_pair_mirrored"":false,""shadow_seed"":10307986340318947514,""third_color"":""black""}}"
wm-bysa-klam__of-sn-ma-pbg,wm-bysa-klam,wm-bysa-klam,C00669A03066F139199AD755A4602B6BE1958669111B1CCAC726FDA7731591C8,CC-BY-SA-3.0,outline-face__shading-none__material-ambiguous__polarity-outer-black_center-gray,of-sn-ma-pbg,face,none,ambiguous,outer-black_center-gray,face,outline,,face,black,gray,white,,0.0,0.0,False,10296003648297550316,78108,v2,png/wm-bysa-klam__of-sn-ma-pbg.png,svg/wm-bysa-klam__of-sn-ma-pbg.svg,2af16fa0e41818dca3b197f867a07119e2f977eec739a7f89a267a4727f769d4,a8f4b6fdf25c7fc55f8733b40f8da35c195730ea2690742d9ef4f35bdfc0a9d8,0.3569366006290211,0.6035848639033723,0.0007550189094454986,0.19784773083591312,2.3154106170625615,0.34741866816820194,"{""fixation_baked_in"":false,""material_value_ranges"":{""black"":[20,58],""gray"":[103,186],""white"":[132,244]},""palette_values"":{""black"":43,""gray"":154,""white"":201},""render"":{""background_color"":""gray"",""figure_color"":""black"",""figure_region"":""face"",""fixation_baked_in"":false,""shade_color"":"""",""shadow_dx"":0.0,""shadow_dy"":0.0,""shadow_max_radius"":0.065,""shadow_min_abs_component"":0.02,""shadow_pair_mirrored"":false,""shadow_seed"":10296003648297550316,""third_color"":""white""}}"
wm-bysa-klam__of-sn-ma-pbw,wm-bysa-klam,wm-bysa-klam,C00669A03066F139199AD755A4602B6BE1958669111B1CCAC726FDA7731591C8,CC-BY-SA-3.0,outline-face__shading-none__material-ambiguous__polarity-outer-black_center-white,of-sn-ma-pbw,face,none,ambiguous,outer-black_center-white,face,outline,,face,black,white,gray,,0.0,0.0,False,11593437871374378414,78108,v2,png/wm-bysa-klam__of-sn-ma-pbw.png,svg/wm-bysa-klam__of-sn-ma-pbw.svg,4dc008fdb90d830466f69d35cdb3d26f533b815abee3c1a60b2496ae857e4704,84e2132a3fd39cf607b2eae829633468fbc09e044859e3a64f625e7549e40ad9,0.4366702360265396,0.702279117629225,0.0010747372323807335,0.19784773083591312,2.3154106170625615,0.34741866816820194,"{""fixation_baked_in"":false,""material_value_ranges"":{""black"":[20,58],""gray"":[103,186],""white"":[132,244]},""palette_values"":{""black"":43,""gray"":154,""white"":201},""render"":{""background_color"":""white"",""figure_color"":""black"",""figure_region"":""face"",""fixation_baked_in"":false,""shade_color"":"""",""shadow_dx"":0.0,""shadow_dy"":0.0,""shadow_max_radius"":0.065,""shadow_min_abs_component"":0.02,""shadow_pair_mirrored"":false,""shadow_seed"":11593437871374378414,""third_color"":""gray""}}"
wm-bysa-klam__of-sn-ma-pgb,wm-bysa-klam,wm-bysa-klam,C00669A03066F139199AD755A4602B6BE1958669111B1CCAC726FDA7731591C8,CC-BY-SA-3.0,outline-face__shading-none__material-ambiguous__polarity-outer-gray_center-black,of-sn-ma-pgb,face,none,ambiguous,outer-gray_center-black,face,outline,,face,gray,black,white,,0.0,0.0,False,13039941097149817153,78108,v2,png/wm-bysa-klam__of-sn-ma-pgb.png,svg/wm-bysa-klam__of-sn-ma-pgb.svg,b2635970f3724e6233b266327c02215b34a028eb8e51681aae32f4157ad1c3c7,3fb2e68391ffdffe3140a5d38de996fee659ce53fe768a8cc3d580b0d9edddf2,0.41561369802437564,0.5183704266579019,0.0007550338836658807,0.19784773083591312,2.3154106170625615,0.34741866816820194,"{""fixation_baked_in"":false,""material_value_ranges"":{""black"":[20,58],""gray"":[103,186],""white"":[132,244]},""palette_values"":{""black"":43,""gray"":154,""white"":201},""render"":{""background_color"":""black"",""figure_color"":""gray"",""figure_region"":""face"",""fixation_baked_in"":false,""shade_color"":"""",""shadow_dx"":0.0,""shadow_dy"":0.0,""shadow_max_radius"":0.065,""shadow_min_abs_component"":0.02,""shadow_pair_mirrored"":false,""shadow_seed"":13039941097149817153,""third_color"":""white""}}"
wm-bysa-klam__of-sn-ma-pgw,wm-bysa-klam,wm-bysa-klam,C00669A03066F139199AD755A4602B6BE1958669111B1CCAC726FDA7731591C8,CC-BY-SA-3.0,outline-face__shading-none__material-ambiguous__polarity-outer-gray_center-white,of-sn-ma-pgw,face,none,ambiguous,outer-gray_center-white,face,outline,,face,gray,white,black,,0.0,0.0,False,17452722965952675163,78108,v2,png/wm-bysa-klam__of-sn-ma-pgw.png,svg/wm-bysa-klam__of-sn-ma-pgw.svg,b17df6f0bd81b376b4f68fc319a1e8d1f51bc6902cc4cbf322e19356405d4324,434a40b0861753069a374998365727a9fb51598c008737e212f7c7c6e8603d47,0.683654613120883,0.1334337053324567,0.0003197033487148525,0.19784773083591312,2.3154106170625615,0.34741866816820194,"{""fixation_baked_in"":false,""material_value_ranges"":{""black"":[20,58],""gray"":[103,186],""white"":[132,244]},""palette_values"":{""black"":43,""gray"":154,""white"":201},""render"":{""background_color"":""white"",""figure_color"":""gray"",""figure_region"":""face"",""fixation_baked_in"":false,""shade_color"":"""",""shadow_dx"":0.0,""shadow_dy"":0.0,""shadow_max_radius"":0.065,""shadow_min_abs_component"":0.02,""shadow_pair_mirrored"":false,""shadow_seed"":17452722965952675163,""third_color"":""black""}}"
wm-bysa-klam__of-sn-ma-pwb,wm-bysa-klam,wm-bysa-klam,C00669A03066F139199AD755A4602B6BE1958669111B1CCAC726FDA7731591C8,CC-BY-SA-3.0,outline-face__shading-none__material-ambiguous__polarity-outer-white_center-black,of-sn-ma-pwb,face,none,ambiguous,outer-white_center-black,face,outline,,face,white,black,gray,,0.0,0.0,False,12703730161089045285,78108,v2,png/wm-bysa-klam__of-sn-ma-pwb.png,svg/wm-bysa-klam__of-sn-ma-pwb.svg,ed3582a6fd340965a05af2b95b50bf5942d56d658333837470883bd9f81a10e5,c6cee5e217295640ed54014653a2a042e37fd42c06b6b2372e380fffd8561da2,0.5201925090714997,0.5895209613822276,0.0010747372323807335,0.19784773083591312,2.3154106170625615,0.34741866816820194,"{""fixation_baked_in"":false,""material_value_ranges"":{""black"":[20,58],""gray"":[103,186],""white"":[132,244]},""palette_values"":{""black"":43,""gray"":154,""white"":201},""render"":{""background_color"":""black"",""figure_color"":""white"",""figure_region"":""face"",""fixation_baked_in"":false,""shade_color"":"""",""shadow_dx"":0.0,""shadow_dy"":0.0,""shadow_max_radius"":0.065,""shadow_min_abs_component"":0.02,""shadow_pair_mirrored"":false,""shadow_seed"":12703730161089045285,""third_color"":""gray""}}"
wm-bysa-klam__of-sn-ma-pwg,wm-bysa-klam,wm-bysa-klam,C00669A03066F139199AD755A4602B6BE1958669111B1CCAC726FDA7731591C8,CC-BY-SA-3.0,outline-face__shading-none__material-ambiguous__polarity-outer-white_center-gray,of-sn-ma-pwg,face,none,ambiguous,outer-white_center-gray,face,outline,,face,white,gray,black,,0.0,0.0,False,3054028855979582813,78108,v2,png/wm-bysa-klam__of-sn-ma-pwg.png,svg/wm-bysa-klam__of-sn-ma-pwg.svg,f6656410f756c36c2b035d62e35a370ed9946f08dcbafaf27f83a6b9a59c455d,652c0cee42ebba3535a9f818917ddeebf3230c0a15e154926a763b5ae178a7e9,0.7085000879624311,0.12875440203964073,0.0003197033487148525,0.19784773083591312,2.3154106170625615,0.34741866816820194,"{""fixation_baked_in"":false,""material_value_ranges"":{""black"":[20,58],""gray"":[103,186],""white"":[132,244]},""palette_values"":{""black"":43,""gray"":154,""white"":201},""render"":{""background_color"":""gray"",""figure_color"":""white"",""figure_region"":""face"",""fixation_baked_in"":false,""shade_color"":"""",""shadow_dx"":0.0,""shadow_dy"":0.0,""shadow_max_radius"":0.065,""shadow_min_abs_component"":0.02,""shadow_pair_mirrored"":false,""shadow_seed"":3054028855979582813,""third_color"":""black""}}"
wm-bysa-klam__of-sf-ma-pbg,wm-bysa-klam,wm-bysa-klam,C00669A03066F139199AD755A4602B6BE1958669111B1CCAC726FDA7731591C8,CC-BY-SA-3.0,outline-face__shading-figure__material-ambiguous__polarity-outer-black_center-gray,of-sf-ma-pbg,face,figure,ambiguous,outer-black_center-gray,face,outline|shading,,face,black,gray,white,white,0.033152435232300055,0.02906455757239933,True,642859385567085955,78108,v2,png/wm-bysa-klam__of-sf-ma-pbg.png,svg/wm-bysa-klam__of-sf-ma-pbg.svg,eb5d78ae65cc21ccd07d5de2a7a9d7df34860d8b886645bead18209b21f8f9f0,3244931591df409bee01c91a19857f7f4c69d8925aab95674f45d62415d1d83d,0.3684187346813725,0.630711643807755,0.001235114876229084,0.19784773083591312,2.3154106170625615,0.34741866816820194,"{""fixation_baked_in"":false,""material_value_ranges"":{""black"":[20,58],""gray"":[103,186],""white"":[132,244]},""palette_values"":{""black"":43,""gray"":154,""white"":201},""render"":{""background_color"":""gray"",""figure_color"":""black"",""figure_region"":""face"",""fixation_baked_in"":false,""shade_color"":""white"",""shadow_dx"":0.033152435232300055,""shadow_dy"":0.02906455757239933,""shadow_max_radius"":0.065,""shadow_min_abs_component"":0.02,""shadow_pair_mirrored"":true,""shadow_seed"":642859385567085955,""third_color"":""white""}}"
wm-bysa-klam__of-sf-ma-pbw,wm-bysa-klam,wm-bysa-klam,C00669A03066F139199AD755A4602B6BE1958669111B1CCAC726FDA7731591C8,CC-BY-SA-3.0,outline-face__shading-figure__material-ambiguous__polarity-outer-black_center-white,of-sf-ma-pbw,face,figure,ambiguous,outer-black_center-white,face,outline|shading,,face,black,white,gray,gray,0.030969620508866768,0.031871428190988066,True,5139417743669756324,78108,v2,png/wm-bysa-klam__of-sf-ma-pbw.png,svg/wm-bysa-klam__of-sf-ma-pbw.svg,703baa14d95fc242c3e6590ad39225d94cb2f96bc8edd4765f40f4dde720e1b1,e8c606d9a87c7df374267f4833861766342e9cb8add76323b8226366d4d3fd96,0.4253069559733073,0.6977909650477812,0.001091882714718341,0.19784773083591312,2.3154106170625615,0.34741866816820194,"{""fixation_baked_in"":false,""material_value_ranges"":{""black"":[20,58],""gray"":[103,186],""white"":[132,244]},""palette_values"":{""black"":43,""gray"":154,""white"":201},""render"":{""background_color"":""white"",""figure_color"":""black"",""figure_region"":""face"",""fixation_baked_in"":false,""shade_color"":""gray"",""shadow_dx"":0.030969620508866768,""shadow_dy"":0.031871428190988066,""shadow_max_radius"":0.065,""shadow_min_abs_component"":0.02,""shadow_pair_mirrored"":true,""shadow_seed"":5139417743669756324,""third_color"":""gray""}}"
wm-bysa-klam__of-sf-ma-pgb,wm-bysa-klam,wm-bysa-klam,C00669A03066F139199AD755A4602B6BE1958669111B1CCAC726FDA7731591C8,CC-BY-SA-3.0,outline-face__shading-figure__material-ambiguous__polarity-outer-gray_center-black,of-sf-ma-pgb,face,figure,ambiguous,outer-gray_center-black,face,outline|shading,,face,gray,black,white,white,-0.034714657409989816,-0.04874591467299803,True,13965073687951147798,78108,v2,png/wm-bysa-klam__of-sf-ma-pgb.png,svg/wm-bysa-klam__of-sf-ma-pgb.svg,f168f243f820b65c5b96e1d99fdf05cd2d3dcc5dcf7a6d7b1d812c74118d0d58,236b8f1e042908c7d6224d2b945bcec61b7e74cce48b12d0d90268127d196f79,0.4337532380047965,0.5067679435363674,0.0009883322372204013,0.19784773083591312,2.3154106170625615,0.34741866816820194,"{""fixation_baked_in"":false,""material_value_ranges"":{""black"":[20,58],""gray"":[103,186],""white"":[132,244]},""palette_values"":{""black"":43,""gray"":154,""white"":201},""render"":{""background_color"":""black"",""figure_color"":""gray"",""figure_region"":""face"",""fixation_baked_in"":false,""shade_color"":""white"",""shadow_dx"":-0.034714657409989816,""shadow_dy"":-0.04874591467299803,""shadow_max_radius"":0.065,""shadow_min_abs_component"":0.02,""shadow_pair_mirrored"":true,""shadow_seed"":13965073687951147798,""third_color"":""white""}}"
wm-bysa-klam__of-sf-ma-pgw,wm-bysa-klam,wm-bysa-klam,C00669A03066F139199AD755A4602B6BE1958669111B1CCAC726FDA7731591C8,CC-BY-SA-3.0,outline-face__shading-figure__material-ambiguous__polarity-outer-gray_center-white,of-sf-ma-pgw,face,figure,ambiguous,outer-gray_center-white,face,outline|shading,,face,gray,white,black,black,-0.02075728988469358,-0.021278314819414324,True,6884189132263847771,78108,v2,png/wm-bysa-klam__of-sf-ma-pgw.png,svg/wm-bysa-klam__of-sf-ma-pgw.svg,1ed5b052ebafdfbb71a4171cb13943df3a35f6b0ddf17bce50c6bdb23f565097,224bcb40d391afa6e998357fcf64bb0865b0480d50e3682a0bfe39b04a8c1aaa,0.676295441272212,0.15655150730804507,0.0006832512147087572,0.19784773083591312,2.3154106170625615,0.34741866816820194,"{""fixation_baked_in"":false,""material_value_ranges"":{""black"":[20,58],""gray"":[103,186],""white"":[132,244]},""palette_values"":{""black"":43,""gray"":154,""white"":201},""render"":{""background_color"":""white"",""figure_color"":""gray"",""figure_region"":""face"",""fixation_baked_in"":false,""shade_color"":""black"",""shadow_dx"":-0.02075728988469358,""shadow_dy"":-0.021278314819414324,""shadow_max_radius"":0.065,""shadow_min_abs_component"":0.02,""shadow_pair_mirrored"":true,""shadow_seed"":6884189132263847771,""third_color"":""black""}}"
wm-bysa-klam__of-sf-ma-pwb,wm-bysa-klam,wm-bysa-klam,C00669A03066F139199AD755A4602B6BE1958669111B1CCAC726FDA7731591C8,CC-BY-SA-3.0,outline-face__shading-figure__material-ambiguous__polarity-outer-white_center-black,of-sf-ma-pwb,face,figure,ambiguous,outer-white_center-black,face,outline|shading,,face,white,black,gray,gray,0.05280811094139575,-0.03382507857255726,True,11282556420939704354,78108,v2,png/wm-bysa-klam__of-sf-ma-pwb.png,svg/wm-bysa-klam__of-sf-ma-pwb.svg,66aa5da8f890f9cbfaa105786a2a9225a3e56aebd378a4913dddacd19093375b,4a0a335d07711fab4e868e7d56309310a036d67db69917e4bf4483613bb772ba,0.5593473210054286,0.5121831390910576,0.0010850806751097311,0.19784773083591312,2.3154106170625615,0.34741866816820194,"{""fixation_baked_in"":false,""material_value_ranges"":{""black"":[20,58],""gray"":[103,186],""white"":[132,244]},""palette_values"":{""black"":43,""gray"":154,""white"":201},""render"":{""background_color"":""black"",""figure_color"":""white"",""figure_region"":""face"",""fixation_baked_in"":false,""shade_color"":""gray"",""shadow_dx"":0.05280811094139575,""shadow_dy"":-0.03382507857255726,""shadow_max_radius"":0.065,""shadow_min_abs_component"":0.02,""shadow_pair_mirrored"":true,""shadow_seed"":11282556420939704354,""third_color"":""gray""}}"
wm-bysa-klam__of-sf-ma-pwg,wm-bysa-klam,wm-bysa-klam,C00669A03066F139199AD755A4602B6BE1958669111B1CCAC726FDA7731591C8,CC-BY-SA-3.0,outline-face__shading-figure__material-ambiguous__polarity-outer-white_center-gray,of-sf-ma-pwg,face,figure,ambiguous,outer-white_center-gray,face,outline|shading,,face,white,gray,black,black,0.02836416744275766,0.0466648873268165,True,15200306533153520308,78108,v2,png/wm-bysa-klam__of-sf-ma-pwg.png,svg/wm-bysa-klam__of-sf-ma-pwg.svg,a49b3fe8a608da1615e1411069bdcd723579bb260f3692dff65dee8c9c37fa6f,edbd01e115774930630a1907aab6a1e725d9a3040a7a762914178e78f5aa9e24,0.677717680089614,0.2427566077592906,0.001266205101297606,0.19784773083591312,2.3154106170625615,0.34741866816820194,"{""fixation_baked_in"":false,""material_value_ranges"":{""black"":[20,58],""gray"":[103,186],""white"":[132,244]},""palette_values"":{""black"":43,""gray"":154,""white"":201},""render"":{""background_color"":""gray"",""figure_color"":""white"",""figure_region"":""face"",""fixation_baked_in"":false,""shade_color"":""black"",""shadow_dx"":0.02836416744275766,""shadow_dy"":0.0466648873268165,""shadow_max_radius"":0.065,""shadow_min_abs_component"":0.02,""shadow_pair_mirrored"":true,""shadow_seed"":15200306533153520308,""third_color"":""black""}}"
oc-274578-heads__oa-sn-ma-pbg,oc-274578-heads,oc-274578-heads,8CAE2F5E0D4DF810EFF9F4C745FB3573574F75BAB604F6038E3833CFE0C473F4,CC0-1.0,outline-ambiguous__shading-none__material-ambiguous__polarity-outer-black_center-gray,oa-sn-ma-pbg,ambiguous,none,ambiguous,outer-black_center-gray,ambiguous,,,vase,gray,black,white,,0.0,0.0,False,11696734096806610993,78108,v2,png/oc-274578-heads__oa-sn-ma-pbg.png,svg/oc-274578-heads__oa-sn-ma-pbg.svg,3406146cb7dafacfdf9cb63ade9caf9d8acc7ef92638284cfe73a437b458ec4b,f803196620fd74f6bfce476b1691fc34561d0068f65d546b0937ffd2c589cc1c,0.27177760928284883,0.6803538269076524,0.0009335790003929236,0.23705722438062043,2.424020042956634,0.40572954830772384,"{""fixation_baked_in"":false,""material_value_ranges"":{""black"":[20,58],""gray"":[103,186],""white"":[132,244]},""palette_values"":{""black"":43,""gray"":154,""white"":201},""render"":{""background_color"":""black"",""figure_color"":""gray"",""figure_region"":""vase"",""fixation_baked_in"":false,""shade_color"":"""",""shadow_dx"":0.0,""shadow_dy"":0.0,""shadow_max_radius"":0.065,""shadow_min_abs_component"":0.02,""shadow_pair_mirrored"":false,""shadow_seed"":11696734096806610993,""third_color"":""white""}}"
oc-274578-heads__oa-sn-ma-pbw,oc-274578-heads,oc-274578-heads,8CAE2F5E0D4DF810EFF9F4C745FB3573574F75BAB604F6038E3833CFE0C473F4,CC0-1.0,outline-ambiguous__shading-none__material-ambiguous__polarity-outer-black_center-white,oa-sn-ma-pbw,ambiguous,none,ambiguous,outer-black_center-white,ambiguous,,,vase,white,black,gray,,0.0,0.0,False,16844094230732017672,78108,v2,png/oc-274578-heads__oa-sn-ma-pbw.png,svg/oc-274578-heads__oa-sn-ma-pbw.svg,4958571db39f61cc6f31de292c7245099c8ff71ac7a8b447bd7b7ab10bb514ab,40e551d67c1164aa8bf88bcb1d74a8ae8ba9b2dbdad73c92dc46d4be2b4fd5d7,0.3154527589386585,0.8343469295723646,0.001328879700707262,0.23705722438062043,2.424020042956634,0.40572954830772384,"{""fixation_baked_in"":false,""material_value_ranges"":{""black"":[20,58],""gray"":[103,186],""white"":[132,244]},""palette_values"":{""black"":43,""gray"":154,""white"":201},""render"":{""background_color"":""black"",""figure_color"":""white"",""figure_region"":""vase"",""fixation_baked_in"":false,""shade_color"":"""",""shadow_dx"":0.0,""shadow_dy"":0.0,""shadow_max_radius"":0.065,""shadow_min_abs_component"":0.02,""shadow_pair_mirrored"":false,""shadow_seed"":16844094230732017672,""third_color"":""gray""}}"
oc-274578-heads__oa-sn-ma-pgb,oc-274578-heads,oc-274578-heads,8CAE2F5E0D4DF810EFF9F4C745FB3573574F75BAB604F6038E3833CFE0C473F4,CC0-1.0,outline-ambiguous__shading-none__material-ambiguous__polarity-outer-gray_center-black,oa-sn-ma-pgb,ambiguous,none,ambiguous,outer-gray_center-black,ambiguous,,,vase,black,gray,white,,0.0,0.0,False,1940516870098851400,78108,v2,png/oc-274578-heads__oa-sn-ma-pgb.png,svg/oc-274578-heads__oa-sn-ma-pgb.svg,e7138345eb0a6c4d292691fc029e28d8c6056d77bc8969d99a7a433cccf7e1d2,c4492430ea10e494a9c2b374f678f1b591f2ca706e525995f3a99f15392964bd,0.5007731568579579,0.36923560335228806,0.0009335790003929236,0.23705722438062043,2.424020042956634,0.40572954830772384,"{""fixation_baked_in"":false,""material_value_ranges"":{""black"":[20,58],""gray"":[103,186],""white"":[132,244]},""palette_values"":{""black"":43,""gray"":154,""white"":201},""render"":{""background_color"":""gray"",""figure_color"":""black"",""figure_region"":""vase"",""fixation_baked_in"":false,""shade_color"":"""",""shadow_dx"":0.0,""shadow_dy"":0.0,""shadow_max_radius"":0.065,""shadow_min_abs_component"":0.02,""shadow_pair_mirrored"":false,""shadow_seed"":1940516870098851400,""third_color"":""white""}}"
oc-274578-heads__oa-sn-ma-pgw,oc-274578-heads,oc-274578-heads,8CAE2F5E0D4DF810EFF9F4C745FB3573574F75BAB604F6038E3833CFE0C473F4,CC0-1.0,outline-ambiguous__shading-none__material-ambiguous__polarity-outer-gray_center-white,oa-sn-ma-pgw,ambiguous,none,ambiguous,outer-gray_center-white,ambiguous,,,vase,white,gray,black,,0.0,0.0,False,11771132493163995025,78108,v2,png/oc-274578-heads__oa-sn-ma-pgw.png,svg/oc-274578-heads__oa-sn-ma-pgw.svg,2e646eeefc959167caee5bd14c0167c87c3d6732152f9bb40e76e475c9e183be,cea7c1f1236edd775b24a4c12d1daf8cd657fb3b012e70468601cee178505982,0.6475960114422966,0.12089541187878197,0.0003952932132041478,0.23705722438062043,2.424020042956634,0.40572954830772384,"{""fixation_baked_in"":false,""material_value_ranges"":{""black"":[20,58],""gray"":[103,186],""white"":[132,244]},""palette_values"":{""black"":43,""gray"":154,""white"":201},""render"":{""background_color"":""gray"",""figure_color"":""white"",""figure_region"":""vase"",""fixation_baked_in"":false,""shade_color"":"""",""shadow_dx"":0.0,""shadow_dy"":0.0,""shadow_max_radius"":0.065,""shadow_min_abs_component"":0.02,""shadow_pair_mirrored"":false,""shadow_seed"":11771132493163995025,""third_color"":""black""}}"
oc-274578-heads__oa-sn-ma-pwb,oc-274578-heads,oc-274578-heads,8CAE2F5E0D4DF810EFF9F4C745FB3573574F75BAB604F6038E3833CFE0C473F4,CC0-1.0,outline-ambiguous__shading-none__material-ambiguous__polarity-outer-white_center-black,oa-sn-ma-pwb,ambiguous,none,ambiguous,outer-white_center-black,ambiguous,,,vase,black,white,gray,,0.0,0.0,False,1303428063454677952,78108,v2,png/oc-274578-heads__oa-sn-ma-pwb.png,svg/oc-274578-heads__oa-sn-ma-pwb.svg,9adb84a6e46663078b6bc80d937a069ae8fe85e826d763561a8fc9ce8af178b5,fc2935e59d5be709067517bbe0989037dd580028a9a5e271c8233ae1366cb4ae,0.6414099861593809,0.41034135190436594,0.001328879700707262,0.23705722438062043,2.424020042956634,0.40572954830772384,"{""fixation_baked_in"":false,""material_value_ranges"":{""black"":[20,58],""gray"":[103,186],""white"":[132,244]},""palette_values"":{""black"":43,""gray"":154,""white"":201},""render"":{""background_color"":""white"",""figure_color"":""black"",""figure_region"":""vase"",""fixation_baked_in"":false,""shade_color"":"""",""shadow_dx"":0.0,""shadow_dy"":0.0,""shadow_max_radius"":0.065,""shadow_min_abs_component"":0.02,""shadow_pair_mirrored"":false,""shadow_seed"":1303428063454677952,""third_color"":""gray""}}"
oc-274578-heads__oa-sn-ma-pwg,oc-274578-heads,oc-274578-heads,8CAE2F5E0D4DF810EFF9F4C745FB3573574F75BAB604F6038E3833CFE0C473F4,CC0-1.0,outline-ambiguous__shading-none__material-ambiguous__polarity-outer-white_center-gray,oa-sn-ma-pwg,ambiguous,none,ambiguous,outer-white_center-gray,ambiguous,,,vase,gray,white,black,,0.0,0.0,False,11707728512905382420,78108,v2,png/oc-274578-heads__oa-sn-ma-pwg.png,svg/oc-274578-heads__oa-sn-ma-pwg.svg,2d979841221b69b15752746e64b50dc65cbdf3222e63c517202ef8bb9a714a26,8da475e19076536d99fa86a86cca4b65a73a35602ce01dd0a09047c5296294d6,0.7445580912571329,0.10515415987378801,0.00039530070031433887,0.23705722438062043,2.424020042956634,0.40572954830772384,"{""fixation_baked_in"":false,""material_value_ranges"":{""black"":[20,58],""gray"":[103,186],""white"":[132,244]},""palette_values"":{""black"":43,""gray"":154,""white"":201},""render"":{""background_color"":""white"",""figure_color"":""gray"",""figure_region"":""vase"",""fixation_baked_in"":false,""shade_color"":"""",""shadow_dx"":0.0,""shadow_dy"":0.0,""shadow_max_radius"":0.065,""shadow_min_abs_component"":0.02,""shadow_pair_mirrored"":false,""shadow_seed"":11707728512905382420,""third_color"":""black""}}"
oc-274578-heads__oa-sn-mv-pbg,oc-274578-heads,oc-274578-heads,8CAE2F5E0D4DF810EFF9F4C745FB3573574F75BAB604F6038E3833CFE0C473F4,CC0-1.0,outline-ambiguous__shading-none__material-vase__polarity-outer-black_center-gray,oa-sn-mv-pbg,ambiguous,none,vase,outer-black_center-gray,vase,,material,vase,gray,black,white,,0.0,0.0,False,6440210599231327678,78108,v2,png/oc-274578-heads__oa-sn-mv-pbg.png,svg/oc-274578-heads__oa-sn-mv-pbg.svg,17cfd6317488ed4d1ef19c2ae1146b7d95ba62b39396112b056354b58c1c776a,9520e0b498aadc3db62f1ee164a476a5bfa723256c599a2c0686aa235b43411c,0.27035016826554836,0.6908715673939181,0.0010908981597282119,0.23705722438062043,2.424020042956634,0.40572954830772384,"{""fixation_baked_in"":false,""material_value_ranges"":{""black"":[20,58],""gray"":[103,186],""white"":[132,244]},""palette_values"":{""black"":43,""gray"":154,""white"":201},""render"":{""background_color"":""black"",""figure_color"":""gray"",""figure_region"":""vase"",""fixation_baked_in"":false,""shade_color"":"""",""shadow_dx"":0.0,""shadow_dy"":0.0,""shadow_max_radius"":0.065,""shadow_min_abs_component"":0.02,""shadow_pair_mirrored"":false,""shadow_seed"":6440210599231327678,""third_color"":""white""}}"
oc-274578-heads__oa-sn-mv-pbw,oc-274578-heads,oc-274578-heads,8CAE2F5E0D4DF810EFF9F4C745FB3573574F75BAB604F6038E3833CFE0C473F4,CC0-1.0,outline-ambiguous__shading-none__material-vase__polarity-outer-black_center-white,oa-sn-mv-pbw,ambiguous,none,vase,outer-black_center-white,vase,,material,vase,white,black,gray,,0.0,0.0,False,17904010498618058929,78108,v2,png/oc-274578-heads__oa-sn-mv-pbw.png,svg/oc-274578-heads__oa-sn-mv-pbw.svg,74e2ba9b05a493f673b93e69cfc930425491e9bad231982b92e6ed63b8d33364,c0f4a5efacaf986d139fa588e8df5f7590249ccb6d33e25fd338b9e0957e84d8,0.3134447322172277,0.8461175277624832,0.0015395295459337205,0.23705722438062043,2.424020042956634,0.40572954830772384,"{""fixation_baked_in"":false,""material_value_ranges"":{""black"":[20,58],""gray"":[103,186],""white"":[132,244]},""palette_values"":{""black"":43,""gray"":154,""white"":201},""render"":{""background_color"":""black"",""figure_color"":""white"",""figure_region"":""vase"",""fixation_baked_in"":false,""shade_color"":"""",""shadow_dx"":0.0,""shadow_dy"":0.0,""shadow_max_radius"":0.065,""shadow_min_abs_component"":0.02,""shadow_pair_mirrored"":false,""shadow_seed"":17904010498618058929,""third_color"":""gray""}}"
oc-274578-heads__oa-sn-mv-pgb,oc-274578-heads,oc-274578-heads,8CAE2F5E0D4DF810EFF9F4C745FB3573574F75BAB604F6038E3833CFE0C473F4,CC0-1.0,outline-ambiguous__shading-none__material-vase__polarity-outer-gray_center-black,oa-sn-mv-pgb,ambiguous,none,vase,outer-gray_center-black,vase,,material,vase,black,gray,white,,0.0,0.0,False,2052165105451116426,78108,v2,png/oc-274578-heads__oa-sn-mv-pgb.png,svg/oc-274578-heads__oa-sn-mv-pgb.svg,55d53ae7300f84bcba7818f0bc2e20f585a661243e32cf24e5656411441894ee,b1ea57fb02f7bb2da2c122bdd22176123c9f8a8f788b6a8d733219c2807389f7,0.5000305624569162,0.3739139512263674,0.001100766170960075,0.23705722438062043,2.424020042956634,0.40572954830772384,"{""fixation_baked_in"":false,""material_value_ranges"":{""black"":[20,58],""gray"":[103,186],""white"":[132,244]},""palette_values"":{""black"":43,""gray"":154,""white"":201},""render"":{""background_color"":""gray"",""figure_color"":""black"",""figure_region"":""vase"",""fixation_baked_in"":false,""shade_color"":"""",""shadow_dx"":0.0,""shadow_dy"":0.0,""shadow_max_radius"":0.065,""shadow_min_abs_component"":0.02,""shadow_pair_mirrored"":false,""shadow_seed"":2052165105451116426,""third_color"":""white""}}"
oc-274578-heads__oa-sn-mv-pgw,oc-274578-heads,oc-274578-heads,8CAE2F5E0D4DF810EFF9F4C745FB3573574F75BAB604F6038E3833CFE0C473F4,CC0-1.0,outline-ambiguous__shading-none__material-vase__polarity-outer-gray_center-white,oa-sn-mv-pgw,ambiguous,none,vase,outer-gray_center-white,vase,,material,vase,white,gray,black,,0.0,0.0,False,13016269545236070503,78108,v2,png/oc-274578-heads__oa-sn-mv-pgw.png,svg/oc-274578-heads__oa-sn-mv-pgw.svg,3460fc008c3c00ee96eeb12275620533bee119123f315e5d87b5f98ce4bb0c7c,8a4107f297dd0bf588eb7994d3416c5bc865fb8734caa33c2fc1c358f15cad04,0.6452986735923616,0.1437349496606683,0.0006603444010791022,0.23705722438062043,2.424020042956634,0.40572954830772384,"{""fixation_baked_in"":false,""material_value_ranges"":{""black"":[20,58],""gray"":[103,186],""white"":[132,244]},""palette_values"":{""black"":43,""gray"":154,""white"":201},""render"":{""background_color"":""gray"",""figure_color"":""white"",""figure_region"":""vase"",""fixation_baked_in"":false,""shade_color"":"""",""shadow_dx"":0.0,""shadow_dy"":0.0,""shadow_max_radius"":0.065,""shadow_min_abs_component"":0.02,""shadow_pair_mirrored"":false,""shadow_seed"":13016269545236070503,""third_color"":""black""}}"
oc-274578-heads__oa-sn-mv-pwb,oc-274578-heads,oc-274578-heads,8CAE2F5E0D4DF810EFF9F4C745FB3573574F75BAB604F6038E3833CFE0C473F4,CC0-1.0,outline-ambiguous__shading-none__material-vase__polarity-outer-white_center-black,oa-sn-mv-pwb,ambiguous,none,vase,outer-white_center-black,vase,,material,vase,black,white,gray,,0.0,0.0,False,4660403757175462071,78108,v2,png/oc-274578-heads__oa-sn-mv-pwb.png,svg/oc-274578-heads__oa-sn-mv-pwb.svg,dd4a6c9330ce22bc13bae1c451e1afd7aba025a8c63fd9a0398e4cad2a3a29ac,7e17062d451cc4cb997f3add672e10884ce690776d15f2924ba96c826c550a2a,0.6405452129887601,0.41386388131036295,0.0014955240557855596,0.23705722438062043,2.424020042956634,0.40572954830772384,"{""fixation_baked_in"":false,""material_value_ranges"":{""black"":[20,58],""gray"":[103,186],""white"":[132,244]},""palette_values"":{""black"":43,""gray"":154,""white"":201},""render"":{""background_color"":""white"",""figure_color"":""black"",""figure_region"":""vase"",""fixation_baked_in"":false,""shade_color"":"""",""shadow_dx"":0.0,""shadow_dy"":0.0,""shadow_max_radius"":0.065,""shadow_min_abs_component"":0.02,""shadow_pair_mirrored"":false,""shadow_seed"":4660403757175462071,""third_color"":""gray""}}"
oc-274578-heads__oa-sn-mv-pwg,oc-274578-heads,oc-274578-heads,8CAE2F5E0D4DF810EFF9F4C745FB3573574F75BAB604F6038E3833CFE0C473F4,CC0-1.0,outline-ambiguous__shading-none__material-vase__polarity-outer-white_center-gray,oa-sn-mv-pwg,ambiguous,none,vase,outer-white_center-gray,vase,,material,vase,gray,white,black,,0.0,0.0,False,14556568097437687257,78108,v2,png/oc-274578-heads__oa-sn-mv-pwg.png,svg/oc-274578-heads__oa-sn-mv-pwg.svg,23b6cfdc446ff9454fd9392b54e94f7d359184181ae23ae7c0a0caeff90a466e,a9114b8a30e7ce8870ca98ce10c6b238259b25d0fed973ffc9276fa1b2625254,0.7427185881371592,0.12310746016173084,0.0007690497539436106,0.23705722438062043,2.424020042956634,0.40572954830772384,"{""fixation_baked_in"":false,""material_value_ranges"":{""black"":[20,58],""gray"":[103,186],""white"":[132,244]},""palette_values"":{""black"":43,""gray"":154,""white"":201},""render"":{""background_color"":""white"",""figure_color"":""gray"",""figure_region"":""vase"",""fixation_baked_in"":false,""shade_color"":"""",""shadow_dx"":0.0,""shadow_dy"":0.0,""shadow_max_radius"":0.065,""shadow_min_abs_component"":0.02,""shadow_pair_mirrored"":false,""shadow_seed"":14556568097437687257,""third_color"":""black""}}"
oc-274578-heads__oa-sf-ma-pbg,oc-274578-heads,oc-274578-heads,8CAE2F5E0D4DF810EFF9F4C745FB3573574F75BAB604F6038E3833CFE0C473F4,CC0-1.0,outline-ambiguous__shading-figure__material-ambiguous__polarity-outer-black_center-gray,oa-sf-ma-pbg,ambiguous,figure,ambiguous,outer-black_center-gray,vase,,shading,vase,gray,black,white,white,0.04038650052680764,-0.04081227481722906,False,10304953636025344451,78108,v2,png/oc-274578-heads__oa-sf-ma-pbg.png,svg/oc-274578-heads__oa-sf-ma-pbg.svg,e8fbfb6785e5e3ef51f1e1805892475029fe3ca16109f4cd61fc14275043ddb0,577df5ef890a9006e8c17c1c233e1ab0a6f453805a38f222b1f4b39587ddee95,0.31125532412061496,0.7099937943186339,0.0014506163688593717,0.23705722438062043,2.424020042956634,0.40572954830772384,"{""fixation_baked_in"":false,""material_value_ranges"":{""black"":[20,58],""gray"":[103,186],""white"":[132,244]},""palette_values"":{""black"":43,""gray"":154,""white"":201},""render"":{""background_color"":""black"",""figure_color"":""gray"",""figure_region"":""vase"",""fixation_baked_in"":false,""shade_color"":""white"",""shadow_dx"":0.04038650052680764,""shadow_dy"":-0.04081227481722906,""shadow_max_radius"":0.065,""shadow_min_abs_component"":0.02,""shadow_pair_mirrored"":false,""shadow_seed"":10304953636025344451,""third_color"":""white""}}"
oc-274578-heads__oa-sf-ma-pbw,oc-274578-heads,oc-274578-heads,8CAE2F5E0D4DF810EFF9F4C745FB3573574F75BAB604F6038E3833CFE0C473F4,CC0-1.0,outline-ambiguous__shading-figure__material-ambiguous__polarity-outer-black_center-white,oa-sf-ma-pbw,ambiguous,figure,ambiguous,outer-black_center-white,vase,,shading,vase,white,black,gray,gray,0.024582451778461717,0.02007153010922617,False,12114843968469637278,78108,v2,png/oc-274578-heads__oa-sf-ma-pbw.png,svg/oc-274578-heads__oa-sf-ma-pbw.svg,d9abc3245f3a268c853a2e94eaf907a88f73d2b804071288604357a2ef3e90ca,d3df58977a218214a4e20181e8911ff8999ed0ed3e4bd65c9f5f8fe4561707c2,0.3312094482721067,0.8058762449410403,0.0013842730854560787,0.23705722438062043,2.424020042956634,0.40572954830772384,"{""fixation_baked_in"":false,""material_value_ranges"":{""black"":[20,58],""gray"":[103,186],""white"":[132,244]},""palette_values"":{""black"":43,""gray"":154,""white"":201},""render"":{""background_color"":""black"",""figure_color"":""white"",""figure_region"":""vase"",""fixation_baked_in"":false,""shade_color"":""gray"",""shadow_dx"":0.024582451778461717,""shadow_dy"":0.02007153010922617,""shadow_max_radius"":0.065,""shadow_min_abs_component"":0.02,""shadow_pair_mirrored"":false,""shadow_seed"":12114843968469637278,""third_color"":""gray""}}"
oc-274578-heads__oa-sf-ma-pgb,oc-274578-heads,oc-274578-heads,8CAE2F5E0D4DF810EFF9F4C745FB3573574F75BAB604F6038E3833CFE0C473F4,CC0-1.0,outline-ambiguous__shading-figure__material-ambiguous__polarity-outer-gray_center-black,oa-sf-ma-pgb,ambiguous,figure,ambiguous,outer-gray_center-black,vase,,shading,vase,black,gray,white,white,0.025177744290845405,-0.026159393858861953,False,222474964734735506,78108,v2,png/oc-274578-heads__oa-sf-ma-pgb.png,svg/oc-274578-heads__oa-sf-ma-pgb.svg,c717f38cc1f30802bf3ea974bbb0fa56e07fdf5ce3dc9711f43cd0f78f200338,9134d7f631454d8f9442cff1b993bba9fae9970b687816db60f4e85cc7c61714,0.5084731532078162,0.3787463299855083,0.001348173983669714,0.23705722438062043,2.424020042956634,0.40572954830772384,"{""fixation_baked_in"":false,""material_value_ranges"":{""black"":[20,58],""gray"":[103,186],""white"":[132,244]},""palette_values"":{""black"":43,""gray"":154,""white"":201},""render"":{""background_color"":""gray"",""figure_color"":""black"",""figure_region"":""vase"",""fixation_baked_in"":false,""shade_color"":""white"",""shadow_dx"":0.025177744290845405,""shadow_dy"":-0.026159393858861953,""shadow_max_radius"":0.065,""shadow_min_abs_component"":0.02,""shadow_pair_mirrored"":false,""shadow_seed"":222474964734735506,""third_color"":""white""}}"
oc-274578-heads__oa-sf-ma-pgw,oc-274578-heads,oc-274578-heads,8CAE2F5E0D4DF810EFF9F4C745FB3573574F75BAB604F6038E3833CFE0C473F4,CC0-1.0,outline-ambiguous__shading-figure__material-ambiguous__polarity-outer-gray_center-white,oa-sf-ma-pgw,ambiguous,figure,ambiguous,outer-gray_center-white,vase,,shading,vase,white,gray,black,black,0.04951328344465244,-0.021071406736105757,False,6403484573659756614,78108,v2,png/oc-274578-heads__oa-sf-ma-pgw.png,svg/oc-274578-heads__oa-sf-ma-pgw.svg,20c8395d5f9e28ebd0031feb0880508f9d7264cdb837c0f5341a3166281461af,d5555dd4e782b5e39d42e8841c7be61f0b7eb25d948ec81cdb799a6d2a3c4af5,0.6232940299838197,0.21585635531856984,0.0014010142638433672,0.23705722438062043,2.424020042956634,0.40572954830772384,"{""fixation_baked_in"":false,""material_value_ranges"":{""black"":[20,58],""gray"":[103,186],""white"":[132,244]},""palette_values"":{""black"":43,""gray"":154,""white"":201},""render"":{""background_color"":""gray"",""figure_color"":""white"",""figure_region"":""vase"",""fixation_baked_in"":false,""shade_color"":""black"",""shadow_dx"":0.04951328344465244,""shadow_dy"":-0.021071406736105757,""shadow_max_radius"":0.065,""shadow_min_abs_component"":0.02,""shadow_pair_mirrored"":false,""shadow_seed"":6403484573659756614,""third_color"":""black""}}"
oc-274578-heads__oa-sf-ma-pwb,oc-274578-heads,oc-274578-heads,8CAE2F5E0D4DF810EFF9F4C745FB3573574F75BAB604F6038E3833CFE0C473F4,CC0-1.0,outline-ambiguous__shading-figure__material-ambiguous__polarity-outer-white_center-black,oa-sf-ma-pwb,ambiguous,figure,ambiguous,outer-white_center-black,vase,,shading,vase,black,white,gray,gray,0.05067027775593095,-0.026135518530287002,False,1371559097219591693,78108,v2,png/oc-274578-heads__oa-sf-ma-pwb.png,svg/oc-274578-heads__oa-sf-ma-pwb.svg,94d18968767edd7ed07b2fc5c3ee93d0cd6ecc86a481ad071b9fcb6dd9b2c816,ffc12060a6a8dc2f8b86de77b8e77c1385839d5ad54b48e2c29ac9574818b48b,0.6303216822007125,0.41359691246536184,0.0013581954806604947,0.23705722438062043,2.424020042956634,0.40572954830772384,"{""fixation_baked_in"":false,""material_value_ranges"":{""black"":[20,58],""gray"":[103,186],""white"":[132,244]},""palette_values"":{""black"":43,""gray"":154,""white"":201},""render"":{""background_color"":""white"",""figure_color"":""black"",""figure_region"":""vase"",""fixation_baked_in"":false,""shade_color"":""gray"",""shadow_dx"":0.05067027775593095,""shadow_dy"":-0.026135518530287002,""shadow_max_radius"":0.065,""shadow_min_abs_component"":0.02,""shadow_pair_mirrored"":false,""shadow_seed"":1371559097219591693,""third_color"":""gray""}}"
oc-274578-heads__oa-sf-ma-pwg,oc-274578-heads,oc-274578-heads,8CAE2F5E0D4DF810EFF9F4C745FB3573574F75BAB604F6038E3833CFE0C473F4,CC0-1.0,outline-ambiguous__shading-figure__material-ambiguous__polarity-outer-white_center-gray,oa-sf-ma-pwg,ambiguous,figure,ambiguous,outer-white_center-gray,vase,,shading,vase,gray,white,black,black,0.029812017822659118,0.029746080553752885,False,7130675755928220542,78108,v2,png/oc-274578-heads__oa-sf-ma-pwg.png,svg/oc-274578-heads__oa-sf-ma-pwg.svg,df43c42afc3960cc0833f23ad0f251198c369d763efe928eb9dbc9fcd801ee9a,711b5643026a735701bd20f39f17d22c3d2b6a5eb08c9ff7f3dedd2733358e49,0.714853926265941,0.20220634519143402,0.0013016004147260076,0.23705722438062043,2.424020042956634,0.40572954830772384,"{""fixation_baked_in"":false,""material_value_ranges"":{""black"":[20,58],""gray"":[103,186],""white"":[132,244]},""palette_values"":{""black"":43,""gray"":154,""white"":201},""render"":{""background_color"":""white"",""figure_color"":""gray"",""figure_region"":""vase"",""fixation_baked_in"":false,""shade_color"":""black"",""shadow_dx"":0.029812017822659118,""shadow_dy"":0.029746080553752885,""shadow_max_radius"":0.065,""shadow_min_abs_component"":0.02,""shadow_pair_mirrored"":false,""shadow_seed"":7130675755928220542,""third_color"":""black""}}"
oc-274578-heads__of-sn-ma-pbg,oc-274578-heads,oc-274578-heads,8CAE2F5E0D4DF810EFF9F4C745FB3573574F75BAB604F6038E3833CFE0C473F4,CC0-1.0,outline-face__shading-none__material-ambiguous__polarity-outer-black_center-gray,of-sn-ma-pbg,face,none,ambiguous,outer-black_center-gray,face,outline,,face,black,gray,white,,0.0,0.0,False,8393968285416306862,78108,v2,png/oc-274578-heads__of-sn-ma-pbg.png,svg/oc-274578-heads__of-sn-ma-pbg.svg,49b16b6549945394d9194226ba8476e46aa4e2e62274fd6fb160bebd90e780e9,00a89a6b5afb39dea69971bd2e097568d24a1506f6914b7d11d1b1df66f88846,0.34319081399955,0.6211513055425083,0.0008040557376420754,0.23705722438062043,2.424020042956634,0.40572954830772384,"{""fixation_baked_in"":false,""material_value_ranges"":{""black"":[20,58],""gray"":[103,186],""white"":[132,244]},""palette_values"":{""black"":43,""gray"":154,""white"":201},""render"":{""background_color"":""gray"",""figure_color"":""black"",""figure_region"":""face"",""fixation_baked_in"":false,""shade_color"":"""",""shadow_dx"":0.0,""shadow_dy"":0.0,""shadow_max_radius"":0.065,""shadow_min_abs_component"":0.02,""shadow_pair_mirrored"":false,""shadow_seed"":8393968285416306862,""third_color"":""white""}}"
oc-274578-heads__of-sn-ma-pbw,oc-274578-heads,oc-274578-heads,8CAE2F5E0D4DF810EFF9F4C745FB3573574F75BAB604F6038E3833CFE0C473F4,CC0-1.0,outline-face__shading-none__material-ambiguous__polarity-outer-black_center-white,of-sn-ma-pbw,face,none,ambiguous,outer-black_center-white,face,outline,,face,black,white,gray,,0.0,0.0,False,3147544644998369603,78108,v2,png/oc-274578-heads__of-sn-ma-pbw.png,svg/oc-274578-heads__of-sn-ma-pbw.svg,fedb8876b0464eadab4a37c09fcfe12acee6240fcb99054ebbd7a36634892bbe,b09d9340616d6ce3cb6ed334b07d9ac92308ffb9fa2d1af85507e524a3690c8a,0.41710424610212743,0.7274828347736719,0.0011445245864719297,0.23705722438062043,2.424020042956634,0.40572954830772384,"{""fixation_baked_in"":false,""material_value_ranges"":{""black"":[20,58],""gray"":[103,186],""white"":[132,244]},""palette_values"":{""black"":43,""gray"":154,""white"":201},""render"":{""background_color"":""white"",""figure_color"":""black"",""figure_region"":""face"",""fixation_baked_in"":false,""shade_color"":"""",""shadow_dx"":0.0,""shadow_dy"":0.0,""shadow_max_radius"":0.065,""shadow_min_abs_component"":0.02,""shadow_pair_mirrored"":false,""shadow_seed"":3147544644998369603,""third_color"":""gray""}}"
oc-274578-heads__of-sn-ma-pgb,oc-274578-heads,oc-274578-heads,8CAE2F5E0D4DF810EFF9F4C745FB3573574F75BAB604F6038E3833CFE0C473F4,CC0-1.0,outline-face__shading-none__material-ambiguous__polarity-outer-gray_center-black,of-sn-ma-pgb,face,none,ambiguous,outer-gray_center-black,face,outline,,face,gray,black,white,,0.0,0.0,False,17520841973734540936,78108,v2,png/oc-274578-heads__of-sn-ma-pgb.png,svg/oc-274578-heads__of-sn-ma-pgb.svg,358f086feceeb9fe5f5909c8453e09f0bcc7602471820f8644e0c0666d666b6d,ba61f45f49e39f38409027635cb53e2203b62d2572aec52b4f6b36aa035afdec,0.42935963798971727,0.49649216702966964,0.0008040632247522665,0.23705722438062043,2.424020042956634,0.40572954830772384,"{""fixation_baked_in"":false,""material_value_ranges"":{""black"":[20,58],""gray"":[103,186],""white"":[132,244]},""palette_values"":{""black"":43,""gray"":154,""white"":201},""render"":{""background_color"":""black"",""figure_color"":""gray"",""figure_region"":""face"",""fixation_baked_in"":false,""shade_color"":"""",""shadow_dx"":0.0,""shadow_dy"":0.0,""shadow_max_radius"":0.065,""shadow_min_abs_component"":0.02,""shadow_pair_mirrored"":false,""shadow_seed"":17520841973734540936,""third_color"":""white""}}"
oc-274578-heads__of-sn-ma-pgw,oc-274578-heads,oc-274578-heads,8CAE2F5E0D4DF810EFF9F4C745FB3573574F75BAB604F6038E3833CFE0C473F4,CC0-1.0,outline-face__shading-none__material-ambiguous__polarity-outer-gray_center-white,of-sn-ma-pgw,face,none,ambiguous,outer-gray_center-white,face,outline,,face,gray,white,black,,0.0,0.0,False,1607555611981754651,78108,v2,png/oc-274578-heads__of-sn-ma-pgw.png,svg/oc-274578-heads__of-sn-ma-pgw.svg,492f0344f1e89d224723495cf423a19c0e4768d7a975f5e19563c0d75d954f88,63cf4966eedc0a4b06708477a3809b943d4e933a12b8b10fa80f0d6a255664d0,0.6778340956744026,0.1331629083817143,0.00034046136171966346,0.23705722438062043,2.424020042956634,0.40572954830772384,"{""fixation_baked_in"":false,""material_value_ranges"":{""black"":[20,58],""gray"":[103,186],""white"":[132,244]},""palette_values"":{""black"":43,""gray"":154,""white"":201},""render"":{""background_color"":""white"",""figure_color"":""gray"",""figure_region"":""face"",""fixation_baked_in"":false,""shade_color"":"""",""shadow_dx"":0.0,""shadow_dy"":0.0,""shadow_max_radius"":0.065,""shadow_min_abs_component"":0.02,""shadow_pair_mirrored"":false,""shadow_seed"":1607555611981754651,""third_color"":""black""}}"
oc-274578-heads__of-sn-ma-pwb,oc-274578-heads,oc-274578-heads,8CAE2F5E0D4DF810EFF9F4C745FB3573574F75BAB604F6038E3833CFE0C473F4,CC0-1.0,outline-face__shading-none__material-ambiguous__polarity-outer-white_center-black,of-sn-ma-pwb,face,none,ambiguous,outer-white_center-black,face,outline,,face,white,black,gray,,0.0,0.0,False,4233945055834611107,78108,v2,png/oc-274578-heads__of-sn-ma-pwb.png,svg/oc-274578-heads__of-sn-ma-pwb.svg,be25e9b2327ab64a300c08192b5973135d08b8e251102582986e4503586b05e7,d11650ab3484302f4ffbb1f405753b1d570adecacf735e6e4b1d26d5f20ffaa8,0.539758498995912,0.5621702667303607,0.0011445245864719297,0.23705722438062043,2.424020042956634,0.40572954830772384,"{""fixation_baked_in"":false,""material_value_ranges"":{""black"":[20,58],""gray"":[103,186],""white"":[132,244]},""palette_values"":{""black"":43,""gray"":154,""white"":201},""render"":{""background_color"":""black"",""figure_color"":""white"",""figure_region"":""face"",""fixation_baked_in"":false,""shade_color"":"""",""shadow_dx"":0.0,""shadow_dy"":0.0,""shadow_max_radius"":0.065,""shadow_min_abs_component"":0.02,""shadow_pair_mirrored"":false,""shadow_seed"":4233945055834611107,""third_color"":""gray""}}"
oc-274578-heads__of-sn-ma-pwg,oc-274578-heads,oc-274578-heads,8CAE2F5E0D4DF810EFF9F4C745FB3573574F75BAB604F6038E3833CFE0C473F4,CC0-1.0,outline-face__shading-none__material-ambiguous__polarity-outer-white_center-gray,of-sn-ma-pwg,face,none,ambiguous,outer-white_center-gray,face,outline,,face,white,gray,black,,0.0,0.0,False,12931324095578876379,78108,v2,png/oc-274578-heads__of-sn-ma-pwg.png,svg/oc-274578-heads__of-sn-ma-pwg.svg,c5b8278404bfe95ecf6f5a5fdd608937ee72846e57f457d4f5a19759c237dcdf,03510d3fe3a38659f0f41599b1207691ab30ad0d937e2bab05296b0fef51f53b,0.7143200818230124,0.12636131938761358,0.00034046136171966346,0.23705722438062043,2.424020042956634,0.40572954830772384,"{""fixation_baked_in"":false,""material_value_ranges"":{""black"":[20,58],""gray"":[103,186],""white"":[132,244]},""palette_values"":{""black"":43,""gray"":154,""white"":201},""render"":{""background_color"":""gray"",""figure_color"":""white"",""figure_region"":""face"",""fixation_baked_in"":false,""shade_color"":"""",""shadow_dx"":0.0,""shadow_dy"":0.0,""shadow_max_radius"":0.065,""shadow_min_abs_component"":0.02,""shadow_pair_mirrored"":false,""shadow_seed"":12931324095578876379,""third_color"":""black""}}"
oc-274578-heads__of-sf-ma-pbg,oc-274578-heads,oc-274578-heads,8CAE2F5E0D4DF810EFF9F4C745FB3573574F75BAB604F6038E3833CFE0C473F4,CC0-1.0,outline-face__shading-figure__material-ambiguous__polarity-outer-black_center-gray,of-sf-ma-pbg,face,figure,ambiguous,outer-black_center-gray,face,outline|shading,,face,black,gray,white,white,-0.03583190665692634,-0.027115233046964903,True,13672738810815419490,78108,v2,png/oc-274578-heads__of-sf-ma-pbg.png,svg/oc-274578-heads__of-sf-ma-pbg.svg,f6a8a5097aa821e18c16bdeac0f0bb1241817038a09918ca3a8e8725c2df35ed,a50819271d1d3b1a9deda1ac330e3c21b6a30f5dec120905c44b5264ab878654,0.3449476578656364,0.6262783305991708,0.0009097961948709102,0.23705722438062043,2.424020042956634,0.40572954830772384,"{""fixation_baked_in"":false,""material_value_ranges"":{""black"":[20,58],""gray"":[103,186],""white"":[132,244]},""palette_values"":{""black"":43,""gray"":154,""white"":201},""render"":{""background_color"":""gray"",""figure_color"":""black"",""figure_region"":""face"",""fixation_baked_in"":false,""shade_color"":""white"",""shadow_dx"":-0.03583190665692634,""shadow_dy"":-0.027115233046964903,""shadow_max_radius"":0.065,""shadow_min_abs_component"":0.02,""shadow_pair_mirrored"":true,""shadow_seed"":13672738810815419490,""third_color"":""white""}}"
oc-274578-heads__of-sf-ma-pbw,oc-274578-heads,oc-274578-heads,8CAE2F5E0D4DF810EFF9F4C745FB3573574F75BAB604F6038E3833CFE0C473F4,CC0-1.0,outline-face__shading-figure__material-ambiguous__polarity-outer-black_center-white,of-sf-ma-pbw,face,figure,ambiguous,outer-black_center-white,face,outline|shading,,face,black,white,gray,gray,0.025532775319304663,-0.030635518769571365,True,10135188765705121470,78108,v2,png/oc-274578-heads__of-sf-ma-pbw.png,svg/oc-274578-heads__of-sf-ma-pbw.svg,2095b6b3a615cf509334e67782adfa13877dd952f17f2a56c1499138963d348e,e9bcd37de5c747b3a6a444b41f265a58406453b3387e76f339149d710fdc2dca,0.40537851371017164,0.721042098918677,0.00116353435924712,0.23705722438062043,2.424020042956634,0.40572954830772384,"{""fixation_baked_in"":false,""material_value_ranges"":{""black"":[20,58],""gray"":[103,186],""white"":[132,244]},""palette_values"":{""black"":43,""gray"":154,""white"":201},""render"":{""background_color"":""white"",""figure_color"":""black"",""figure_region"":""face"",""fixation_baked_in"":false,""shade_color"":""gray"",""shadow_dx"":0.025532775319304663,""shadow_dy"":-0.030635518769571365,""shadow_max_radius"":0.065,""shadow_min_abs_component"":0.02,""shadow_pair_mirrored"":true,""shadow_seed"":10135188765705121470,""third_color"":""gray""}}"
oc-274578-heads__of-sf-ma-pgb,oc-274578-heads,oc-274578-heads,8CAE2F5E0D4DF810EFF9F4C745FB3573574F75BAB604F6038E3833CFE0C473F4,CC0-1.0,outline-face__shading-figure__material-ambiguous__polarity-outer-gray_center-black,of-sf-ma-pgb,face,figure,ambiguous,outer-gray_center-black,face,outline|shading,,face,gray,black,white,white,0.04088957245374903,-0.021671731321915754,True,8053979738840085580,78108,v2,png/oc-274578-heads__of-sf-ma-pgb.png,svg/oc-274578-heads__of-sf-ma-pgb.svg,c7fdb95f064727afd57df9f73fd9d39f6e7b3faae94305c19954df54d5d21071,58841cdc7065b7dba4d29a4abc11d34b3fd2cf302b7dc9469b5cce549c299eeb,0.47876042384727324,0.45645283607919845,0.0013496115088264045,0.23705722438062043,2.424020042956634,0.40572954830772384,"{""fixation_baked_in"":false,""material_value_ranges"":{""black"":[20,58],""gray"":[103,186],""white"":[132,244]},""palette_values"":{""black"":43,""gray"":154,""white"":201},""render"":{""background_color"":""black"",""figure_color"":""gray"",""figure_region"":""face"",""fixation_baked_in"":false,""shade_color"":""white"",""shadow_dx"":0.04088957245374903,""shadow_dy"":-0.021671731321915754,""shadow_max_radius"":0.065,""shadow_min_abs_component"":0.02,""shadow_pair_mirrored"":true,""shadow_seed"":8053979738840085580,""third_color"":""white""}}"
oc-274578-heads__of-sf-ma-pgw,oc-274578-heads,oc-274578-heads,8CAE2F5E0D4DF810EFF9F4C745FB3573574F75BAB604F6038E3833CFE0C473F4,CC0-1.0,outline-face__shading-figure__material-ambiguous__polarity-outer-gray_center-white,of-sf-ma-pgw,face,figure,ambiguous,outer-gray_center-white,face,outline|shading,,face,gray,white,black,black,-0.04727310004144476,0.021959510503297714,True,1681335516358779909,78108,v2,png/oc-274578-heads__of-sf-ma-pgw.png,svg/oc-274578-heads__of-sf-ma-pgw.svg,1bb8385908135de1432348db79c569e4ec7d51871dbed0d833d0f4815bd5f81b,8c1560258bfe4517ace924f50bb153809eddd523a23499ea2ff5b5bbe89439ac,0.6707417656393612,0.15542970048079935,0.0006352476077185517,0.23705722438062043,2.424020042956634,0.40572954830772384,"{""fixation_baked_in"":false,""material_value_ranges"":{""black"":[20,58],""gray"":[103,186],""white"":[132,244]},""palette_values"":{""black"":43,""gray"":154,""white"":201},""render"":{""background_color"":""white"",""figure_color"":""gray"",""figure_region"":""face"",""fixation_baked_in"":false,""shade_color"":""black"",""shadow_dx"":-0.04727310004144476,""shadow_dy"":0.021959510503297714,""shadow_max_radius"":0.065,""shadow_min_abs_component"":0.02,""shadow_pair_mirrored"":true,""shadow_seed"":1681335516358779909,""third_color"":""black""}}"
oc-274578-heads__of-sf-ma-pwb,oc-274578-heads,oc-274578-heads,8CAE2F5E0D4DF810EFF9F4C745FB3573574F75BAB604F6038E3833CFE0C473F4,CC0-1.0,outline-face__shading-figure__material-ambiguous__polarity-outer-white_center-black,of-sf-ma-pwb,face,figure,ambiguous,outer-white_center-black,face,outline|shading,,face,white,black,gray,gray,-0.027209348491979434,-0.0260654446639051,True,17804419787776746027,78108,v2,png/oc-274578-heads__of-sf-ma-pwb.png,svg/oc-274578-heads__of-sf-ma-pwb.svg,73b0fff85dadb0b4954ad1b6bd52c821278de2374807f93a1fda8838c69c995a,45addb47ff0b4ce8258162af0f28d4a965b7dedc8f4ee3fbe69febf76a30c094,0.5442564459408032,0.5532541371359374,0.0011556392015506104,0.23705722438062043,2.424020042956634,0.40572954830772384,"{""fixation_baked_in"":false,""material_value_ranges"":{""black"":[20,58],""gray"":[103,186],""white"":[132,244]},""palette_values"":{""black"":43,""gray"":154,""white"":201},""render"":{""background_color"":""black"",""figure_color"":""white"",""figure_region"":""face"",""fixation_baked_in"":false,""shade_color"":""gray"",""shadow_dx"":-0.027209348491979434,""shadow_dy"":-0.0260654446639051,""shadow_max_radius"":0.065,""shadow_min_abs_component"":0.02,""shadow_pair_mirrored"":true,""shadow_seed"":17804419787776746027,""third_color"":""gray""}}"
oc-274578-heads__of-sf-ma-pwg,oc-274578-heads,oc-274578-heads,8CAE2F5E0D4DF810EFF9F4C745FB3573574F75BAB604F6038E3833CFE0C473F4,CC0-1.0,outline-face__shading-figure__material-ambiguous__polarity-outer-white_center-gray,of-sf-ma-pwg,face,figure,ambiguous,outer-white_center-gray,face,outline|shading,,face,white,gray,black,black,-0.0408752569338634,-0.03789866151394928,True,16946881416797473124,78108,v2,png/oc-274578-heads__of-sf-ma-pwg.png,svg/oc-274578-heads__of-sf-ma-pwg.svg,fa8fdc90807463354267f467054e200f2f2f3e6a13244339dcc194a35ee56cd3,736487db58e47fa690f6d683bdf636b0b1af91aeb8cae336f253d93b1743e5a4,0.7080928802490236,0.15579133640596363,0.0006235901771510169,0.23705722438062043,2.424020042956634,0.40572954830772384,"{""fixation_baked_in"":false,""material_value_ranges"":{""black"":[20,58],""gray"":[103,186],""white"":[132,244]},""palette_values"":{""black"":43,""gray"":154,""white"":201},""render"":{""background_color"":""gray"",""figure_color"":""white"",""figure_region"":""face"",""fixation_baked_in"":false,""shade_color"":""black"",""shadow_dx"":-0.0408752569338634,""shadow_dy"":-0.03789866151394928,""shadow_max_radius"":0.065,""shadow_min_abs_component"":0.02,""shadow_pair_mirrored"":true,""shadow_seed"":16946881416797473124,""third_color"":""black""}}"
